+ . /gpfs/f6/gfs-cpu/scratch/Tseganeh.Gichamo/global-workflow/ush/load_fv3gfs_modules.sh
++ [[ hxB == *x* ]]
++ set_x=YES
++ [[ NO == \N\O ]]
++ echo 'Loading modules quietly...'
Loading modules quietly...
++ set +x
Running "module reset". Resetting modules to system default. The following $MODULEPATH directories have been removed: None

Lmod is automatically replacing "intel/2025.0" with "intel-classic/2023.2.0".


The following have been reloaded with a version change:
  1) PrgEnv-intel/8.6.0 => PrgEnv-intel/8.5.0
  2) cray-mpich/8.1.32 => cray-mpich/8.1.29
  3) craype/2.7.34 => craype/2.7.30


Currently Loaded Modules:
  1) craype-x86-genoa
  2) perftools-base/25.03.0
  3) xpmem/2.9.6-1.1_20240510205610__g087dc11fc19d
  4) cray-pmi/6.1.15
  5) CmrsEnv/default
  6) TimeZoneEDT/default
  7) DefApps/default
  8) cray-dsmml/0.3.1
  9) PrgEnv-intel/8.5.0
 10) intel-classic/2023.2.0
 11) craype/2.7.30
 12) stack-intel/2023.2.0
 13) libfabric/1.20.1
 14) craype-network-ofi
 15) cray-mpich/8.1.29
 16) stack-cray-mpich/8.1.29
 17) gettext/0.20.2
 18) libxcrypt/4.4.35
 19) zlib/1.2.13
 20) sqlite/3.43.2
 21) util-linux-uuid/2.38.1
 22) python/3.11.6
 23) libjpeg/2.1.0
 24) jasper/2.0.32
 25) libpng/1.6.37
 26) openjpeg/2.3.1
 27) eccodes/2.32.0
 28) fftw/3.3.10
 29) nghttp2/1.57.0
 30) curl/8.4.0
 31) proj/9.2.1
 32) udunits/2.2.28
 33) cdo/2.2.0
 34) pkg-config/0.29.2
 35) hdf5/1.14.0
 36) snappy/1.1.10
 37) zstd/1.5.2
 38) c-blosc/1.21.5
 39) netcdf-c/4.9.2
 40) netcdf-fortran/4.6.1
 41) parallel-netcdf/1.12.2
 42) parallelio/2.5.10
 43) esmf/8.6.0
 44) perlbrew/5.38.2
 45) antlr/2.7.7
 46) gsl/2.7.1
 47) nco/5.0.6
 48) bacio/2.4.1
 49) w3emc/2.10.0
 50) prod_util/2.1.1
 51) g2/3.4.5
 52) sp/2.5.0
 53) ip/4.3.0
 54) grib-util/1.3.0
 55) g2tmpl/1.13.0
 56) gsi-ncdiag/1.1.2
 57) crtm-fix/2.4.0.1_emc
 58) git-lfs/2.11.0
 59) crtm/2.4.0.1
 60) openblas/0.3.24
 61) py-setuptools/63.4.3
 62) py-numpy/1.23.4
 63) bufr/11.7.0
 64) gmake/4.2.1
 65) wgrib2/2.0.8
 66) py-cftime/1.0.3.4
 67) py-netcdf4/1.5.8
 68) py-f90nml/1.4.3
 69) libyaml/0.2.5
 70) py-pyyaml/6.0
 71) py-markupsafe/2.1.3
 72) py-jinja2/3.1.2
 73) py-bottleneck/1.3.7
 74) py-numexpr/2.8.4
 75) py-et-xmlfile/1.0.1
 76) py-openpyxl/3.1.2
 77) py-pytz/2023.3
 78) py-pyxlsb/1.0.10
 79) py-xlrd/2.0.1
 80) py-xlsxwriter/3.1.7
 81) py-xlwt/1.3.0
 82) py-pandas/1.5.3
 83) py-six/1.16.0
 84) py-python-dateutil/2.8.2
 85) g2c/1.8.0
 86) netcdf-cxx4/4.3.1
 87) met/9.1.3
 88) metplus/3.1.1
 89) py-packaging/23.1
 90) py-xarray/2023.7.0
 91) prepobs/1.1.0
 92) fit2obs/1.1.7.1
 93) hsi/9.3
 94) module_base.gaeac6

 

++ wxflowPATH=/gpfs/f6/gfs-cpu/scratch/Tseganeh.Gichamo/global-workflow/ush/python
++ PYTHONPATH=/autofs/ncrc-svm1_proj/epic/spack-stack/c6/spack-stack-1.6.0/envs/gsi-addon-dev-fms-2024.01/install/intel/2023.2.0/py-xarray-2023.7.0-ozoxbgs/lib/python3.11/site-packages:/autofs/ncrc-svm1_proj/epic/spack-stack/c6/spack-stack-1.6.0/envs/gsi-addon-dev-fms-2024.01/install/intel/2023.2.0/py-packaging-23.1-sep32z3/lib/python3.11/site-packages:/autofs/ncrc-svm1_proj/epic/spack-stack/c6/spack-stack-1.6.0/envs/gsi-addon-dev-fms-2024.01/install/intel/2023.2.0/py-python-dateutil-2.8.2-bxlqjfj/lib/python3.11/site-packages:/autofs/ncrc-svm1_proj/epic/spack-stack/c6/spack-stack-1.6.0/envs/gsi-addon-dev-fms-2024.01/install/intel/2023.2.0/py-six-1.16.0-j3lczkg/lib/python3.11/site-packages:/autofs/ncrc-svm1_proj/epic/spack-stack/c6/spack-stack-1.6.0/envs/gsi-addon-dev-fms-2024.01/install/intel/2023.2.0/py-pandas-1.5.3-wyb2e7x/lib/python3.11/site-packages:/autofs/ncrc-svm1_proj/epic/spack-stack/c6/spack-stack-1.6.0/envs/gsi-addon-dev-fms-2024.01/install/intel/2023.2.0/py-xlwt-1.3.0-tzgvwhp/lib/python3.11/site-packages:/autofs/ncrc-svm1_proj/epic/spack-stack/c6/spack-stack-1.6.0/envs/gsi-addon-dev-fms-2024.01/install/intel/2023.2.0/py-xlsxwriter-3.1.7-vsx375z/lib/python3.11/site-packages:/autofs/ncrc-svm1_proj/epic/spack-stack/c6/spack-stack-1.6.0/envs/gsi-addon-dev-fms-2024.01/install/intel/2023.2.0/py-xlrd-2.0.1-7f7n55b/lib/python3.11/site-packages:/autofs/ncrc-svm1_proj/epic/spack-stack/c6/spack-stack-1.6.0/envs/gsi-addon-dev-fms-2024.01/install/intel/2023.2.0/py-pyxlsb-1.0.10-yf2yish/lib/python3.11/site-packages:/autofs/ncrc-svm1_proj/epic/spack-stack/c6/spack-stack-1.6.0/envs/gsi-addon-dev-fms-2024.01/install/intel/2023.2.0/py-pytz-2023.3-wbjoep3/lib/python3.11/site-packages:/autofs/ncrc-svm1_proj/epic/spack-stack/c6/spack-stack-1.6.0/envs/gsi-addon-dev-fms-2024.01/install/intel/2023.2.0/py-openpyxl-3.1.2-3g7ehn2/lib/python3.11/site-packages:/autofs/ncrc-svm1_proj/epic/spack-stack/c6/spack-stack-1.6.0/envs/gsi-addon-dev-fms-2024.01/install/intel/2023.2.0/py-et-xmlfile-1.0.1-iprhnfe/lib/python3.11/site-packages:/autofs/ncrc-svm1_proj/epic/spack-stack/c6/spack-stack-1.6.0/envs/gsi-addon-dev-fms-2024.01/install/intel/2023.2.0/py-numexpr-2.8.4-svc4zzb/lib/python3.11/site-packages:/autofs/ncrc-svm1_proj/epic/spack-stack/c6/spack-stack-1.6.0/envs/gsi-addon-dev-fms-2024.01/install/intel/2023.2.0/py-bottleneck-1.3.7-w3cslfi/lib/python3.11/site-packages:/autofs/ncrc-svm1_proj/epic/spack-stack/c6/spack-stack-1.6.0/envs/gsi-addon-dev-fms-2024.01/install/intel/2023.2.0/py-jinja2-3.1.2-dziq6px/lib/python3.11/site-packages:/autofs/ncrc-svm1_proj/epic/spack-stack/c6/spack-stack-1.6.0/envs/gsi-addon-dev-fms-2024.01/install/intel/2023.2.0/py-markupsafe-2.1.3-izecrid/lib/python3.11/site-packages:/autofs/ncrc-svm1_proj/epic/spack-stack/c6/spack-stack-1.6.0/envs/gsi-addon-dev-fms-2024.01/install/intel/2023.2.0/py-pyyaml-6.0-g3ruzyd/lib/python3.11/site-packages:/autofs/ncrc-svm1_proj/epic/spack-stack/c6/spack-stack-1.6.0/envs/gsi-addon-dev-fms-2024.01/install/intel/2023.2.0/py-f90nml-1.4.3-sqdas3d/lib/python3.11/site-packages:/autofs/ncrc-svm1_proj/epic/spack-stack/c6/spack-stack-1.6.0/envs/gsi-addon-dev-fms-2024.01/install/intel/2023.2.0/py-netcdf4-1.5.8-444i5pm/lib/python3.11/site-packages:/autofs/ncrc-svm1_proj/epic/spack-stack/c6/spack-stack-1.6.0/envs/gsi-addon-dev-fms-2024.01/install/intel/2023.2.0/py-cftime-1.0.3.4-dgtglhq/lib/python3.11/site-packages:/autofs/ncrc-svm1_proj/epic/spack-stack/c6/spack-stack-1.6.0/envs/gsi-addon-dev-fms-2024.01/install/intel/2023.2.0/bufr-11.7.0-2pzpov2/lib64/python3.11/site-packages:/autofs/ncrc-svm1_proj/epic/spack-stack/c6/spack-stack-1.6.0/envs/gsi-addon-dev-fms-2024.01/install/intel/2023.2.0/bufr-11.7.0-2pzpov2/lib/python3.11/site-packages:/autofs/ncrc-svm1_proj/epic/spack-stack/c6/spack-stack-1.6.0/envs/gsi-addon-dev-fms-2024.01/install/intel/2023.2.0/py-numpy-1.23.4-ir4kiqb/lib/python3.11/site-packages:/autofs/ncrc-svm1_proj/epic/spack-stack/c6/spack-stack-1.6.0/envs/gsi-addon-dev-fms-2024.01/install/intel/2023.2.0/py-setuptools-63.4.3-qi6dp6j/lib/python3.11/site-packages:/gpfs/f6/gfs-cpu/scratch/Tseganeh.Gichamo/global-workflow/ush:/gpfs/f6/gfs-cpu/scratch/Tseganeh.Gichamo/global-workflow/ush/python
++ export PYTHONPATH
++ ulimit -S -s 1048576
++ unset ulimit_s
+ status=0
+ [[ 0 -ne 0 ]]
+ export job=earc_tars
+ job=earc_tars
+ export jobid=earc_tars.3560393
+ jobid=earc_tars.3560393
+ /gpfs/f6/gfs-cpu/scratch/Tseganeh.Gichamo/global-workflow/jobs/JGLOBAL_ENS_ARCHIVE_TARS
Begin /gpfs/f6/gfs-cpu/scratch/Tseganeh.Gichamo/global-workflow/jobs/JGLOBAL_ENS_ARCHIVE_TARS at Wed 16 Jul 2025 06:00:26 AM UTC
++ jjob_header.sh[46]OPTIND=1
++ jjob_header.sh[47]getopts c:e: option
++ jjob_header.sh[48]case "${option}" in
++ jjob_header.sh[50]env_job=earc_tars
++ jjob_header.sh[47]getopts c:e: option
++ jjob_header.sh[48]case "${option}" in
++ jjob_header.sh[49]read -ra configs
++ jjob_header.sh[47]getopts c:e: option
++ jjob_header.sh[61]shift 4
++ jjob_header.sh[63][[ -z earc_tars ]]
++ jjob_header.sh[71]export DATA=/gpfs/f6/gfs-cpu/world-shared/Tseganeh.Gichamo/RUNDIRS/maysoilda/enkfgdas.2022050512/earc_tars.3560393
++ jjob_header.sh[71]DATA=/gpfs/f6/gfs-cpu/world-shared/Tseganeh.Gichamo/RUNDIRS/maysoilda/enkfgdas.2022050512/earc_tars.3560393
++ jjob_header.sh[72][[ YES == \Y\E\S ]]
++ jjob_header.sh[73]rm -rf /gpfs/f6/gfs-cpu/world-shared/Tseganeh.Gichamo/RUNDIRS/maysoilda/enkfgdas.2022050512/earc_tars.3560393
++ jjob_header.sh[75]mkdir -p /gpfs/f6/gfs-cpu/world-shared/Tseganeh.Gichamo/RUNDIRS/maysoilda/enkfgdas.2022050512/earc_tars.3560393
++ jjob_header.sh[76]cd /gpfs/f6/gfs-cpu/world-shared/Tseganeh.Gichamo/RUNDIRS/maysoilda/enkfgdas.2022050512/earc_tars.3560393
++ jjob_header.sh[85]export pid=3560433
++ jjob_header.sh[85]pid=3560433
++ jjob_header.sh[86]export pgmout=OUTPUT.3560433
++ jjob_header.sh[86]pgmout=OUTPUT.3560433
++ jjob_header.sh[87]export pgmerr=errfile
++ jjob_header.sh[87]pgmerr=errfile
++ jjob_header.sh[90]export pgm=
++ jjob_header.sh[90]pgm=
++ jjob_header.sh[96]export cycle=t12z
++ jjob_header.sh[96]cycle=t12z
++ jjob_header.sh[97]setpdy.sh
+ setpdy.sh[20]'[' /gpfs/f6/gfs-cpu/world-shared/Tseganeh.Gichamo/RUNDIRS/maysoilda/enkfgdas.2022050512/earc_tars.3560393 == /ncrc/home2/Tseganeh.Gichamo ']'
+ setpdy.sh[25][[ ! t12z =~ t??z ]]
+ setpdy.sh[30]case $# in
+ setpdy.sh[31]dates_before_PDY=7
+ setpdy.sh[32]dates_after_PDY=7
+ setpdy.sh[50]COMDATEROOT=/gpfs/f6/gfs-cpu/scratch/Tseganeh.Gichamo/COMROOT/
+ setpdy.sh[53]'[' -z 20220505 ']'
+ setpdy.sh[57]sed 's/[0-9]\{8\}/20220505/' /gpfs/f6/gfs-cpu/scratch/Tseganeh.Gichamo/COMROOT//date/t12z
sed: can't read /gpfs/f6/gfs-cpu/scratch/Tseganeh.Gichamo/COMROOT//date/t12z: No such file or directory
++ jjob_header.sh[97]true
++ jjob_header.sh[98]source ./PDY
/gpfs/f6/gfs-cpu/scratch/Tseganeh.Gichamo/global-workflow/ush/jjob_header.sh: line 98: ./PDY: No such file or directory
++ jjob_header.sh[98]true
++ jjob_header.sh[104]export EXPDIR=/gpfs/f6/gfs-cpu/scratch/Tseganeh.Gichamo/EXPDIR//maysoilda
++ jjob_header.sh[104]EXPDIR=/gpfs/f6/gfs-cpu/scratch/Tseganeh.Gichamo/EXPDIR//maysoilda
++ jjob_header.sh[105]for config in "${configs[@]:-''}"
++ jjob_header.sh[106]source /gpfs/f6/gfs-cpu/scratch/Tseganeh.Gichamo/EXPDIR//maysoilda/config.base
+++ config.base[6]echo 'BEGIN: config.base'
BEGIN: config.base
+++ config.base[9]export machine=GAEAC6
+++ config.base[9]machine=GAEAC6
+++ config.base[12]export RUN_ENVIR=emc
+++ config.base[12]RUN_ENVIR=emc
+++ config.base[15]export ACCOUNT=gfs-cpu
+++ config.base[15]ACCOUNT=gfs-cpu
+++ config.base[16]export QUEUE=normal
+++ config.base[16]QUEUE=normal
+++ config.base[17]export QUEUE_SERVICE=normal
+++ config.base[17]QUEUE_SERVICE=normal
+++ config.base[18]export QUEUE_DTN=hpss
+++ config.base[18]QUEUE_DTN=hpss
+++ config.base[19]export PARTITION_BATCH=batch
+++ config.base[19]PARTITION_BATCH=batch
+++ config.base[20]export PARTITION_SERVICE=batch
+++ config.base[20]PARTITION_SERVICE=batch
+++ config.base[21]export PARTITION_DTN=dtn_f5_f6
+++ config.base[21]PARTITION_DTN=dtn_f5_f6
+++ config.base[22]export RESERVATION=
+++ config.base[22]RESERVATION=
+++ config.base[23]export CLUSTERS=c6
+++ config.base[23]CLUSTERS=c6
+++ config.base[24]export CLUSTERS_SERVICE=c6
+++ config.base[24]CLUSTERS_SERVICE=c6
+++ config.base[25]export CLUSTERS_DTN=es
+++ config.base[25]CLUSTERS_DTN=es
+++ config.base[28]export HPSS_PROJECT=emc-da
+++ config.base[28]HPSS_PROJECT=emc-da
+++ config.base[31]export HOMEgfs=/gpfs/f6/gfs-cpu/scratch/Tseganeh.Gichamo/global-workflow
+++ config.base[31]HOMEgfs=/gpfs/f6/gfs-cpu/scratch/Tseganeh.Gichamo/global-workflow
+++ config.base[32]export EXECgfs=/gpfs/f6/gfs-cpu/scratch/Tseganeh.Gichamo/global-workflow/exec
+++ config.base[32]EXECgfs=/gpfs/f6/gfs-cpu/scratch/Tseganeh.Gichamo/global-workflow/exec
+++ config.base[33]export FIXgfs=/gpfs/f6/gfs-cpu/scratch/Tseganeh.Gichamo/global-workflow/fix
+++ config.base[33]FIXgfs=/gpfs/f6/gfs-cpu/scratch/Tseganeh.Gichamo/global-workflow/fix
+++ config.base[34]export PARMgfs=/gpfs/f6/gfs-cpu/scratch/Tseganeh.Gichamo/global-workflow/parm
+++ config.base[34]PARMgfs=/gpfs/f6/gfs-cpu/scratch/Tseganeh.Gichamo/global-workflow/parm
+++ config.base[35]export SCRgfs=/gpfs/f6/gfs-cpu/scratch/Tseganeh.Gichamo/global-workflow/scripts
+++ config.base[35]SCRgfs=/gpfs/f6/gfs-cpu/scratch/Tseganeh.Gichamo/global-workflow/scripts
+++ config.base[36]export USHgfs=/gpfs/f6/gfs-cpu/scratch/Tseganeh.Gichamo/global-workflow/ush
+++ config.base[36]USHgfs=/gpfs/f6/gfs-cpu/scratch/Tseganeh.Gichamo/global-workflow/ush
+++ config.base[38]export FIXam=/gpfs/f6/gfs-cpu/scratch/Tseganeh.Gichamo/global-workflow/fix/am
+++ config.base[38]FIXam=/gpfs/f6/gfs-cpu/scratch/Tseganeh.Gichamo/global-workflow/fix/am
+++ config.base[39]export FIXaer=/gpfs/f6/gfs-cpu/scratch/Tseganeh.Gichamo/global-workflow/fix/aer
+++ config.base[39]FIXaer=/gpfs/f6/gfs-cpu/scratch/Tseganeh.Gichamo/global-workflow/fix/aer
+++ config.base[40]export FIXcpl=/gpfs/f6/gfs-cpu/scratch/Tseganeh.Gichamo/global-workflow/fix/cpl
+++ config.base[40]FIXcpl=/gpfs/f6/gfs-cpu/scratch/Tseganeh.Gichamo/global-workflow/fix/cpl
+++ config.base[41]export FIXlut=/gpfs/f6/gfs-cpu/scratch/Tseganeh.Gichamo/global-workflow/fix/lut
+++ config.base[41]FIXlut=/gpfs/f6/gfs-cpu/scratch/Tseganeh.Gichamo/global-workflow/fix/lut
+++ config.base[42]export FIXcice=/gpfs/f6/gfs-cpu/scratch/Tseganeh.Gichamo/global-workflow/fix/cice
+++ config.base[42]FIXcice=/gpfs/f6/gfs-cpu/scratch/Tseganeh.Gichamo/global-workflow/fix/cice
+++ config.base[43]export FIXmom=/gpfs/f6/gfs-cpu/scratch/Tseganeh.Gichamo/global-workflow/fix/mom6
+++ config.base[43]FIXmom=/gpfs/f6/gfs-cpu/scratch/Tseganeh.Gichamo/global-workflow/fix/mom6
+++ config.base[44]export FIXreg2grb2=/gpfs/f6/gfs-cpu/scratch/Tseganeh.Gichamo/global-workflow/fix/reg2grb2
+++ config.base[44]FIXreg2grb2=/gpfs/f6/gfs-cpu/scratch/Tseganeh.Gichamo/global-workflow/fix/reg2grb2
+++ config.base[45]export FIXgdas=/gpfs/f6/gfs-cpu/scratch/Tseganeh.Gichamo/global-workflow/fix/gdas
+++ config.base[45]FIXgdas=/gpfs/f6/gfs-cpu/scratch/Tseganeh.Gichamo/global-workflow/fix/gdas
+++ config.base[50]export PACKAGEROOT=/gpfs/f6/drsa-precip3/world-shared/role.glopara/nwpara
+++ config.base[50]PACKAGEROOT=/gpfs/f6/drsa-precip3/world-shared/role.glopara/nwpara
+++ config.base[51]export COMROOT=/gpfs/f6/gfs-cpu/scratch/Tseganeh.Gichamo/COMROOT/
+++ config.base[51]COMROOT=/gpfs/f6/gfs-cpu/scratch/Tseganeh.Gichamo/COMROOT/
+++ config.base[52]export COMINsyn=/gpfs/f6/drsa-precip3/world-shared/role.glopara/com/syndat
+++ config.base[52]COMINsyn=/gpfs/f6/drsa-precip3/world-shared/role.glopara/com/syndat
+++ config.base[53]export DMPDIR=/gpfs/f6/drsa-precip3/world-shared/role.glopara/dump
+++ config.base[53]DMPDIR=/gpfs/f6/drsa-precip3/world-shared/role.glopara/dump
+++ config.base[57]export 'COMINecmwf={{ COMINecmwf }}'
+++ config.base[57]COMINecmwf='{{ COMINecmwf }}'
+++ config.base[58]export 'COMINnam={{ COMINnam }}'
+++ config.base[58]COMINnam='{{ COMINnam }}'
+++ config.base[59]export 'COMINukmet={{ COMINukmet }}'
+++ config.base[59]COMINukmet='{{ COMINukmet }}'
+++ config.base[62]export HOMEDIR=/gpfs/f6/gfs-cpu/world-shared/Tseganeh.Gichamo
+++ config.base[62]HOMEDIR=/gpfs/f6/gfs-cpu/world-shared/Tseganeh.Gichamo
+++ config.base[63]export STMP=/gpfs/f6/gfs-cpu/world-shared/Tseganeh.Gichamo
+++ config.base[63]STMP=/gpfs/f6/gfs-cpu/world-shared/Tseganeh.Gichamo
+++ config.base[64]export PTMP=/gpfs/f6/gfs-cpu/world-shared/Tseganeh.Gichamo
+++ config.base[64]PTMP=/gpfs/f6/gfs-cpu/world-shared/Tseganeh.Gichamo
+++ config.base[65]export NOSCRUB=/gpfs/f6/gfs-cpu/world-shared/Tseganeh.Gichamo
+++ config.base[65]NOSCRUB=/gpfs/f6/gfs-cpu/world-shared/Tseganeh.Gichamo
+++ config.base[68]export BASE_GIT=/gpfs/f6/drsa-precip3/world-shared/role.glopara/git
+++ config.base[68]BASE_GIT=/gpfs/f6/drsa-precip3/world-shared/role.glopara/git
+++ config.base[71]export BASE_DATA=/gpfs/f6/drsa-precip3/world-shared/role.glopara/data
+++ config.base[71]BASE_DATA=/gpfs/f6/drsa-precip3/world-shared/role.glopara/data
+++ config.base[74]export DO_PREP_SFC=NO
+++ config.base[74]DO_PREP_SFC=NO
+++ config.base[77]export DO_GOES=NO
+++ config.base[77]DO_GOES=NO
+++ config.base[78]export DO_BUFRSND=NO
+++ config.base[78]DO_BUFRSND=NO
+++ config.base[79]export DO_GEMPAK=NO
+++ config.base[79]DO_GEMPAK=NO
+++ config.base[80]export DO_AWIPS=NO
+++ config.base[80]DO_AWIPS=NO
+++ config.base[81]export DO_NPOESS=NO
+++ config.base[81]DO_NPOESS=NO
+++ config.base[82]export DO_TRACKER=YES
+++ config.base[82]DO_TRACKER=YES
+++ config.base[83]export DO_GENESIS=YES
+++ config.base[83]DO_GENESIS=YES
+++ config.base[84]export DO_GENESIS_FSU=NO
+++ config.base[84]DO_GENESIS_FSU=NO
+++ config.base[85]export DO_VERFOZN=YES
+++ config.base[85]DO_VERFOZN=YES
+++ config.base[86]export DO_VERFRAD=YES
+++ config.base[86]DO_VERFRAD=YES
+++ config.base[87]export DO_VMINMON=YES
+++ config.base[87]DO_VMINMON=YES
+++ config.base[88]export DO_ANLSTAT=NO
+++ config.base[88]DO_ANLSTAT=NO
+++ config.base[91]export MODE=cycled
+++ config.base[91]MODE=cycled
+++ config.base[92]export DO_TEST_MODE=NO
+++ config.base[92]DO_TEST_MODE=NO
+++ config.base[101]export FIXgsi=/gpfs/f6/gfs-cpu/scratch/Tseganeh.Gichamo/global-workflow/fix/gsi
+++ config.base[101]FIXgsi=/gpfs/f6/gfs-cpu/scratch/Tseganeh.Gichamo/global-workflow/fix/gsi
+++ config.base[102]export HOMEpost=/gpfs/f6/gfs-cpu/scratch/Tseganeh.Gichamo/global-workflow
+++ config.base[102]HOMEpost=/gpfs/f6/gfs-cpu/scratch/Tseganeh.Gichamo/global-workflow
+++ config.base[103]export HOMEobsproc=/gpfs/f6/drsa-precip3/world-shared/role.glopara/git/obsproc/v1.2.0
+++ config.base[103]HOMEobsproc=/gpfs/f6/drsa-precip3/world-shared/role.glopara/git/obsproc/v1.2.0
+++ config.base[106]export NMV=/bin/mv
+++ config.base[106]NMV=/bin/mv
+++ config.base[107]export 'NLN=/bin/ln -sf'
+++ config.base[107]NLN='/bin/ln -sf'
+++ config.base[108]export VERBOSE=YES
+++ config.base[108]VERBOSE=YES
+++ config.base[109]export KEEPDATA=NO
+++ config.base[109]KEEPDATA=NO
+++ config.base[110]export DEBUG_POSTSCRIPT=NO
+++ config.base[110]DEBUG_POSTSCRIPT=NO
+++ config.base[111]export CHGRP_RSTPROD=NO
+++ config.base[111]CHGRP_RSTPROD=NO
+++ config.base[112]export 'CHGRP_CMD=chgrp rstprod'
+++ config.base[112]CHGRP_CMD='chgrp rstprod'
+++ config.base[113]export NCDUMP=/autofs/ncrc-svm1_proj/epic/spack-stack/c6/spack-stack-1.6.0/envs/unified-env/install/intel/2023.2.0/netcdf-c-4.9.2-ltruqgg/bin/ncdump
+++ config.base[113]NCDUMP=/autofs/ncrc-svm1_proj/epic/spack-stack/c6/spack-stack-1.6.0/envs/unified-env/install/intel/2023.2.0/netcdf-c-4.9.2-ltruqgg/bin/ncdump
+++ config.base[114]export NCLEN=/gpfs/f6/gfs-cpu/scratch/Tseganeh.Gichamo/global-workflow/ush/getncdimlen
+++ config.base[114]NCLEN=/gpfs/f6/gfs-cpu/scratch/Tseganeh.Gichamo/global-workflow/ush/getncdimlen
+++ config.base[117]export BASE_ENV=/gpfs/f6/gfs-cpu/scratch/Tseganeh.Gichamo/global-workflow/env
+++ config.base[117]BASE_ENV=/gpfs/f6/gfs-cpu/scratch/Tseganeh.Gichamo/global-workflow/env
+++ config.base[120]export SDATE=2022050100
+++ config.base[120]SDATE=2022050100
+++ config.base[121]export EDATE=2022100118
+++ config.base[121]EDATE=2022100118
+++ config.base[122]export EXP_WARM_START=.false.
+++ config.base[122]EXP_WARM_START=.false.
+++ config.base[123]export assim_freq=6
+++ config.base[123]assim_freq=6
+++ config.base[124]export PSLOT=maysoilda
+++ config.base[124]PSLOT=maysoilda
+++ config.base[125]export EXPDIR=/gpfs/f6/gfs-cpu/scratch/Tseganeh.Gichamo/EXPDIR//maysoilda
+++ config.base[125]EXPDIR=/gpfs/f6/gfs-cpu/scratch/Tseganeh.Gichamo/EXPDIR//maysoilda
+++ config.base[126]export ROTDIR=/gpfs/f6/gfs-cpu/scratch/Tseganeh.Gichamo/COMROOT//maysoilda
+++ config.base[126]ROTDIR=/gpfs/f6/gfs-cpu/scratch/Tseganeh.Gichamo/COMROOT//maysoilda
+++ config.base[127]export DUMP_SUFFIX=
+++ config.base[127]DUMP_SUFFIX=
+++ config.base[128][[ 2022050512 -ge 2019092100 ]]
+++ config.base[128][[ 2022050512 -le 2019110700 ]]
+++ config.base[131]export ARCDIR=/gpfs/f6/gfs-cpu/world-shared/Tseganeh.Gichamo/archive/maysoilda
+++ config.base[131]ARCDIR=/gpfs/f6/gfs-cpu/world-shared/Tseganeh.Gichamo/archive/maysoilda
+++ config.base[132]export ATARDIR=/NCEPDEV/emc-da/1year/Tseganeh.Gichamo/GAEAC6/scratch/maysoilda
+++ config.base[132]ATARDIR=/NCEPDEV/emc-da/1year/Tseganeh.Gichamo/GAEAC6/scratch/maysoilda
+++ config.base[133]export 'FETCHDIR={{ FETCHDIR }}'
+++ config.base[133]FETCHDIR='{{ FETCHDIR }}'
+++ config.base[136]export envir=prod
+++ config.base[136]envir=prod
+++ config.base[137]export NET=gfs
+++ config.base[137]NET=gfs
+++ config.base[138]export RUN=enkfgdas
+++ config.base[138]RUN=enkfgdas
+++ config.base[141]source /gpfs/f6/gfs-cpu/scratch/Tseganeh.Gichamo/EXPDIR//maysoilda/config.com
++++ config.com[4]echo 'BEGIN: config.com'
BEGIN: config.com
++++ config.com[38][[ emc == \n\c\o ]]
++++ config.com[43]COM_OBSPROC_TMPL='${DMPDIR}/${RUN}${DUMP_SUFFIX}.${YMD}/${HH}/atmos'
++++ config.com[44]COM_RTOFS_TMPL='${DMPDIR}'
++++ config.com[45]COM_TCVITAL_TMPL='${DMPDIR}/${RUN}.${YMD}/${HH}/atmos'
++++ config.com[47]declare -rx 'COM_OBS_TMPL=${ROTDIR}/${RUN}.${YMD}/${HH}/obs'
++++ config.com[48]declare -rx COM_OBSPROC_TMPL COM_RTOFS_TMPL
++++ config.com[50]COM_BASE='${ROTDIR}/${RUN}.${YMD}/${HH}/${MEMDIR}'
++++ config.com[52]declare -rx 'COM_TOP_TMPL=${ROTDIR}/${RUN}.${YMD}/${HH}'
++++ config.com[54]declare -rx 'COM_CONF_TMPL=${ROTDIR}/${RUN}.${YMD}/${HH}/${MEMDIR}/conf'
++++ config.com[55]declare -rx 'COM_OBS_JEDI=${ROTDIR}/${RUN}.${YMD}/${HH}/${MEMDIR}/obs_jedi'
++++ config.com[57]declare -rx 'COM_ATMOS_INPUT_TMPL=${ROTDIR}/${RUN}.${YMD}/${HH}/${MEMDIR}/model/atmos/input'
++++ config.com[58]declare -rx 'COM_ATMOS_RESTART_TMPL=${ROTDIR}/${RUN}.${YMD}/${HH}/${MEMDIR}/model/atmos/restart'
++++ config.com[59]declare -rx 'COM_ATMOS_ANALYSIS_TMPL=${ROTDIR}/${RUN}.${YMD}/${HH}/${MEMDIR}/analysis/atmos'
++++ config.com[60]declare -rx 'COM_SNOW_ANALYSIS_TMPL=${ROTDIR}/${RUN}.${YMD}/${HH}/${MEMDIR}/analysis/snow'
++++ config.com[61]declare -rx 'COM_SNOW_ANLMON_TMPL=${ROTDIR}/${RUN}.${YMD}/${HH}/${MEMDIR}/products/snow/anlmon'
++++ config.com[62]declare -rx 'COM_ATMOS_HISTORY_TMPL=${ROTDIR}/${RUN}.${YMD}/${HH}/${MEMDIR}/model/atmos/history'
++++ config.com[63]declare -rx 'COM_ATMOS_MASTER_TMPL=${ROTDIR}/${RUN}.${YMD}/${HH}/${MEMDIR}/model/atmos/master'
++++ config.com[64]declare -rx 'COM_ATMOS_GRIB_TMPL=${ROTDIR}/${RUN}.${YMD}/${HH}/${MEMDIR}/products/atmos/grib2'
++++ config.com[65]declare -rx 'COM_ATMOS_GRIB_GRID_TMPL=${ROTDIR}/${RUN}.${YMD}/${HH}/${MEMDIR}/products/atmos/grib2/${GRID}'
++++ config.com[66]declare -rx 'COM_ATMOS_BUFR_TMPL=${ROTDIR}/${RUN}.${YMD}/${HH}/${MEMDIR}/products/atmos/bufr'
++++ config.com[67]declare -rx 'COM_ATMOS_GEMPAK_TMPL=${ROTDIR}/${RUN}.${YMD}/${HH}/${MEMDIR}/products/atmos/gempak/${GRID}'
++++ config.com[68]declare -rx 'COM_ATMOS_GENESIS_TMPL=${ROTDIR}/${RUN}.${YMD}/${HH}/${MEMDIR}/products/atmos/cyclone/genesis_vital'
++++ config.com[69]declare -rx 'COM_ATMOS_TRACK_TMPL=${ROTDIR}/${RUN}.${YMD}/${HH}/${MEMDIR}/products/atmos/cyclone/tracks'
++++ config.com[70]declare -rx 'COM_ATMOS_GOES_TMPL=${ROTDIR}/${RUN}.${YMD}/${HH}/${MEMDIR}/products/atmos/goes_sim'
++++ config.com[71]declare -rx 'COM_ATMOS_IMAGERY_TMPL=${ROTDIR}/${RUN}.${YMD}/${HH}/${MEMDIR}/products/atmos/imagery'
++++ config.com[72]declare -rx 'COM_ATMOS_OZNMON_TMPL=${ROTDIR}/${RUN}.${YMD}/${HH}/${MEMDIR}/products/atmos/oznmon'
++++ config.com[73]declare -rx 'COM_ATMOS_RADMON_TMPL=${ROTDIR}/${RUN}.${YMD}/${HH}/${MEMDIR}/products/atmos/radmon'
++++ config.com[74]declare -rx 'COM_ATMOS_MINMON_TMPL=${ROTDIR}/${RUN}.${YMD}/${HH}/${MEMDIR}/products/atmos/minmon'
++++ config.com[75]declare -rx 'COM_ATMOS_ANLMON_TMPL=${ROTDIR}/${RUN}.${YMD}/${HH}/${MEMDIR}/products/atmos/anlmon'
++++ config.com[76]declare -rx 'COM_ATMOS_WMO_TMPL=${ROTDIR}/${RUN}.${YMD}/${HH}/${MEMDIR}/products/atmos/wmo'
++++ config.com[78]declare -rx 'COM_WAVE_RESTART_TMPL=${ROTDIR}/${RUN}.${YMD}/${HH}/${MEMDIR}/model/wave/restart'
++++ config.com[79]declare -rx 'COM_WAVE_PREP_TMPL=${ROTDIR}/${RUN}.${YMD}/${HH}/${MEMDIR}/model/wave/prep'
++++ config.com[80]declare -rx 'COM_WAVE_HISTORY_TMPL=${ROTDIR}/${RUN}.${YMD}/${HH}/${MEMDIR}/model/wave/history'
++++ config.com[81]declare -rx 'COM_WAVE_GRID_TMPL=${ROTDIR}/${RUN}.${YMD}/${HH}/${MEMDIR}/products/wave/gridded'
++++ config.com[82]declare -rx 'COM_WAVE_GRID_RES_TMPL=${ROTDIR}/${RUN}.${YMD}/${HH}/${MEMDIR}/products/wave/gridded/${GRDRESNAME}'
++++ config.com[83]declare -rx 'COM_WAVE_STATION_TMPL=${ROTDIR}/${RUN}.${YMD}/${HH}/${MEMDIR}/products/wave/station'
++++ config.com[84]declare -rx 'COM_WAVE_GEMPAK_TMPL=${ROTDIR}/${RUN}.${YMD}/${HH}/${MEMDIR}/products/wave/gempak'
++++ config.com[85]declare -rx 'COM_WAVE_WMO_TMPL=${ROTDIR}/${RUN}.${YMD}/${HH}/${MEMDIR}/products/wave/wmo'
++++ config.com[87]declare -rx 'COM_OCEAN_HISTORY_TMPL=${ROTDIR}/${RUN}.${YMD}/${HH}/${MEMDIR}/model/ocean/history'
++++ config.com[88]declare -rx 'COM_OCEAN_RESTART_TMPL=${ROTDIR}/${RUN}.${YMD}/${HH}/${MEMDIR}/model/ocean/restart'
++++ config.com[89]declare -rx 'COM_OCEAN_INPUT_TMPL=${ROTDIR}/${RUN}.${YMD}/${HH}/${MEMDIR}/model/ocean/input'
++++ config.com[90]declare -rx 'COM_OCEAN_ANALYSIS_TMPL=${ROTDIR}/${RUN}.${YMD}/${HH}/${MEMDIR}/analysis/ocean'
++++ config.com[91]declare -rx 'COM_OCEAN_ANLMON_TMPL=${ROTDIR}/${RUN}.${YMD}/${HH}/${MEMDIR}/products/ocean/anlmon'
++++ config.com[92]declare -rx 'COM_OCEAN_LETKF_TMPL=${ROTDIR}/${RUN}.${YMD}/${HH}/${MEMDIR}/analysis/ocean/letkf'
++++ config.com[93]declare -rx 'COM_OCEAN_BMATRIX_TMPL=${ROTDIR}/${RUN}.${YMD}/${HH}/${MEMDIR}/bmatrix/ocean'
++++ config.com[94]declare -rx 'COM_OCEAN_NETCDF_TMPL=${ROTDIR}/${RUN}.${YMD}/${HH}/${MEMDIR}/products/ocean/netcdf'
++++ config.com[95]declare -rx 'COM_OCEAN_GRIB_TMPL=${ROTDIR}/${RUN}.${YMD}/${HH}/${MEMDIR}/products/ocean/grib2'
++++ config.com[96]declare -rx 'COM_OCEAN_GRIB_GRID_TMPL=${ROTDIR}/${RUN}.${YMD}/${HH}/${MEMDIR}/products/ocean/grib2/${GRID}'
++++ config.com[98]declare -rx 'COM_ICE_ANALYSIS_TMPL=${ROTDIR}/${RUN}.${YMD}/${HH}/${MEMDIR}/analysis/ice'
++++ config.com[99]declare -rx 'COM_ICE_LETKF_TMPL=${ROTDIR}/${RUN}.${YMD}/${HH}/${MEMDIR}/analysis/ice/letkf'
++++ config.com[100]declare -rx 'COM_ICE_ANLMON_TMPL=${ROTDIR}/${RUN}.${YMD}/${HH}/${MEMDIR}/products/ice/anlmon'
++++ config.com[101]declare -rx 'COM_ICE_BMATRIX_TMPL=${ROTDIR}/${RUN}.${YMD}/${HH}/${MEMDIR}/bmatrix/ice'
++++ config.com[102]declare -rx 'COM_ICE_INPUT_TMPL=${ROTDIR}/${RUN}.${YMD}/${HH}/${MEMDIR}/model/ice/input'
++++ config.com[103]declare -rx 'COM_ICE_HISTORY_TMPL=${ROTDIR}/${RUN}.${YMD}/${HH}/${MEMDIR}/model/ice/history'
++++ config.com[104]declare -rx 'COM_ICE_RESTART_TMPL=${ROTDIR}/${RUN}.${YMD}/${HH}/${MEMDIR}/model/ice/restart'
++++ config.com[105]declare -rx 'COM_ICE_NETCDF_TMPL=${ROTDIR}/${RUN}.${YMD}/${HH}/${MEMDIR}/products/ice/netcdf'
++++ config.com[106]declare -rx 'COM_ICE_GRIB_TMPL=${ROTDIR}/${RUN}.${YMD}/${HH}/${MEMDIR}/products/ice/grib2'
++++ config.com[107]declare -rx 'COM_ICE_GRIB_GRID_TMPL=${ROTDIR}/${RUN}.${YMD}/${HH}/${MEMDIR}/products/ice/grib2/${GRID}'
++++ config.com[109]declare -rx 'COM_CHEM_HISTORY_TMPL=${ROTDIR}/${RUN}.${YMD}/${HH}/${MEMDIR}/model/chem/history'
++++ config.com[110]declare -rx 'COM_CHEM_ANALYSIS_TMPL=${ROTDIR}/${RUN}.${YMD}/${HH}/${MEMDIR}/analysis/chem'
++++ config.com[111]declare -rx 'COM_CHEM_BMAT_TMPL=${ROTDIR}/${RUN}.${YMD}/${HH}/${MEMDIR}/analysis/chem/bmatrix'
++++ config.com[112]declare -rx 'COM_CHEM_ANLMON_TMPL=${ROTDIR}/${RUN}.${YMD}/${HH}/${MEMDIR}/products/chem/anlmon'
++++ config.com[114]declare -rx 'COM_MED_RESTART_TMPL=${ROTDIR}/${RUN}.${YMD}/${HH}/${MEMDIR}/model/med/restart'
+++ config.base[143]export LOGSCRIPT=
+++ config.base[143]LOGSCRIPT=
+++ config.base[145]export 'REDOUT=1>'
+++ config.base[145]REDOUT='1>'
+++ config.base[146]export 'REDERR=2>'
+++ config.base[146]REDERR='2>'
+++ config.base[148]export SENDECF=NO
+++ config.base[148]SENDECF=NO
+++ config.base[149]export SENDSDM=NO
+++ config.base[149]SENDSDM=NO
+++ config.base[150]export SENDDBN_NTC=NO
+++ config.base[150]SENDDBN_NTC=NO
+++ config.base[151]export SENDDBN=NO
+++ config.base[151]SENDDBN=NO
+++ config.base[152]export DBNROOT=/autofs/ncrc-svm1_proj/epic/spack-stack/c6/spack-stack-1.6.0/envs/unified-env/install/intel/2023.2.0/prod-util-2.1.1-ynnwpz3/fakedbn
+++ config.base[152]DBNROOT=/autofs/ncrc-svm1_proj/epic/spack-stack/c6/spack-stack-1.6.0/envs/unified-env/install/intel/2023.2.0/prod-util-2.1.1-ynnwpz3/fakedbn
+++ config.base[153]export SENDAWIP=NO
+++ config.base[153]SENDAWIP=NO
+++ config.base[156]export APP=ATM
+++ config.base[156]APP=ATM
+++ config.base[158]shopt -s extglob
+++ config.base[161]case "${RUN}" in
+++ config.base[163]APP=ATM
+++ config.base[168]shopt -u extglob
+++ config.base[171]export DO_ATM=YES
+++ config.base[171]DO_ATM=YES
+++ config.base[172]export DO_COUPLED=NO
+++ config.base[172]DO_COUPLED=NO
+++ config.base[173]export DO_WAVE=NO
+++ config.base[173]DO_WAVE=NO
+++ config.base[174]export DO_OCN=NO
+++ config.base[174]DO_OCN=NO
+++ config.base[175]export DO_ICE=NO
+++ config.base[175]DO_ICE=NO
+++ config.base[176]DO_AERO=NO
+++ config.base[177]export DO_PREP_OBS_AERO=NO
+++ config.base[177]DO_PREP_OBS_AERO=NO
+++ config.base[178]aero_fcst_runs=gdas
+++ config.base[179]aero_anl_runs='gdas gfs'
+++ config.base[180]export DO_AERO_FCST=NO
+++ config.base[180]DO_AERO_FCST=NO
+++ config.base[181]export DO_AERO_ANL=NO
+++ config.base[181]DO_AERO_ANL=NO
+++ config.base[182]export DOBNDPNT_WAVE=YES
+++ config.base[182]DOBNDPNT_WAVE=YES
+++ config.base[183]export DOIBP_WAV=NO
+++ config.base[183]DOIBP_WAV=NO
+++ config.base[184]export FRAC_GRID=.true.
+++ config.base[184]FRAC_GRID=.true.
+++ config.base[185]export DO_NEST=NO
+++ config.base[185]DO_NEST=NO
+++ config.base[186][[ NO == \Y\E\S ]]
+++ config.base[192]export ntiles=6
+++ config.base[192]ntiles=6
+++ config.base[193]export FIXugwd=/gpfs/f6/gfs-cpu/scratch/Tseganeh.Gichamo/global-workflow/fix/ugwd
+++ config.base[193]FIXugwd=/gpfs/f6/gfs-cpu/scratch/Tseganeh.Gichamo/global-workflow/fix/ugwd
+++ config.base[194]export FIXorog=/gpfs/f6/gfs-cpu/scratch/Tseganeh.Gichamo/global-workflow/fix/orog
+++ config.base[194]FIXorog=/gpfs/f6/gfs-cpu/scratch/Tseganeh.Gichamo/global-workflow/fix/orog
+++ config.base[198]export OPS_RES=C768
+++ config.base[198]OPS_RES=C768
+++ config.base[201]export LEVS=128
+++ config.base[201]LEVS=128
+++ config.base[202]export CASE=C384
+++ config.base[202]CASE=C384
+++ config.base[203]export CASE_ENS=C192
+++ config.base[203]CASE_ENS=C192
+++ config.base[204]export OCNRES=025
+++ config.base[204]OCNRES=025
+++ config.base[205]export ICERES=025
+++ config.base[205]ICERES=025
+++ config.base[208]case "${CASE}" in
+++ config.base[216]export waveGRD=uglo_100km
+++ config.base[216]waveGRD=uglo_100km
+++ config.base[227]case "${APP}" in
+++ config.base[262][[ NO == \Y\E\S ]]
+++ config.base[272][[ enkfgdas =~ gdas ]]
+++ config.base[273]export FHCYC=1
+++ config.base[273]FHCYC=1
+++ config.base[274]export FTSFS=10
+++ config.base[274]FTSFS=10
+++ config.base[280]export FHMIN=0
+++ config.base[280]FHMIN=0
+++ config.base[281]export FHMAX=9
+++ config.base[281]FHMAX=9
+++ config.base[282]export FHOUT=3
+++ config.base[282]FHOUT=3
+++ config.base[283]export FHOUT_OCN=3
+++ config.base[283]FHOUT_OCN=3
+++ config.base[284]export FHOUT_ICE=3
+++ config.base[284]FHOUT_ICE=3
+++ config.base[285]export FHOUT_AERO=3
+++ config.base[285]FHOUT_AERO=3
+++ config.base[288]export EUPD_CYC=gdas
+++ config.base[288]EUPD_CYC=gdas
+++ config.base[291]export INTERVAL_GFS=6
+++ config.base[291]INTERVAL_GFS=6
+++ config.base[292]export SDATE_GFS=2022050106
+++ config.base[292]SDATE_GFS=2022050106
+++ config.base[295]export FHMIN_GFS=0
+++ config.base[295]FHMIN_GFS=0
+++ config.base[296]export FHMAX_GFS=120
+++ config.base[296]FHMAX_GFS=120
+++ config.base[298]breakpnts=
+++ config.base[299]export FCST_SEGMENTS=0,120
+++ config.base[299]FCST_SEGMENTS=0,120
+++ config.base[300]export FHOUT_GFS=3
+++ config.base[300]FHOUT_GFS=3
+++ config.base[301]export FHMAX_HF_GFS=48
+++ config.base[301]FHMAX_HF_GFS=48
+++ config.base[302]export FHMAX_HF_GFS=48
+++ config.base[302]FHMAX_HF_GFS=48
+++ config.base[303]export FHOUT_HF_GFS=1
+++ config.base[303]FHOUT_HF_GFS=1
+++ config.base[306]export FHMIN_WAV=0
+++ config.base[306]FHMIN_WAV=0
+++ config.base[307]export FHOUT_WAV=1
+++ config.base[307]FHOUT_WAV=1
+++ config.base[308]export FHMAX_WAV=9
+++ config.base[308]FHMAX_WAV=9
+++ config.base[309]export FHMAX_WAV=9
+++ config.base[309]FHMAX_WAV=9
+++ config.base[310]export FHOUT_WAV_GFS=3
+++ config.base[310]FHOUT_WAV_GFS=3
+++ config.base[311]export FHMAX_WAV_GFS=120
+++ config.base[311]FHMAX_WAV_GFS=120
+++ config.base[312]export FHOUT_HF_WAV=1
+++ config.base[312]FHOUT_HF_WAV=1
+++ config.base[313]export FHMAX_HF_WAV=48
+++ config.base[313]FHMAX_HF_WAV=48
+++ config.base[314]export FHMAX_HF_WAV=48
+++ config.base[314]FHMAX_HF_WAV=48
+++ config.base[317]export FHOUT_OCN_GFS=6
+++ config.base[317]FHOUT_OCN_GFS=6
+++ config.base[318]export FHOUT_ICE_GFS=6
+++ config.base[318]FHOUT_ICE_GFS=6
+++ config.base[321]export ILPOST=1
+++ config.base[321]ILPOST=1
+++ config.base[322]((  FHMAX_HF_GFS < 120  ))
+++ config.base[323]export ILPOST=3
+++ config.base[323]ILPOST=3
+++ config.base[327]export FHMAX_GOES=180
+++ config.base[327]FHMAX_GOES=180
+++ config.base[328]export FHOUT_GOES=3
+++ config.base[328]FHOUT_GOES=3
+++ config.base[329]((  FHMAX_GOES > FHMAX_GFS  ))
+++ config.base[330]export FHMAX_GOES=120
+++ config.base[330]FHMAX_GOES=120
+++ config.base[334]export restart_interval_gfs=12
+++ config.base[334]restart_interval_gfs=12
+++ config.base[339]export QUILTING=.true.
+++ config.base[339]QUILTING=.true.
+++ config.base[340]export OUTPUT_GRID=gaussian_grid
+++ config.base[340]OUTPUT_GRID=gaussian_grid
+++ config.base[341]export WRITE_DOPOST=.true.
+++ config.base[341]WRITE_DOPOST=.true.
+++ config.base[342]export WRITE_NSFLIP=.true.
+++ config.base[342]WRITE_NSFLIP=.true.
+++ config.base[345]export DOIAU=YES
+++ config.base[345]DOIAU=YES
+++ config.base[346]export IAUFHRS=3,6,9
+++ config.base[346]IAUFHRS=3,6,9
+++ config.base[347]export IAU_FHROT=3
+++ config.base[347]IAU_FHROT=3
+++ config.base[348]export IAU_DELTHRS=6
+++ config.base[348]IAU_DELTHRS=6
+++ config.base[349]export IAU_OFFSET=6
+++ config.base[349]IAU_OFFSET=6
+++ config.base[350]export DOIAU_ENKF=YES
+++ config.base[350]DOIAU_ENKF=YES
+++ config.base[351]export IAUFHRS_ENKF=3,6,9
+++ config.base[351]IAUFHRS_ENKF=3,6,9
+++ config.base[352]export IAU_DELTHRS_ENKF=6
+++ config.base[352]IAU_DELTHRS_ENKF=6
+++ config.base[355]export lobsdiag_forenkf=.true.
+++ config.base[355]lobsdiag_forenkf=.true.
+++ config.base[363]export imp_physics=8
+++ config.base[363]imp_physics=8
+++ config.base[367]export DO_JEDIATMVAR=NO
+++ config.base[367]DO_JEDIATMVAR=NO
+++ config.base[368]export DO_JEDIATMENS=NO
+++ config.base[368]DO_JEDIATMENS=NO
+++ config.base[369]export DO_JEDIOCNVAR=NO
+++ config.base[369]DO_JEDIOCNVAR=NO
+++ config.base[370]export DO_JEDISNOWDA=NO
+++ config.base[370]DO_JEDISNOWDA=NO
+++ config.base[371]export DO_MERGENSST=NO
+++ config.base[371]DO_MERGENSST=NO
+++ config.base[372]export DO_STARTMEM_FROM_JEDIICE=NO
+++ config.base[372]DO_STARTMEM_FROM_JEDIICE=NO
+++ config.base[375]export DOHYBVAR=YES
+++ config.base[375]DOHYBVAR=YES
+++ config.base[376]export DOHYBVAR_OCN=NO
+++ config.base[376]DOHYBVAR_OCN=NO
+++ config.base[377]export DOLETKF_OCN=NO
+++ config.base[377]DOLETKF_OCN=NO
+++ config.base[378]export NMEM_ENS=80
+++ config.base[378]NMEM_ENS=80
+++ config.base[379]export SMOOTH_ENKF=NO
+++ config.base[379]SMOOTH_ENKF=NO
+++ config.base[380]export l4densvar=.true.
+++ config.base[380]l4densvar=.true.
+++ config.base[381]export lwrite4danl=.true.
+++ config.base[381]lwrite4danl=.true.
+++ config.base[382]export DO_CALC_INCREMENT=NO
+++ config.base[382]DO_CALC_INCREMENT=NO
+++ config.base[385]export NMEM_ENS_GFS=30
+++ config.base[385]NMEM_ENS_GFS=30
+++ config.base[386]export NMEM_ENS_GFS_OFFSET=20
+++ config.base[386]NMEM_ENS_GFS_OFFSET=20
+++ config.base[387]export DO_CALC_INCREMENT_ENKF_GFS=NO
+++ config.base[387]DO_CALC_INCREMENT_ENKF_GFS=NO
+++ config.base[390][[ YES = \Y\E\S ]]
+++ config.base[391]export FHMIN_ENKF=3
+++ config.base[391]FHMIN_ENKF=3
+++ config.base[392]export FHMAX_ENKF=9
+++ config.base[392]FHMAX_ENKF=9
+++ config.base[393]export FHMAX_ENKF_GFS=12
+++ config.base[393]FHMAX_ENKF_GFS=12
+++ config.base[394]export FHOUT_ENKF_GFS=3
+++ config.base[394]FHOUT_ENKF_GFS=3
+++ config.base[395][[ .true. = \.\t\r\u\e\. ]]
+++ config.base[396]export FHOUT=1
+++ config.base[396]FHOUT=1
+++ config.base[397]export FHOUT_ENKF=1
+++ config.base[397]FHOUT_ENKF=1
+++ config.base[404][[ YES == \N\O ]]
+++ config.base[412]export ENKF_SPREAD=YES
+++ config.base[412]ENKF_SPREAD=YES
+++ config.base[415]export DO_GSISOILDA=YES
+++ config.base[415]DO_GSISOILDA=YES
+++ config.base[416]export DO_LAND_IAU=.true.
+++ config.base[416]DO_LAND_IAU=.true.
+++ config.base[417]export LSOIL_INCR=2
+++ config.base[417]LSOIL_INCR=2
+++ config.base[420][[ cycled = \c\y\c\l\e\d ]]
+++ config.base[420][[ 2022050100 = \2\0\2\2\0\5\0\5\1\2 ]]
+++ config.base[420][[ YES = \N\O ]]
+++ config.base[420][[ cycled = \f\o\r\e\c\a\s\t\-\o\n\l\y ]]
+++ config.base[427][[ YES = \N\O ]]
+++ config.base[431][[ YES == \Y\E\S ]]
+++ config.base[432]export restart_interval_enkfgdas=3
+++ config.base[432]restart_interval_enkfgdas=3
+++ config.base[437]export restart_interval_enkfgfs=3
+++ config.base[437]restart_interval_enkfgfs=3
+++ config.base[439][[ YES == \Y\E\S ]]
+++ config.base[440]export restart_interval_gdas=3
+++ config.base[440]restart_interval_gdas=3
+++ config.base[446]export DONST=YES
+++ config.base[446]DONST=YES
+++ config.base[447][[ YES = \Y\E\S ]]
+++ config.base[447]export 'FNTSFA=        '
+++ config.base[447]FNTSFA='        '
+++ config.base[450]export nst_anl=.true.
+++ config.base[450]nst_anl=.true.
+++ config.base[453]export MAKE_NSSTBUFR=NO
+++ config.base[453]MAKE_NSSTBUFR=NO
+++ config.base[456]export MAKE_ACFTBUFR=NO
+++ config.base[456]MAKE_ACFTBUFR=NO
+++ config.base[459]export 'INCREMENTS_TO_ZERO='\''liq_wat_inc'\'','\''icmr_inc'\'','\''rwmr_inc'\'','\''snmr_inc'\'','\''grle_inc'\'''
+++ config.base[459]INCREMENTS_TO_ZERO=''\''liq_wat_inc'\'','\''icmr_inc'\'','\''rwmr_inc'\'','\''snmr_inc'\'','\''grle_inc'\'''
+++ config.base[462]export 'INCVARS_ZERO_STRAT='\''sphum_inc'\'','\''liq_wat_inc'\'','\''icmr_inc'\'','\''rwmr_inc'\'','\''snmr_inc'\'','\''grle_inc'\'''
+++ config.base[462]INCVARS_ZERO_STRAT=''\''sphum_inc'\'','\''liq_wat_inc'\'','\''icmr_inc'\'','\''rwmr_inc'\'','\''snmr_inc'\'','\''grle_inc'\'''
+++ config.base[463]export INCVARS_EFOLD=5
+++ config.base[463]INCVARS_EFOLD=5
+++ config.base[468]export netcdf_diag=.true.
+++ config.base[468]netcdf_diag=.true.
+++ config.base[469]export binary_diag=.false.
+++ config.base[469]binary_diag=.false.
+++ config.base[472]export DO_CA=YES
+++ config.base[472]DO_CA=YES
+++ config.base[475]export DO_METP=YES
+++ config.base[475]DO_METP=YES
+++ config.base[476]export DO_FIT2OBS=YES
+++ config.base[476]DO_FIT2OBS=YES
+++ config.base[479]export FHMAX_FITS=132
+++ config.base[479]FHMAX_FITS=132
+++ config.base[480][[ 132 -gt 120 ]]
+++ config.base[481]export FHMAX_FITS=120
+++ config.base[481]FHMAX_FITS=120
+++ config.base[486]export DO_FETCH_HPSS=NO
+++ config.base[486]DO_FETCH_HPSS=NO
+++ config.base[487]export DO_FETCH_LOCAL=NO
+++ config.base[487]DO_FETCH_LOCAL=NO
+++ config.base[490]export DO_ARCHCOM=YES
+++ config.base[490]DO_ARCHCOM=YES
+++ config.base[491]export ARCHCOM_TO=hpss
+++ config.base[491]ARCHCOM_TO=hpss
+++ config.base[494]export 'CLIENT_GLOBUS_UUID={{ CLIENT_GLOBUS_UUID }}'
+++ config.base[494]CLIENT_GLOBUS_UUID='{{ CLIENT_GLOBUS_UUID }}'
+++ config.base[497][[ NO = \Y\E\S ]]
+++ config.base[504][[ NO = \Y\E\S ]]
+++ config.base[504][[ NO = \Y\E\S ]]
+++ config.base[504][[ NO = \Y\E\S ]]
+++ config.base[510]export REPLAY_ICS=NO
+++ config.base[510]REPLAY_ICS=NO
+++ config.base[511]export OFFSET_START_HOUR=0
+++ config.base[511]OFFSET_START_HOUR=0
+++ config.base[514]export NUM_SND_COLLECTIVES=9
+++ config.base[514]NUM_SND_COLLECTIVES=9
+++ config.base[516]echo 'END: config.base'
END: config.base
++ jjob_header.sh[106]true
++ jjob_header.sh[107]export err=0
++ jjob_header.sh[107]err=0
++ jjob_header.sh[108][[ 0 -ne 0 ]]
++ jjob_header.sh[105]for config in "${configs[@]:-''}"
++ jjob_header.sh[106]source /gpfs/f6/gfs-cpu/scratch/Tseganeh.Gichamo/EXPDIR//maysoilda/config.arch_tars
+++ config.arch_tars[6]echo 'BEGIN: config.arch_tars'
BEGIN: config.arch_tars
+++ config.arch_tars[9]. /gpfs/f6/gfs-cpu/scratch/Tseganeh.Gichamo/EXPDIR//maysoilda/config.resources arch_tars
++++ config.resources[10]((  1 != 1  ))
++++ config.resources[34]step=arch_tars
++++ config.resources[36]echo 'BEGIN: config.resources'
BEGIN: config.resources
++++ config.resources[38]case ${machine} in
++++ config.resources[56]max_tasks_per_node=192
++++ config.resources[58]mem_node_max=384GB
++++ config.resources[106]export max_tasks_per_node
++++ config.resources[108]case ${step} in
++++ config.resources[1145]walltime=06:00:00
++++ config.resources[1146]ntasks=1
++++ config.resources[1147]tasks_per_node=1
++++ config.resources[1148]threads_per_task=1
++++ config.resources[1149]memory=4096M
++++ config.resources[1408][[ -f /gpfs/f6/gfs-cpu/scratch/Tseganeh.Gichamo/EXPDIR//maysoilda/config.resources.GAEAC6 ]]
++++ config.resources[1409]source /gpfs/f6/gfs-cpu/scratch/Tseganeh.Gichamo/EXPDIR//maysoilda/config.resources.GAEAC6
+++++ config.resources.GAEAC6[5]unset memory
+++++ config.resources.GAEAC6[6]unset memory_enkfgdas
+++++ config.resources.GAEAC6[7]export FI_CXI_RX_MATCH_MODE=hybrid
+++++ config.resources.GAEAC6[7]FI_CXI_RX_MATCH_MODE=hybrid
+++++ config.resources.GAEAC6[9]case ${step} in
++++ config.resources[1413]for resource_var in threads_per_task ntasks tasks_per_node NTASKS memory walltime
++++ config.resources[1414]run_resource_var=threads_per_task_enkfgdas
++++ config.resources[1415][[ -n '' ]]
++++ config.resources[1417][[ -n 0 ]]
++++ config.resources[1418]export threads_per_task
++++ config.resources[1413]for resource_var in threads_per_task ntasks tasks_per_node NTASKS memory walltime
++++ config.resources[1414]run_resource_var=ntasks_enkfgdas
++++ config.resources[1415][[ -n '' ]]
++++ config.resources[1417][[ -n 0 ]]
++++ config.resources[1418]export ntasks
++++ config.resources[1413]for resource_var in threads_per_task ntasks tasks_per_node NTASKS memory walltime
++++ config.resources[1414]run_resource_var=tasks_per_node_enkfgdas
++++ config.resources[1415][[ -n '' ]]
++++ config.resources[1417][[ -n 0 ]]
++++ config.resources[1418]export tasks_per_node
++++ config.resources[1413]for resource_var in threads_per_task ntasks tasks_per_node NTASKS memory walltime
++++ config.resources[1414]run_resource_var=NTASKS_enkfgdas
++++ config.resources[1415][[ -n '' ]]
++++ config.resources[1417][[ -n '' ]]
++++ config.resources[1413]for resource_var in threads_per_task ntasks tasks_per_node NTASKS memory walltime
++++ config.resources[1414]run_resource_var=memory_enkfgdas
++++ config.resources[1415][[ -n '' ]]
++++ config.resources[1417][[ -n '' ]]
++++ config.resources[1413]for resource_var in threads_per_task ntasks tasks_per_node NTASKS memory walltime
++++ config.resources[1414]run_resource_var=walltime_enkfgdas
++++ config.resources[1415][[ -n '' ]]
++++ config.resources[1417][[ -n 0 ]]
++++ config.resources[1418]export walltime
++++ config.resources[1422]echo 'END: config.resources'
END: config.resources
+++ config.arch_tars[11]export ARCH_CYC=00
+++ config.arch_tars[11]ARCH_CYC=00
+++ config.arch_tars[12]export ARCH_WARMICFREQ=4
+++ config.arch_tars[12]ARCH_WARMICFREQ=4
+++ config.arch_tars[13]export ARCH_FCSTICFREQ=1
+++ config.arch_tars[13]ARCH_FCSTICFREQ=1
+++ config.arch_tars[14]export ARCH_EXPDIR=YES
+++ config.arch_tars[14]ARCH_EXPDIR=YES
+++ config.arch_tars[15]export ARCH_EXPDIR_FREQ=0
+++ config.arch_tars[15]ARCH_EXPDIR_FREQ=0
+++ config.arch_tars[16]export ARCH_HASHES=YES
+++ config.arch_tars[16]ARCH_HASHES=YES
+++ config.arch_tars[17]export ARCH_DIFFS=NO
+++ config.arch_tars[17]ARCH_DIFFS=NO
+++ config.arch_tars[19]export ARCH_GAUSSIAN=YES
+++ config.arch_tars[19]ARCH_GAUSSIAN=YES
+++ config.arch_tars[20]export ARCH_GAUSSIAN_FHMAX=120
+++ config.arch_tars[20]ARCH_GAUSSIAN_FHMAX=120
+++ config.arch_tars[21]export ARCH_GAUSSIAN_FHINC=3
+++ config.arch_tars[21]ARCH_GAUSSIAN_FHINC=3
+++ config.arch_tars[24][[ hpss == \g\l\o\b\u\s\_\h\p\s\s ]]
+++ config.arch_tars[29]echo 'END: config.arch_tars'
END: config.arch_tars
++ jjob_header.sh[106]true
++ jjob_header.sh[107]export err=0
++ jjob_header.sh[107]err=0
++ jjob_header.sh[108][[ 0 -ne 0 ]]
++ jjob_header.sh[105]for config in "${configs[@]:-''}"
++ jjob_header.sh[106]source /gpfs/f6/gfs-cpu/scratch/Tseganeh.Gichamo/EXPDIR//maysoilda/config.earc_tars
+++ config.earc_tars[6]echo 'BEGIN: config.earc_tars'
BEGIN: config.earc_tars
+++ config.earc_tars[9]. /gpfs/f6/gfs-cpu/scratch/Tseganeh.Gichamo/EXPDIR//maysoilda/config.resources arch_tars
++++ config.resources[10]((  1 != 1  ))
++++ config.resources[34]step=arch_tars
++++ config.resources[36]echo 'BEGIN: config.resources'
BEGIN: config.resources
++++ config.resources[38]case ${machine} in
++++ config.resources[56]max_tasks_per_node=192
++++ config.resources[58]mem_node_max=384GB
++++ config.resources[106]export max_tasks_per_node
++++ config.resources[108]case ${step} in
++++ config.resources[1145]walltime=06:00:00
++++ config.resources[1146]ntasks=1
++++ config.resources[1147]tasks_per_node=1
++++ config.resources[1148]threads_per_task=1
++++ config.resources[1149]memory=4096M
++++ config.resources[1408][[ -f /gpfs/f6/gfs-cpu/scratch/Tseganeh.Gichamo/EXPDIR//maysoilda/config.resources.GAEAC6 ]]
++++ config.resources[1409]source /gpfs/f6/gfs-cpu/scratch/Tseganeh.Gichamo/EXPDIR//maysoilda/config.resources.GAEAC6
+++++ config.resources.GAEAC6[5]unset memory
+++++ config.resources.GAEAC6[6]unset memory_enkfgdas
+++++ config.resources.GAEAC6[7]export FI_CXI_RX_MATCH_MODE=hybrid
+++++ config.resources.GAEAC6[7]FI_CXI_RX_MATCH_MODE=hybrid
+++++ config.resources.GAEAC6[9]case ${step} in
++++ config.resources[1413]for resource_var in threads_per_task ntasks tasks_per_node NTASKS memory walltime
++++ config.resources[1414]run_resource_var=threads_per_task_enkfgdas
++++ config.resources[1415][[ -n '' ]]
++++ config.resources[1417][[ -n 0 ]]
++++ config.resources[1418]export threads_per_task
++++ config.resources[1413]for resource_var in threads_per_task ntasks tasks_per_node NTASKS memory walltime
++++ config.resources[1414]run_resource_var=ntasks_enkfgdas
++++ config.resources[1415][[ -n '' ]]
++++ config.resources[1417][[ -n 0 ]]
++++ config.resources[1418]export ntasks
++++ config.resources[1413]for resource_var in threads_per_task ntasks tasks_per_node NTASKS memory walltime
++++ config.resources[1414]run_resource_var=tasks_per_node_enkfgdas
++++ config.resources[1415][[ -n '' ]]
++++ config.resources[1417][[ -n 0 ]]
++++ config.resources[1418]export tasks_per_node
++++ config.resources[1413]for resource_var in threads_per_task ntasks tasks_per_node NTASKS memory walltime
++++ config.resources[1414]run_resource_var=NTASKS_enkfgdas
++++ config.resources[1415][[ -n '' ]]
++++ config.resources[1417][[ -n '' ]]
++++ config.resources[1413]for resource_var in threads_per_task ntasks tasks_per_node NTASKS memory walltime
++++ config.resources[1414]run_resource_var=memory_enkfgdas
++++ config.resources[1415][[ -n '' ]]
++++ config.resources[1417][[ -n '' ]]
++++ config.resources[1413]for resource_var in threads_per_task ntasks tasks_per_node NTASKS memory walltime
++++ config.resources[1414]run_resource_var=walltime_enkfgdas
++++ config.resources[1415][[ -n '' ]]
++++ config.resources[1417][[ -n 0 ]]
++++ config.resources[1418]export walltime
++++ config.resources[1422]echo 'END: config.resources'
END: config.resources
+++ config.earc_tars[12]export RMOLDSTD_ENKF=144
+++ config.earc_tars[12]RMOLDSTD_ENKF=144
+++ config.earc_tars[13]export RMOLDEND_ENKF=24
+++ config.earc_tars[13]RMOLDEND_ENKF=24
+++ config.earc_tars[16][[ hpss == \g\l\o\b\u\s\_\h\p\s\s ]]
+++ config.earc_tars[22]echo 'END: config.earc_tars'
END: config.earc_tars
++ jjob_header.sh[106]true
++ jjob_header.sh[107]export err=0
++ jjob_header.sh[107]err=0
++ jjob_header.sh[108][[ 0 -ne 0 ]]
++ jjob_header.sh[105]for config in "${configs[@]:-''}"
++ jjob_header.sh[106]source /gpfs/f6/gfs-cpu/scratch/Tseganeh.Gichamo/EXPDIR//maysoilda/config.earc_groups
+++ config.earc_groups[9]case "${CASE_ENS}" in
+++ config.earc_groups[14]export NMEM_EARCGRP=20
+++ config.earc_groups[14]NMEM_EARCGRP=20
++ jjob_header.sh[106]true
++ jjob_header.sh[107]export err=0
++ jjob_header.sh[107]err=0
++ jjob_header.sh[108][[ 0 -ne 0 ]]
++ jjob_header.sh[117]source /gpfs/f6/gfs-cpu/scratch/Tseganeh.Gichamo/global-workflow/env/GAEAC6.env earc_tars
+++ GAEAC6.env[3][[ 1 -ne 1 ]]
+++ GAEAC6.env[10]step=earc_tars
+++ GAEAC6.env[12]export 'launcher=srun -l --export=ALL'
+++ GAEAC6.env[12]launcher='srun -l --export=ALL'
+++ GAEAC6.env[13]export 'mpmd_opt=--multi-prog --output=mpmd.%j.%t.out'
+++ GAEAC6.env[13]mpmd_opt='--multi-prog --output=mpmd.%j.%t.out'
+++ GAEAC6.env[15]export OMP_STACKSIZE=2048000
+++ GAEAC6.env[15]OMP_STACKSIZE=2048000
+++ GAEAC6.env[16]export NTHSTACK=1024000000
+++ GAEAC6.env[16]NTHSTACK=1024000000
+++ GAEAC6.env[18]ulimit -s unlimited
+++ GAEAC6.env[19]ulimit -a
core file size          (blocks, -c) unlimited
data seg size           (kbytes, -d) unlimited
scheduling priority             (-e) 0
file size               (blocks, -f) unlimited
pending signals                 (-i) 2059949
max locked memory       (kbytes, -l) unlimited
max memory size         (kbytes, -m) 33554432
open files                      (-n) 50000
pipe size            (512 bytes, -p) 8
POSIX message queues     (bytes, -q) 819200
real-time priority              (-r) 0
stack size              (kbytes, -s) unlimited
cpu time               (seconds, -t) unlimited
max user processes              (-u) 2059450
virtual memory          (kbytes, -v) unlimited
file locks                      (-x) unlimited
+++ GAEAC6.env[23][[ -n 1 ]]
+++ GAEAC6.env[23][[ -n 192 ]]
+++ GAEAC6.env[23][[ -n 1 ]]
+++ GAEAC6.env[24]max_threads_per_task=192
+++ GAEAC6.env[25]NTHREADSmax=1
+++ GAEAC6.env[26]NTHREADS1=1
+++ GAEAC6.env[27][[ 1 -gt 192 ]]
+++ GAEAC6.env[30][[ 1 -gt 192 ]]
+++ GAEAC6.env[35]APRUN_default='srun -l --export=ALL -n 1'
+++ GAEAC6.env[41]case ${step} in
+++ GAEAC6.env[358]echo 'WARNING: The job step earc_tars does not specify GAEAC6-specific resources'
WARNING: The job step earc_tars does not specify GAEAC6-specific resources
++ jjob_header.sh[117]true
++ jjob_header.sh[118]export err=0
++ jjob_header.sh[118]err=0
++ jjob_header.sh[119][[ 0 -ne 0 ]]
+ JGLOBAL_ENS_ARCHIVE_TARS[9]MEMDIR=ensstat
+ JGLOBAL_ENS_ARCHIVE_TARS[9]YMD=20220505
+ JGLOBAL_ENS_ARCHIVE_TARS[9]HH=12
+ JGLOBAL_ENS_ARCHIVE_TARS[9]declare_from_tmpl -rx COMIN_ATMOS_ANALYSIS_ENSSTAT:COM_ATMOS_ANALYSIS_TMPL COMIN_ATMOS_HISTORY_ENSSTAT:COM_ATMOS_HISTORY_TMPL COMIN_ICE_ANALYSIS_ENSSTAT:COM_ICE_ANALYSIS_TMPL COMIN_OCEAN_ANALYSIS_ENSSTAT:COM_OCEAN_ANALYSIS_TMPL COMIN_SNOW_ANALYSIS_ENSSTAT:COM_SNOW_ANALYSIS_TMPL COMOUT_CONF:COM_CONF_TMPL
+ bash_utils.sh[39][[ NO == \N\O ]]
+ bash_utils.sh[39]set +x
declare_from_tmpl :: COMIN_ATMOS_ANALYSIS_ENSSTAT=/gpfs/f6/gfs-cpu/scratch/Tseganeh.Gichamo/COMROOT//maysoilda/enkfgdas.20220505/12/ensstat/analysis/atmos
declare_from_tmpl :: COMIN_ATMOS_HISTORY_ENSSTAT=/gpfs/f6/gfs-cpu/scratch/Tseganeh.Gichamo/COMROOT//maysoilda/enkfgdas.20220505/12/ensstat/model/atmos/history
declare_from_tmpl :: COMIN_ICE_ANALYSIS_ENSSTAT=/gpfs/f6/gfs-cpu/scratch/Tseganeh.Gichamo/COMROOT//maysoilda/enkfgdas.20220505/12/ensstat/analysis/ice
declare_from_tmpl :: COMIN_OCEAN_ANALYSIS_ENSSTAT=/gpfs/f6/gfs-cpu/scratch/Tseganeh.Gichamo/COMROOT//maysoilda/enkfgdas.20220505/12/ensstat/analysis/ocean
declare_from_tmpl :: COMIN_SNOW_ANALYSIS_ENSSTAT=/gpfs/f6/gfs-cpu/scratch/Tseganeh.Gichamo/COMROOT//maysoilda/enkfgdas.20220505/12/ensstat/analysis/snow
declare_from_tmpl :: COMOUT_CONF=/gpfs/f6/gfs-cpu/scratch/Tseganeh.Gichamo/COMROOT//maysoilda/enkfgdas.20220505/12/ensstat/conf
+ JGLOBAL_ENS_ARCHIVE_TARS[17][[ ! -d /gpfs/f6/gfs-cpu/scratch/Tseganeh.Gichamo/COMROOT//maysoilda/enkfgdas.20220505/12/ensstat/conf ]]
+ JGLOBAL_ENS_ARCHIVE_TARS[24]set +eu
+ JGLOBAL_ENS_ARCHIVE_TARS[25]export -n SHELLOPTS
+ JGLOBAL_ENS_ARCHIVE_TARS[26]/gpfs/f6/gfs-cpu/scratch/Tseganeh.Gichamo/global-workflow/scripts/exgdas_enkf_earc_tars.py
[38;21m2025-07-16 02:00:35,754 - INFO     - root        : BEGIN: __main__.main[0m
[38;5;39m2025-07-16 02:00:35,754 - DEBUG    - root        : (  )[0m
[38;21m2025-07-16 02:00:35,770 - INFO     - archive     : BEGIN: Archive.__init__[0m
[38;5;39m2025-07-16 02:00:35,771 - DEBUG    - archive     : ( <pygfs.task.archive.Archive object at 0x151e70401d90>, {'envir': 'prod', 'HYDRA_LAUNCHER_EXTRA_ARGS': '--external-launcher', 'FRAC_GRID': True, 'waveGRD': 'uglo_100km', '_ModuleTable051_': 'MzguMDAwMDAwMDAyLip6ZmluYWwiLAp9LApbInBrZy1jb25maWciXSA9IHsKZm4gPSAiL2F1dG9mcy9uY3JjLXN2bTFfcHJvai9lcGljL3NwYWNrLXN0YWNrL2M2L3NwYWNrLXN0YWNrLTEuNi4wL2VudnMvZ3NpLWFkZG9uLWRldi1mbXMtMjAyNC4wMS9pbnN0YWxsL21vZHVsZWZpbGVzL2ludGVsLzIwMjMuMi4wL3BrZy1jb25maWcvMC4yOS4yLmx1YSIsCmZ1bGxOYW1lID0gInBrZy1jb25maWcvMC4yOS4yIiwKbG9hZE9yZGVyID0gMzQsCnByb3BUID0ge30sCnJlZl9jb3VudCA9IDEsCnN0YWNrRGVwdGggPSAyLApzdGF0dXMgPSAiYWN0aXZlIiwKdXNlck5hbWUgPSAicGtnLWNvbmZpZy8wLjI5LjIiLAp3ViA9ICIwMDAwMDAwMDAuMDAwMDAwMDI5LjAwMDAwMDAwMi4qemZp', 'CRAY_LMOD_MPI': 'cray-mpich/8.0', 'PERLBREW_PERL': 'perl-5.38.2', '_ModuleTable070_': 'YW1lID0gInB5LXNldHVwdG9vbHMvNjMuNC4zIiwKbG9hZE9yZGVyID0gNjEsCnByb3BUID0ge30sCnJlZl9jb3VudCA9IDIsCnN0YWNrRGVwdGggPSAzLApzdGF0dXMgPSAiYWN0aXZlIiwKdXNlck5hbWUgPSAicHktc2V0dXB0b29scy82My40LjMiLAp3ViA9ICIwMDAwMDAwNjMuMDAwMDAwMDA0LjAwMDAwMDAwMy4qemZpbmFsIiwKfSwKWyJweS1zaXgiXSA9IHsKZm4gPSAiL2F1dG9mcy9uY3JjLXN2bTFfcHJvai9lcGljL3NwYWNrLXN0YWNrL2M2L3NwYWNrLXN0YWNrLTEuNi4wL2VudnMvZ3NpLWFkZG9uLWRldi1mbXMtMjAyNC4wMS9pbnN0YWxsL21vZHVsZWZpbGVzL2ludGVsLzIwMjMuMi4wL3B5LXNpeC8xLjE2LjAubHVhIiwKZnVsbE5hbWUgPSAicHktc2l4LzEuMTYu', 'G2TMPL_LIB': '/autofs/ncrc-svm1_proj/epic/spack-stack/c6/spack-stack-1.6.0/envs/gsi-addon-dev-fms-2024.01/install/intel/2023.2.0/g2tmpl-1.13.0-4df57lb/lib/libg2tmpl.a', 'SLURM_MPI_TYPE': 'cray_shasta', 'INCVARS_ZERO_STRAT': ["'sphum_inc'", "'liq_wat_inc'", "'icmr_inc'", "'rwmr_inc'", "'snmr_inc'", "'grle_inc'"], 'LMOD_FAMILY_CRAYPE_NETWORK_VERSION': False, '_ModuleTable037_': 'PSAyLApzdGF0dXMgPSAiYWN0aXZlIiwKdXNlck5hbWUgPSAibGlieWFtbC8wLjIuNSIsCndWID0gIjAwMDAwMDAwMC4wMDAwMDAwMDIuMDAwMDAwMDA1Lip6ZmluYWwiLAp9LAptZXQgPSB7CmZuID0gIi9hdXRvZnMvbmNyYy1zdm0xX3Byb2ovZXBpYy9zcGFjay1zdGFjay9jNi9zcGFjay1zdGFjay0xLjYuMC9lbnZzL2dzaS1hZGRvbi1kZXYtZm1zLTIwMjQuMDEvaW5zdGFsbC9tb2R1bGVmaWxlcy9jcmF5LW1waWNoLzguMS4yOS9pbnRlbC8yMDIzLjIuMC9tZXQvOS4xLjMubHVhIiwKZnVsbE5hbWUgPSAibWV0LzkuMS4zIiwKbG9hZE9yZGVyID0gODcsCnByb3BUID0ge30sCnN0YWNrRGVwdGggPSAxLApzdGF0dXMgPSAiYWN0aXZlIiwKdXNlck5hbWUgPSAibWV0LzkuMS4z', 'COMOUT_CONF': '/gpfs/f6/gfs-cpu/scratch/Tseganeh.Gichamo/COMROOT//maysoilda/enkfgdas.20220505/12/ensstat/conf', 'COM_SNOW_ANALYSIS_TMPL': '${ROTDIR}/${RUN}.${YMD}/${HH}/${MEMDIR}/analysis/snow', 'SLURM_MEM_PER_CPU': 16384, '_ModuleTable064_': 'LAp9LApbInB5LXBhY2thZ2luZyJdID0gewpmbiA9ICIvYXV0b2ZzL25jcmMtc3ZtMV9wcm9qL2VwaWMvc3BhY2stc3RhY2svYzYvc3BhY2stc3RhY2stMS42LjAvZW52cy9nc2ktYWRkb24tZGV2LWZtcy0yMDI0LjAxL2luc3RhbGwvbW9kdWxlZmlsZXMvaW50ZWwvMjAyMy4yLjAvcHktcGFja2FnaW5nLzIzLjEubHVhIiwKZnVsbE5hbWUgPSAicHktcGFja2FnaW5nLzIzLjEiLApsb2FkT3JkZXIgPSA4OSwKcHJvcFQgPSB7fSwKcmVmX2NvdW50ID0gMSwKc3RhY2tEZXB0aCA9IDIsCnN0YXR1cyA9ICJhY3RpdmUiLAp1c2VyTmFtZSA9ICJweS1wYWNrYWdpbmcvMjMuMSIsCndWID0gIjAwMDAwMDAyMy4wMDAwMDAwMDEuKnpmaW5hbCIsCn0sClsicHktcGFuZGFzIl0gPSB7CmZu', 'LD_LIBRARY_PATH': '/autofs/ncrc-svm1_proj/epic/spack-stack/c6/spack-stack-1.6.0/envs/gsi-addon-dev-fms-2024.01/install/intel/2023.2.0/py-xarray-2023.7.0-ozoxbgs/lib:/autofs/ncrc-svm1_proj/epic/spack-stack/c6/spack-stack-1.6.0/envs/gsi-addon-dev-fms-2024.01/install/intel/2023.2.0/py-packaging-23.1-sep32z3/lib:/autofs/ncrc-svm1_proj/epic/spack-stack/c6/spack-stack-1.6.0/envs/unified-env/install/intel/2023.2.0/netcdf-cxx4-4.3.1-2nfkojj/lib:/autofs/ncrc-svm1_proj/epic/spack-stack/c6/spack-stack-1.6.0/envs/gsi-addon-dev-fms-2024.01/install/intel/2023.2.0/g2c-1.8.0-bo73v5x/lib64:/autofs/ncrc-svm1_proj/epic/spack-stack/c6/spack-stack-1.6.0/envs/gsi-addon-dev-fms-2024.01/install/intel/2023.2.0/py-python-dateutil-2.8.2-bxlqjfj/lib:/autofs/ncrc-svm1_proj/epic/spack-stack/c6/spack-stack-1.6.0/envs/gsi-addon-dev-fms-2024.01/install/intel/2023.2.0/py-six-1.16.0-j3lczkg/lib:/autofs/ncrc-svm1_proj/epic/spack-stack/c6/spack-stack-1.6.0/envs/gsi-addon-dev-fms-2024.01/install/intel/2023.2.0/py-pandas-1.5.3-wyb2e7x/lib:/autofs/ncrc-svm1_proj/epic/spack-stack/c6/spack-stack-1.6.0/envs/gsi-addon-dev-fms-2024.01/install/intel/2023.2.0/py-xlwt-1.3.0-tzgvwhp/lib:/autofs/ncrc-svm1_proj/epic/spack-stack/c6/spack-stack-1.6.0/envs/gsi-addon-dev-fms-2024.01/install/intel/2023.2.0/py-xlsxwriter-3.1.7-vsx375z/lib:/autofs/ncrc-svm1_proj/epic/spack-stack/c6/spack-stack-1.6.0/envs/gsi-addon-dev-fms-2024.01/install/intel/2023.2.0/py-xlrd-2.0.1-7f7n55b/lib:/autofs/ncrc-svm1_proj/epic/spack-stack/c6/spack-stack-1.6.0/envs/gsi-addon-dev-fms-2024.01/install/intel/2023.2.0/py-pyxlsb-1.0.10-yf2yish/lib:/autofs/ncrc-svm1_proj/epic/spack-stack/c6/spack-stack-1.6.0/envs/gsi-addon-dev-fms-2024.01/install/intel/2023.2.0/py-pytz-2023.3-wbjoep3/lib:/autofs/ncrc-svm1_proj/epic/spack-stack/c6/spack-stack-1.6.0/envs/gsi-addon-dev-fms-2024.01/install/intel/2023.2.0/py-openpyxl-3.1.2-3g7ehn2/lib:/autofs/ncrc-svm1_proj/epic/spack-stack/c6/spack-stack-1.6.0/envs/gsi-addon-dev-fms-2024.01/install/intel/2023.2.0/py-et-xmlfile-1.0.1-iprhnfe/lib:/autofs/ncrc-svm1_proj/epic/spack-stack/c6/spack-stack-1.6.0/envs/gsi-addon-dev-fms-2024.01/install/intel/2023.2.0/py-numexpr-2.8.4-svc4zzb/lib:/autofs/ncrc-svm1_proj/epic/spack-stack/c6/spack-stack-1.6.0/envs/gsi-addon-dev-fms-2024.01/install/intel/2023.2.0/py-bottleneck-1.3.7-w3cslfi/lib:/autofs/ncrc-svm1_proj/epic/spack-stack/c6/spack-stack-1.6.0/envs/gsi-addon-dev-fms-2024.01/install/intel/2023.2.0/py-jinja2-3.1.2-dziq6px/lib:/autofs/ncrc-svm1_proj/epic/spack-stack/c6/spack-stack-1.6.0/envs/gsi-addon-dev-fms-2024.01/install/intel/2023.2.0/py-markupsafe-2.1.3-izecrid/lib:/autofs/ncrc-svm1_proj/epic/spack-stack/c6/spack-stack-1.6.0/envs/gsi-addon-dev-fms-2024.01/install/intel/2023.2.0/py-pyyaml-6.0-g3ruzyd/lib:/autofs/ncrc-svm1_proj/epic/spack-stack/c6/spack-stack-1.6.0/envs/unified-env/install/intel/2023.2.0/libyaml-0.2.5-vnx5l76/lib:/autofs/ncrc-svm1_proj/epic/spack-stack/c6/spack-stack-1.6.0/envs/gsi-addon-dev-fms-2024.01/install/intel/2023.2.0/py-f90nml-1.4.3-sqdas3d/lib:/autofs/ncrc-svm1_proj/epic/spack-stack/c6/spack-stack-1.6.0/envs/gsi-addon-dev-fms-2024.01/install/intel/2023.2.0/py-netcdf4-1.5.8-444i5pm/lib:/autofs/ncrc-svm1_proj/epic/spack-stack/c6/spack-stack-1.6.0/envs/gsi-addon-dev-fms-2024.01/install/intel/2023.2.0/py-cftime-1.0.3.4-dgtglhq/lib:/autofs/ncrc-svm1_proj/epic/spack-stack/c6/spack-stack-1.6.0/envs/unified-env/install/intel/2023.2.0/wgrib2-2.0.8-ptvhuof/lib:/autofs/ncrc-svm1_proj/epic/spack-stack/c6/spack-stack-1.6.0/envs/gsi-addon-dev-fms-2024.01/install/intel/2023.2.0/bufr-11.7.0-2pzpov2/lib64:/autofs/ncrc-svm1_proj/epic/spack-stack/c6/spack-stack-1.6.0/envs/gsi-addon-dev-fms-2024.01/install/intel/2023.2.0/bufr-11.7.0-2pzpov2/lib:/autofs/ncrc-svm1_proj/epic/spack-stack/c6/spack-stack-1.6.0/envs/gsi-addon-dev-fms-2024.01/install/intel/2023.2.0/py-numpy-1.23.4-ir4kiqb/lib:/autofs/ncrc-svm1_proj/epic/spack-stack/c6/spack-stack-1.6.0/envs/gsi-addon-dev-fms-2024.01/install/intel/2023.2.0/py-setuptools-63.4.3-qi6dp6j/lib:/autofs/ncrc-svm1_proj/epic/spack-stack/c6/spack-stack-1.6.0/envs/unified-env/install/intel/2023.2.0/openblas-0.3.24-ctgqvko/lib:/autofs/ncrc-svm1_proj/epic/spack-stack/c6/spack-stack-1.6.0/envs/unified-env/install/intel/2023.2.0/crtm-2.4.0.1-tmwgohs/lib:/autofs/ncrc-svm1_proj/epic/spack-stack/c6/spack-stack-1.6.0/envs/unified-env/install/intel/2023.2.0/gsi-ncdiag-1.1.2-kja6biq/lib64:/autofs/ncrc-svm1_proj/epic/spack-stack/c6/spack-stack-1.6.0/envs/gsi-addon-dev-fms-2024.01/install/intel/2023.2.0/g2tmpl-1.13.0-4df57lb/lib64:/autofs/ncrc-svm1_proj/epic/spack-stack/c6/spack-stack-1.6.0/envs/unified-env/install/intel/2023.2.0/ip-4.3.0-amaleyr/lib64:/autofs/ncrc-svm1_proj/epic/spack-stack/c6/spack-stack-1.6.0/envs/unified-env/install/intel/2023.2.0/sp-2.5.0-i4p7d75/lib64:/autofs/ncrc-svm1_proj/epic/spack-stack/c6/spack-stack-1.6.0/envs/unified-env/install/intel/2023.2.0/g2-3.4.5-qm4a4gp/lib64:/autofs/ncrc-svm1_proj/epic/spack-stack/c6/spack-stack-1.6.0/envs/unified-env/install/intel/2023.2.0/w3emc-2.10.0-cqh37pl/lib64:/autofs/ncrc-svm1_proj/epic/spack-stack/c6/spack-stack-1.6.0/envs/unified-env/install/intel/2023.2.0/bacio-2.4.1-65566nh/lib:/autofs/ncrc-svm1_proj/epic/spack-stack/c6/spack-stack-1.6.0/envs/unified-env/install/intel/2023.2.0/nco-5.0.6-va6qtou/lib:/autofs/ncrc-svm1_proj/epic/spack-stack/c6/spack-stack-1.6.0/envs/unified-env/install/intel/2023.2.0/gsl-2.7.1-2xucf2r/lib:/autofs/ncrc-svm1_proj/epic/spack-stack/c6/spack-stack-1.6.0/envs/unified-env/install/intel/2023.2.0/antlr-2.7.7-d6cugnw/lib:/autofs/ncrc-svm1_proj/epic/spack-stack/c6/spack-stack-1.6.0/envs/unified-env/install/intel/2023.2.0/esmf-8.6.0-edn2jda/lib:/autofs/ncrc-svm1_proj/epic/spack-stack/c6/spack-stack-1.6.0/envs/unified-env/install/intel/2023.2.0/parallelio-2.5.10-pshhbaa/lib:/autofs/ncrc-svm1_proj/epic/spack-stack/c6/spack-stack-1.6.0/envs/unified-env/install/intel/2023.2.0/parallel-netcdf-1.12.2-kgalfuo/lib:/autofs/ncrc-svm1_proj/epic/spack-stack/c6/spack-stack-1.6.0/envs/unified-env/install/intel/2023.2.0/netcdf-fortran-4.6.1-o5cmyfx/lib:/autofs/ncrc-svm1_proj/epic/spack-stack/c6/spack-stack-1.6.0/envs/unified-env/install/intel/2023.2.0/netcdf-c-4.9.2-ltruqgg/lib:/autofs/ncrc-svm1_proj/epic/spack-stack/c6/spack-stack-1.6.0/envs/unified-env/install/intel/2023.2.0/c-blosc-1.21.5-ndrg6bi/lib64:/autofs/ncrc-svm1_proj/epic/spack-stack/c6/spack-stack-1.6.0/envs/unified-env/install/intel/2023.2.0/zstd-1.5.2-p2wyun5/lib:/autofs/ncrc-svm1_proj/epic/spack-stack/c6/spack-stack-1.6.0/envs/unified-env/install/intel/2023.2.0/snappy-1.1.10-frntitj/lib:/autofs/ncrc-svm1_proj/epic/spack-stack/c6/spack-stack-1.6.0/envs/unified-env/install/intel/2023.2.0/cdo-2.2.0-bvuijzr/lib:/autofs/ncrc-svm1_proj/epic/spack-stack/c6/spack-stack-1.6.0/envs/unified-env/install/intel/2023.2.0/udunits-2.2.28-huyn2lv/lib:/autofs/ncrc-svm1_proj/epic/spack-stack/c6/spack-stack-1.6.0/envs/unified-env/install/intel/2023.2.0/proj-9.2.1-pbreuhx/lib64:/autofs/ncrc-svm1_proj/epic/spack-stack/c6/spack-stack-1.6.0/envs/unified-env/install/intel/2023.2.0/curl-8.4.0-bgdh3ia/lib:/autofs/ncrc-svm1_proj/epic/spack-stack/c6/spack-stack-1.6.0/envs/unified-env/install/intel/2023.2.0/nghttp2-1.57.0-syyxr2x/lib:/autofs/ncrc-svm1_proj/epic/spack-stack/c6/spack-stack-1.6.0/envs/unified-env/install/intel/2023.2.0/fftw-3.3.10-o2cfgjr/lib:/autofs/ncrc-svm1_proj/epic/spack-stack/c6/spack-stack-1.6.0/envs/unified-env/install/intel/2023.2.0/eccodes-2.32.0-eeho3p5/lib64:/autofs/ncrc-svm1_proj/epic/spack-stack/c6/spack-stack-1.6.0/envs/unified-env/install/intel/2023.2.0/openjpeg-2.3.1-x7lxvhz/lib:/autofs/ncrc-svm1_proj/epic/spack-stack/c6/spack-stack-1.6.0/envs/unified-env/install/intel/2023.2.0/libpng-1.6.37-kb3ztui/lib64:/autofs/ncrc-svm1_proj/epic/spack-stack/c6/spack-stack-1.6.0/envs/unified-env/install/intel/2023.2.0/libpng-1.6.37-kb3ztui/lib:/autofs/ncrc-svm1_proj/epic/spack-stack/c6/spack-stack-1.6.0/envs/unified-env/install/intel/2023.2.0/jasper-2.0.32-grcyfa6/lib64:/autofs/ncrc-svm1_proj/epic/spack-stack/c6/spack-stack-1.6.0/envs/unified-env/install/intel/2023.2.0/libjpeg-turbo-2.1.0-csq2v6y/lib64:/autofs/ncrc-svm1_proj/epic/spack-stack/c6/spack-stack-1.6.0/envs/gsi-addon-dev-fms-2024.01/install/intel/2023.2.0/python-3.11.6-czff3ln/lib:/autofs/ncrc-svm1_proj/epic/spack-stack/c6/spack-stack-1.6.0/envs/unified-env/install/intel/2023.2.0/util-linux-uuid-2.38.1-ueu4wkj/lib:/autofs/ncrc-svm1_proj/epic/spack-stack/c6/spack-stack-1.6.0/envs/unified-env/install/intel/2023.2.0/sqlite-3.43.2-zckjj2i/lib:/autofs/ncrc-svm1_proj/epic/spack-stack/c6/spack-stack-1.6.0/envs/unified-env/install/intel/2023.2.0/zlib-1.2.13-jhw3a7j/lib:/autofs/ncrc-svm1_proj/epic/spack-stack/c6/spack-stack-1.6.0/envs/unified-env/install/intel/2023.2.0/libxcrypt-4.4.35-khoghoj/lib:/opt/cray/libfabric/1.20.1/lib64:/opt/intel/oneapi/mkl/2023.2.0/lib/intel64:/opt/intel/oneapi/compiler/2023.2.0/linux/lib:/opt/intel/oneapi/compiler/2023.2.0/linux/lib/x64:/opt/intel/oneapi/compiler/2023.2.0/linux/lib/oclfpga/host/linux64/lib:/opt/intel/oneapi/compiler/2023.2.0/linux/compiler/lib/intel64_lin:/opt/cray/pe/papi/7.2.0.1/lib64:/autofs/ncrc-svm1_proj/epic/spack-stack/c6/spack-stack-1.6.0/envs/unified-env/install/intel/2023.2.0/hdf5-1.14.0-qyuwquo/lib', 'sp_ROOT': '/autofs/ncrc-svm1_proj/epic/spack-stack/c6/spack-stack-1.6.0/envs/unified-env/install/intel/2023.2.0/sp-2.5.0-i4p7d75', 'ARCH_GAUSSIAN_FHINC': 3, 'HOSTTYPE': 'x86_64', 'EMACS_TOOLKIT': 'x11', 'zlib_ROOT': '/autofs/ncrc-svm1_proj/epic/spack-stack/c6/spack-stack-1.6.0/envs/unified-env/install/intel/2023.2.0/zlib-1.2.13-jhw3a7j', 'SENDDBN_NTC': False, 'CRAY_DSMML_ROOTDIR': '/opt/cray/pe/dsmml/0.3.1', 'cmake_ver': '3.23.1', 'COM_ATMOS_RADMON_TMPL': '${ROTDIR}/${RUN}.${YMD}/${HH}/${MEMDIR}/products/atmos/radmon', '__LMOD_REF_COUNT_HDF5_PLUGIN_PATH': '/autofs/ncrc-svm1_proj/epic/spack-stack/c6/spack-stack-1.6.0/envs/unified-env/install/intel/2023.2.0/netcdf-c-4.9.2-ltruqgg/plugins:1', 'threads_per_task': 1, 'COM_ICE_GRIB_TMPL': '${ROTDIR}/${RUN}.${YMD}/${HH}/${MEMDIR}/products/ice/grib2', '_ModuleTable077_': 'c3RhY2stMS42LjAvZW52cy9nc2ktYWRkb24tZGV2LWZtcy0yMDI0LjAxL2luc3RhbGwvbW9kdWxlZmlsZXMvaW50ZWwvMjAyMy4yLjAvc3AvMi41LjAubHVhIiwKZnVsbE5hbWUgPSAic3AvMi41LjAiLApsb2FkT3JkZXIgPSA1MiwKcHJvcFQgPSB7fSwKcmVmX2NvdW50ID0gMiwKc3RhY2tEZXB0aCA9IDMsCnN0YXR1cyA9ICJhY3RpdmUiLAp1c2VyTmFtZSA9ICJzcC8yLjUuMCIsCndWID0gIjAwMDAwMDAwMi4wMDAwMDAwMDUuKnpmaW5hbCIsCn0sCnNxbGl0ZSA9IHsKZm4gPSAiL2F1dG9mcy9uY3JjLXN2bTFfcHJvai9lcGljL3NwYWNrLXN0YWNrL2M2L3NwYWNrLXN0YWNrLTEuNi4wL2VudnMvZ3NpLWFkZG9uLWRldi1mbXMtMjAyNC4wMS9pbnN0YWxsL21vZHVsZWZpbGVz', 'COMINnam': '{{ COMINnam }}', '_ModuleTable017_': 'MS9pbnN0YWxsL21vZHVsZWZpbGVzL2ludGVsLzIwMjMuMi4wL2VjY29kZXMvMi4zMi4wLmx1YSIsCmZ1bGxOYW1lID0gImVjY29kZXMvMi4zMi4wIiwKbG9hZE9yZGVyID0gMjcsCnByb3BUID0ge30sCnJlZl9jb3VudCA9IDEsCnN0YWNrRGVwdGggPSAyLApzdGF0dXMgPSAiYWN0aXZlIiwKdXNlck5hbWUgPSAiZWNjb2Rlcy8yLjMyLjAiLAp3ViA9ICIwMDAwMDAwMDIuMDAwMDAwMDMyLip6ZmluYWwiLAp9LAplc21mID0gewpmbiA9ICIvYXV0b2ZzL25jcmMtc3ZtMV9wcm9qL2VwaWMvc3BhY2stc3RhY2svYzYvc3BhY2stc3RhY2stMS42LjAvZW52cy9nc2ktYWRkb24tZGV2LWZtcy0yMDI0LjAxL2luc3RhbGwvbW9kdWxlZmlsZXMvY3JheS1tcGljaC84LjEuMjkvaW50ZWwv', 'SLURM_NODEID': 0, 'CRAY_DSMML_DIR': '/opt/cray/pe/dsmml/0.3.1/dsmml', '_ModuleTable032_': 'MiwKc3RhdHVzID0gImFjdGl2ZSIsCnVzZXJOYW1lID0gImlwLzQuMy4wIiwKd1YgPSAiMDAwMDAwMDA0LjAwMDAwMDAwMy4qemZpbmFsIiwKfSwKamFzcGVyID0gewpmbiA9ICIvYXV0b2ZzL25jcmMtc3ZtMV9wcm9qL2VwaWMvc3BhY2stc3RhY2svYzYvc3BhY2stc3RhY2stMS42LjAvZW52cy9nc2ktYWRkb24tZGV2LWZtcy0yMDI0LjAxL2luc3RhbGwvbW9kdWxlZmlsZXMvaW50ZWwvMjAyMy4yLjAvamFzcGVyLzIuMC4zMi5sdWEiLApmdWxsTmFtZSA9ICJqYXNwZXIvMi4wLjMyIiwKbG9hZE9yZGVyID0gMjQsCnByb3BUID0ge30sCnN0YWNrRGVwdGggPSAxLApzdGF0dXMgPSAiYWN0aXZlIiwKdXNlck5hbWUgPSAiamFzcGVyLzIuMC4zMiIsCndWID0gIjAwMDAwMDAwMi4w', 'WRITE_DOPOST': True, 'SLURM_TASK_PID': 3560392, 'prepobs_run_ver': '1.1.0', 'PIO_VERSION_MAJOR': 2, 'py_pandas_ver': '1.5.3', 'met_ROOT': '/autofs/ncrc-svm1_proj/epic/spack-stack/c6/spack-stack-1.6.0/envs/gsi-addon-dev-fms-2024.01/install/intel/2023.2.0/met-9.1.3-kwvpto3', '__LMOD_REF_COUNT_PATH': '/usw/hpss/9.3/bin:1;/autofs/ncrc-svm1_proj/epic/spack-stack/c6/spack-stack-1.6.0/envs/gsi-addon-dev-fms-2024.01/install/intel/2023.2.0/metplus-3.1.1-dpwuzh3/ush:1;/autofs/ncrc-svm1_proj/epic/spack-stack/c6/spack-stack-1.6.0/envs/gsi-addon-dev-fms-2024.01/install/intel/2023.2.0/met-9.1.3-kwvpto3/bin:2;/autofs/ncrc-svm1_proj/epic/spack-stack/c6/spack-stack-1.6.0/envs/unified-env/install/intel/2023.2.0/netcdf-cxx4-4.3.1-2nfkojj/bin:2;/autofs/ncrc-svm1_proj/epic/spack-stack/c6/spack-stack-1.6.0/envs/gsi-addon-dev-fms-2024.01/install/intel/2023.2.0/py-xlsxwriter-3.1.7-vsx375z/bin:2;/autofs/ncrc-svm1_proj/epic/spack-stack/c6/spack-stack-1.6.0/envs/gsi-addon-dev-fms-2024.01/install/intel/2023.2.0/py-xlrd-2.0.1-7f7n55b/bin:2;/autofs/ncrc-svm1_proj/epic/spack-stack/c6/spack-stack-1.6.0/envs/gsi-addon-dev-fms-2024.01/install/intel/2023.2.0/py-f90nml-1.4.3-sqdas3d/bin:2;/autofs/ncrc-svm1_proj/epic/spack-stack/c6/spack-stack-1.6.0/envs/gsi-addon-dev-fms-2024.01/install/intel/2023.2.0/py-netcdf4-1.5.8-444i5pm/bin:2;/autofs/ncrc-svm1_proj/epic/spack-stack/c6/spack-stack-1.6.0/envs/unified-env/install/intel/2023.2.0/wgrib2-2.0.8-ptvhuof/bin:2;/autofs/ncrc-svm1_proj/epic/spack-stack/c6/spack-stack-1.6.0/envs/gsi-addon-dev-fms-2024.01/install/intel/2023.2.0/bufr-11.7.0-2pzpov2/bin:2;/autofs/ncrc-svm1_proj/epic/spack-stack/c6/spack-stack-1.6.0/envs/gsi-addon-dev-fms-2024.01/install/intel/2023.2.0/py-numpy-1.23.4-ir4kiqb/bin:2;/autofs/ncrc-svm1_proj/epic/spack-stack/c6/spack-stack-1.6.0/envs/unified-env/install/intel/2023.2.0/openblas-0.3.24-ctgqvko/bin:2;/autofs/ncrc-svm1_proj/epic/spack-stack/c6/spack-stack-1.6.0/envs/unified-env/install/intel/2023.2.0/gsi-ncdiag-1.1.2-kja6biq/bin:2;/autofs/ncrc-svm1_proj/epic/spack-stack/c6/spack-stack-1.6.0/envs/gsi-addon-dev-fms-2024.01/install/intel/2023.2.0/grib-util-1.3.0-smauszx/bin:2;/autofs/ncrc-svm1_proj/epic/spack-stack/c6/spack-stack-1.6.0/envs/unified-env/install/intel/2023.2.0/prod-util-2.1.1-ynnwpz3/bin:2;/autofs/ncrc-svm1_proj/epic/spack-stack/c6/spack-stack-1.6.0/envs/unified-env/install/intel/2023.2.0/nco-5.0.6-va6qtou/bin:2;/autofs/ncrc-svm1_proj/epic/spack-stack/c6/spack-stack-1.6.0/envs/unified-env/install/intel/2023.2.0/gsl-2.7.1-2xucf2r/bin:2;/autofs/ncrc-svm1_proj/epic/spack-stack/c6/spack-stack-1.6.0/envs/unified-env/install/intel/2023.2.0/antlr-2.7.7-d6cugnw/bin:2;/ncrc/usw/gfdl/perlbrew/bin:1;/ncrc/usw/gfdl/perlbrew/perls/perl-5.38.2/bin:1;/autofs/ncrc-svm1_proj/epic/spack-stack/c6/spack-stack-1.6.0/envs/unified-env/install/intel/2023.2.0/esmf-8.6.0-edn2jda/bin:2;/autofs/ncrc-svm1_proj/epic/spack-stack/c6/spack-stack-1.6.0/envs/unified-env/install/intel/2023.2.0/parallel-netcdf-1.12.2-kgalfuo/bin:2;/autofs/ncrc-svm1_proj/epic/spack-stack/c6/spack-stack-1.6.0/envs/unified-env/install/intel/2023.2.0/netcdf-fortran-4.6.1-o5cmyfx/bin:2;/autofs/ncrc-svm1_proj/epic/spack-stack/c6/spack-stack-1.6.0/envs/unified-env/install/intel/2023.2.0/netcdf-c-4.9.2-ltruqgg/bin:2;/autofs/ncrc-svm1_proj/epic/spack-stack/c6/spack-stack-1.6.0/envs/unified-env/install/intel/2023.2.0/zstd-1.5.2-p2wyun5/bin:2;/autofs/ncrc-svm1_proj/epic/spack-stack/c6/spack-stack-1.6.0/envs/unified-env/install/intel/2023.2.0/hdf5-1.14.0-qyuwquo/bin:2;/autofs/ncrc-svm1_proj/epic/spack-stack/c6/spack-stack-1.6.0/envs/unified-env/install/intel/2023.2.0/cdo-2.2.0-bvuijzr/bin:2;/autofs/ncrc-svm1_proj/epic/spack-stack/c6/spack-stack-1.6.0/envs/unified-env/install/intel/2023.2.0/udunits-2.2.28-huyn2lv/bin:2;/autofs/ncrc-svm1_proj/epic/spack-stack/c6/spack-stack-1.6.0/envs/unified-env/install/intel/2023.2.0/proj-9.2.1-pbreuhx/bin:2;/autofs/ncrc-svm1_proj/epic/spack-stack/c6/spack-stack-1.6.0/envs/unified-env/install/intel/2023.2.0/curl-8.4.0-bgdh3ia/bin:2;/autofs/ncrc-svm1_proj/epic/spack-stack/c6/spack-stack-1.6.0/envs/unified-env/install/intel/2023.2.0/nghttp2-1.57.0-syyxr2x/bin:2;/autofs/ncrc-svm1_proj/epic/spack-stack/c6/spack-stack-1.6.0/envs/unified-env/install/intel/2023.2.0/fftw-3.3.10-o2cfgjr/bin:2;/autofs/ncrc-svm1_proj/epic/spack-stack/c6/spack-stack-1.6.0/envs/unified-env/install/intel/2023.2.0/libpng-1.6.37-kb3ztui/bin:2;/autofs/ncrc-svm1_proj/epic/spack-stack/c6/spack-stack-1.6.0/envs/unified-env/install/intel/2023.2.0/jasper-2.0.32-grcyfa6/bin:2;/autofs/ncrc-svm1_proj/epic/spack-stack/c6/spack-stack-1.6.0/envs/unified-env/install/intel/2023.2.0/libjpeg-turbo-2.1.0-csq2v6y/bin:2;/autofs/ncrc-svm1_proj/epic/spack-stack/c6/spack-stack-1.6.0/envs/gsi-addon-dev-fms-2024.01/install/intel/2023.2.0/python-3.11.6-czff3ln/bin:2;/autofs/ncrc-svm1_proj/epic/spack-stack/c6/spack-stack-1.6.0/envs/unified-env/install/intel/2023.2.0/util-linux-uuid-2.38.1-ueu4wkj/bin:2;/autofs/ncrc-svm1_proj/epic/spack-stack/c6/spack-stack-1.6.0/envs/unified-env/install/intel/2023.2.0/sqlite-3.43.2-zckjj2i/bin:2;/opt/cray/pe/mpich/8.1.29/ofi/intel/2022.1/bin:1;/opt/cray/pe/mpich/8.1.29/bin:1;/opt/cray/libfabric/1.20.1/bin:1;/opt/cray/pe/craype/2.7.30/bin:1;/opt/intel/oneapi/mkl/2023.2.0/bin/intel64:1;/opt/intel/oneapi/compiler/2023.2.0/linux/lib/oclfpga/bin:1;/opt/intel/oneapi/compiler/2023.2.0/linux/bin/intel64:1;/opt/intel/oneapi/compiler/2023.2.0/linux/bin:1;/opt/cray/pe/perftools/25.03.0/bin:1;/opt/cray/pe/papi/7.2.0.1/bin:1;/ncrc/home2/Tseganeh.Gichamo/bin:1;/opt/clmgr/sbin:1;/opt/clmgr/bin:1;/opt/sgi/sbin:1;/opt/sgi/bin:1;/usr/local/bin:1;/usr/bin:1;/bin:2;/opt/bin:1;/opt/c3/bin:1;/usr/lib/mit/bin:1;/usr/lib/mit/sbin:1;/opt/puppetlabs/bin:1;/sbin:1;/usr/lpp/mmfs/bin:1;/opt/cray/pe/bin:1', '_ModuleTable061_': 'LW5ldGNkZjQvMS41LjgiLAp3ViA9ICIwMDAwMDAwMDEuMDAwMDAwMDA1LjAwMDAwMDAwOC4qemZpbmFsIiwKfSwKWyJweS1udW1leHByIl0gPSB7CmZuID0gIi9hdXRvZnMvbmNyYy1zdm0xX3Byb2ovZXBpYy9zcGFjay1zdGFjay9jNi9zcGFjay1zdGFjay0xLjYuMC9lbnZzL2dzaS1hZGRvbi1kZXYtZm1zLTIwMjQuMDEvaW5zdGFsbC9tb2R1bGVmaWxlcy9pbnRlbC8yMDIzLjIuMC9weS1udW1leHByLzIuOC40Lmx1YSIsCmZ1bGxOYW1lID0gInB5LW51bWV4cHIvMi44LjQiLApsb2FkT3JkZXIgPSA3NCwKcHJvcFQgPSB7fSwKcmVmX2NvdW50ID0gMSwKc3RhY2tEZXB0aCA9IDIsCnN0YXR1cyA9ICJhY3RpdmUiLAp1c2VyTmFtZSA9ICJweS1udW1leHByLzIuOC40IiwKd1Yg', '_ModuleTable002_': 'LWM2L21vZHVsZWZpbGVzL0NtcnNFbnYvZGVmYXVsdCIsCmZ1bGxOYW1lID0gIkNtcnNFbnYvZGVmYXVsdCIsCmxvYWRPcmRlciA9IDUsCnByb3BUID0ge30sCnN0YWNrRGVwdGggPSAxLApzdGF0dXMgPSAiYWN0aXZlIiwKdXNlck5hbWUgPSAiQ21yc0Vudi9kZWZhdWx0IiwKd1YgPSAiXmRlZmF1bHQuKnpmaW5hbCIsCn0sCkRlZkFwcHMgPSB7CmFjdGlvbkEgPSB7CiJwcmVwZW5kX3BhdGgoXCJNT0RVTEVQQVRIXCIsXCIvc3cvZ2FlYS1jNi9zcGFjay1lbnZzL2Jhc2UvbW9kdWxlcy9zcGFjay9Db3JlXCIpIiwKfSwKZm4gPSAiL3N3L2dhZWEtYzYvbW9kdWxlZmlsZXMvRGVmQXBwcy9kZWZhdWx0Lmx1YSIsCmZ1bGxOYW1lID0gIkRlZkFwcHMvZGVmYXVsdCIsCmxvYWRPcmRl', 'esmf_ROOT': '/autofs/ncrc-svm1_proj/epic/spack-stack/c6/spack-stack-1.6.0/envs/unified-env/install/intel/2023.2.0/esmf-8.6.0-edn2jda', 'libpng_ROOT': '/autofs/ncrc-svm1_proj/epic/spack-stack/c6/spack-stack-1.6.0/envs/unified-env/install/intel/2023.2.0/libpng-1.6.37-kb3ztui', 'PE_MPICH_GTL_DIR_amd_gfx90a': '-L/opt/cray/pe/mpich/8.1.29/gtl/lib', 'RUN': 'enkfgdas', '_ModuleTable082_': 'CnN0YWNrRGVwdGggPSAyLApzdGF0dXMgPSAiYWN0aXZlIiwKdXNlck5hbWUgPSAidWR1bml0cy8yLjIuMjgiLAp3ViA9ICIwMDAwMDAwMDIuMDAwMDAwMDAyLjAwMDAwMDAyOC4qemZpbmFsIiwKfSwKWyJ1dGlsLWxpbnV4LXV1aWQiXSA9IHsKZm4gPSAiL2F1dG9mcy9uY3JjLXN2bTFfcHJvai9lcGljL3NwYWNrLXN0YWNrL2M2L3NwYWNrLXN0YWNrLTEuNi4wL2VudnMvZ3NpLWFkZG9uLWRldi1mbXMtMjAyNC4wMS9pbnN0YWxsL21vZHVsZWZpbGVzL2ludGVsLzIwMjMuMi4wL3V0aWwtbGludXgtdXVpZC8yLjM4LjEubHVhIiwKZnVsbE5hbWUgPSAidXRpbC1saW51eC11dWlkLzIuMzguMSIsCmxvYWRPcmRlciA9IDIxLApwcm9wVCA9IHt9LApyZWZfY291bnQgPSAyLApzdGFj', '_ModuleTable047_': 'dWxsTmFtZSA9ICJvcGVuanBlZy8yLjMuMSIsCmxvYWRPcmRlciA9IDI2LApwcm9wVCA9IHt9LApyZWZfY291bnQgPSAxLApzdGFja0RlcHRoID0gMywKc3RhdHVzID0gImFjdGl2ZSIsCnVzZXJOYW1lID0gIm9wZW5qcGVnLzIuMy4xIiwKd1YgPSAiMDAwMDAwMDAyLjAwMDAwMDAwMy4wMDAwMDAwMDEuKnpmaW5hbCIsCn0sClsicGFyYWxsZWwtbmV0Y2RmIl0gPSB7CmZuID0gIi9hdXRvZnMvbmNyYy1zdm0xX3Byb2ovZXBpYy9zcGFjay1zdGFjay9jNi9zcGFjay1zdGFjay0xLjYuMC9lbnZzL2dzaS1hZGRvbi1kZXYtZm1zLTIwMjQuMDEvaW5zdGFsbC9tb2R1bGVmaWxlcy9jcmF5LW1waWNoLzguMS4yOS9pbnRlbC8yMDIzLjIuMC9wYXJhbGxlbC1uZXRjZGYvMS4xMi4yLmx1', 'FHMAX_ENKF': 9, 'LESSCLOSE': 'lessclose.sh %s %s', 'ARCH_WARMICFREQ': 4, 'CRAY_LD_LIBRARY_PATH': '/opt/cray/pe/mpich/8.1.29/ofi/intel/2022.1/lib:/opt/cray/pe/mpich/8.1.29/gtl/lib:/opt/cray/pe/dsmml/0.3.1/dsmml/lib:/opt/cray/pe/pmi/6.1.15/lib:/opt/cray/pe/perftools/25.03.0/lib64', 'SINFO_SORT': ['V', '+R'], '__LMOD_REF_COUNT_DYLD_LIBRARY_PATH': '/autofs/ncrc-svm1_proj/epic/spack-stack/c6/spack-stack-1.6.0/envs/gsi-addon-dev-fms-2024.01/install/intel/2023.2.0/py-xarray-2023.7.0-ozoxbgs/lib:1;/autofs/ncrc-svm1_proj/epic/spack-stack/c6/spack-stack-1.6.0/envs/gsi-addon-dev-fms-2024.01/install/intel/2023.2.0/py-packaging-23.1-sep32z3/lib:1;/autofs/ncrc-svm1_proj/epic/spack-stack/c6/spack-stack-1.6.0/envs/unified-env/install/intel/2023.2.0/netcdf-cxx4-4.3.1-2nfkojj/lib:1;/autofs/ncrc-svm1_proj/epic/spack-stack/c6/spack-stack-1.6.0/envs/gsi-addon-dev-fms-2024.01/install/intel/2023.2.0/g2c-1.8.0-bo73v5x/lib64:1;/autofs/ncrc-svm1_proj/epic/spack-stack/c6/spack-stack-1.6.0/envs/gsi-addon-dev-fms-2024.01/install/intel/2023.2.0/py-python-dateutil-2.8.2-bxlqjfj/lib:1;/autofs/ncrc-svm1_proj/epic/spack-stack/c6/spack-stack-1.6.0/envs/gsi-addon-dev-fms-2024.01/install/intel/2023.2.0/py-six-1.16.0-j3lczkg/lib:1;/autofs/ncrc-svm1_proj/epic/spack-stack/c6/spack-stack-1.6.0/envs/gsi-addon-dev-fms-2024.01/install/intel/2023.2.0/py-pandas-1.5.3-wyb2e7x/lib:1;/autofs/ncrc-svm1_proj/epic/spack-stack/c6/spack-stack-1.6.0/envs/gsi-addon-dev-fms-2024.01/install/intel/2023.2.0/py-xlwt-1.3.0-tzgvwhp/lib:1;/autofs/ncrc-svm1_proj/epic/spack-stack/c6/spack-stack-1.6.0/envs/gsi-addon-dev-fms-2024.01/install/intel/2023.2.0/py-xlsxwriter-3.1.7-vsx375z/lib:1;/autofs/ncrc-svm1_proj/epic/spack-stack/c6/spack-stack-1.6.0/envs/gsi-addon-dev-fms-2024.01/install/intel/2023.2.0/py-xlrd-2.0.1-7f7n55b/lib:1;/autofs/ncrc-svm1_proj/epic/spack-stack/c6/spack-stack-1.6.0/envs/gsi-addon-dev-fms-2024.01/install/intel/2023.2.0/py-pyxlsb-1.0.10-yf2yish/lib:1;/autofs/ncrc-svm1_proj/epic/spack-stack/c6/spack-stack-1.6.0/envs/gsi-addon-dev-fms-2024.01/install/intel/2023.2.0/py-pytz-2023.3-wbjoep3/lib:1;/autofs/ncrc-svm1_proj/epic/spack-stack/c6/spack-stack-1.6.0/envs/gsi-addon-dev-fms-2024.01/install/intel/2023.2.0/py-openpyxl-3.1.2-3g7ehn2/lib:1;/autofs/ncrc-svm1_proj/epic/spack-stack/c6/spack-stack-1.6.0/envs/gsi-addon-dev-fms-2024.01/install/intel/2023.2.0/py-et-xmlfile-1.0.1-iprhnfe/lib:1;/autofs/ncrc-svm1_proj/epic/spack-stack/c6/spack-stack-1.6.0/envs/gsi-addon-dev-fms-2024.01/install/intel/2023.2.0/py-numexpr-2.8.4-svc4zzb/lib:1;/autofs/ncrc-svm1_proj/epic/spack-stack/c6/spack-stack-1.6.0/envs/gsi-addon-dev-fms-2024.01/install/intel/2023.2.0/py-bottleneck-1.3.7-w3cslfi/lib:1;/autofs/ncrc-svm1_proj/epic/spack-stack/c6/spack-stack-1.6.0/envs/gsi-addon-dev-fms-2024.01/install/intel/2023.2.0/py-jinja2-3.1.2-dziq6px/lib:1;/autofs/ncrc-svm1_proj/epic/spack-stack/c6/spack-stack-1.6.0/envs/gsi-addon-dev-fms-2024.01/install/intel/2023.2.0/py-markupsafe-2.1.3-izecrid/lib:1;/autofs/ncrc-svm1_proj/epic/spack-stack/c6/spack-stack-1.6.0/envs/gsi-addon-dev-fms-2024.01/install/intel/2023.2.0/py-pyyaml-6.0-g3ruzyd/lib:1;/autofs/ncrc-svm1_proj/epic/spack-stack/c6/spack-stack-1.6.0/envs/unified-env/install/intel/2023.2.0/libyaml-0.2.5-vnx5l76/lib:1;/autofs/ncrc-svm1_proj/epic/spack-stack/c6/spack-stack-1.6.0/envs/gsi-addon-dev-fms-2024.01/install/intel/2023.2.0/py-f90nml-1.4.3-sqdas3d/lib:1;/autofs/ncrc-svm1_proj/epic/spack-stack/c6/spack-stack-1.6.0/envs/gsi-addon-dev-fms-2024.01/install/intel/2023.2.0/py-netcdf4-1.5.8-444i5pm/lib:1;/autofs/ncrc-svm1_proj/epic/spack-stack/c6/spack-stack-1.6.0/envs/gsi-addon-dev-fms-2024.01/install/intel/2023.2.0/py-cftime-1.0.3.4-dgtglhq/lib:1;/autofs/ncrc-svm1_proj/epic/spack-stack/c6/spack-stack-1.6.0/envs/unified-env/install/intel/2023.2.0/wgrib2-2.0.8-ptvhuof/lib:1;/autofs/ncrc-svm1_proj/epic/spack-stack/c6/spack-stack-1.6.0/envs/gsi-addon-dev-fms-2024.01/install/intel/2023.2.0/bufr-11.7.0-2pzpov2/lib64:1;/autofs/ncrc-svm1_proj/epic/spack-stack/c6/spack-stack-1.6.0/envs/gsi-addon-dev-fms-2024.01/install/intel/2023.2.0/bufr-11.7.0-2pzpov2/lib:1;/autofs/ncrc-svm1_proj/epic/spack-stack/c6/spack-stack-1.6.0/envs/gsi-addon-dev-fms-2024.01/install/intel/2023.2.0/py-numpy-1.23.4-ir4kiqb/lib:1;/autofs/ncrc-svm1_proj/epic/spack-stack/c6/spack-stack-1.6.0/envs/gsi-addon-dev-fms-2024.01/install/intel/2023.2.0/py-setuptools-63.4.3-qi6dp6j/lib:1;/autofs/ncrc-svm1_proj/epic/spack-stack/c6/spack-stack-1.6.0/envs/unified-env/install/intel/2023.2.0/openblas-0.3.24-ctgqvko/lib:1;/autofs/ncrc-svm1_proj/epic/spack-stack/c6/spack-stack-1.6.0/envs/unified-env/install/intel/2023.2.0/crtm-2.4.0.1-tmwgohs/lib:1;/autofs/ncrc-svm1_proj/epic/spack-stack/c6/spack-stack-1.6.0/envs/unified-env/install/intel/2023.2.0/gsi-ncdiag-1.1.2-kja6biq/lib64:1;/autofs/ncrc-svm1_proj/epic/spack-stack/c6/spack-stack-1.6.0/envs/gsi-addon-dev-fms-2024.01/install/intel/2023.2.0/g2tmpl-1.13.0-4df57lb/lib64:1;/autofs/ncrc-svm1_proj/epic/spack-stack/c6/spack-stack-1.6.0/envs/unified-env/install/intel/2023.2.0/ip-4.3.0-amaleyr/lib64:1;/autofs/ncrc-svm1_proj/epic/spack-stack/c6/spack-stack-1.6.0/envs/unified-env/install/intel/2023.2.0/sp-2.5.0-i4p7d75/lib64:1;/autofs/ncrc-svm1_proj/epic/spack-stack/c6/spack-stack-1.6.0/envs/unified-env/install/intel/2023.2.0/g2-3.4.5-qm4a4gp/lib64:1;/autofs/ncrc-svm1_proj/epic/spack-stack/c6/spack-stack-1.6.0/envs/unified-env/install/intel/2023.2.0/w3emc-2.10.0-cqh37pl/lib64:1;/autofs/ncrc-svm1_proj/epic/spack-stack/c6/spack-stack-1.6.0/envs/unified-env/install/intel/2023.2.0/bacio-2.4.1-65566nh/lib:1;/autofs/ncrc-svm1_proj/epic/spack-stack/c6/spack-stack-1.6.0/envs/unified-env/install/intel/2023.2.0/nco-5.0.6-va6qtou/lib:1;/autofs/ncrc-svm1_proj/epic/spack-stack/c6/spack-stack-1.6.0/envs/unified-env/install/intel/2023.2.0/gsl-2.7.1-2xucf2r/lib:1;/autofs/ncrc-svm1_proj/epic/spack-stack/c6/spack-stack-1.6.0/envs/unified-env/install/intel/2023.2.0/antlr-2.7.7-d6cugnw/lib:1;/autofs/ncrc-svm1_proj/epic/spack-stack/c6/spack-stack-1.6.0/envs/unified-env/install/intel/2023.2.0/esmf-8.6.0-edn2jda/lib:1;/autofs/ncrc-svm1_proj/epic/spack-stack/c6/spack-stack-1.6.0/envs/unified-env/install/intel/2023.2.0/parallelio-2.5.10-pshhbaa/lib:1;/autofs/ncrc-svm1_proj/epic/spack-stack/c6/spack-stack-1.6.0/envs/unified-env/install/intel/2023.2.0/parallel-netcdf-1.12.2-kgalfuo/lib:1;/autofs/ncrc-svm1_proj/epic/spack-stack/c6/spack-stack-1.6.0/envs/unified-env/install/intel/2023.2.0/netcdf-fortran-4.6.1-o5cmyfx/lib:1;/autofs/ncrc-svm1_proj/epic/spack-stack/c6/spack-stack-1.6.0/envs/unified-env/install/intel/2023.2.0/netcdf-c-4.9.2-ltruqgg/lib:1;/autofs/ncrc-svm1_proj/epic/spack-stack/c6/spack-stack-1.6.0/envs/unified-env/install/intel/2023.2.0/c-blosc-1.21.5-ndrg6bi/lib64:1;/autofs/ncrc-svm1_proj/epic/spack-stack/c6/spack-stack-1.6.0/envs/unified-env/install/intel/2023.2.0/zstd-1.5.2-p2wyun5/lib:1;/autofs/ncrc-svm1_proj/epic/spack-stack/c6/spack-stack-1.6.0/envs/unified-env/install/intel/2023.2.0/snappy-1.1.10-frntitj/lib:1;/autofs/ncrc-svm1_proj/epic/spack-stack/c6/spack-stack-1.6.0/envs/unified-env/install/intel/2023.2.0/hdf5-1.14.0-qyuwquo/lib:1;/autofs/ncrc-svm1_proj/epic/spack-stack/c6/spack-stack-1.6.0/envs/unified-env/install/intel/2023.2.0/cdo-2.2.0-bvuijzr/lib:1;/autofs/ncrc-svm1_proj/epic/spack-stack/c6/spack-stack-1.6.0/envs/unified-env/install/intel/2023.2.0/udunits-2.2.28-huyn2lv/lib:1;/autofs/ncrc-svm1_proj/epic/spack-stack/c6/spack-stack-1.6.0/envs/unified-env/install/intel/2023.2.0/proj-9.2.1-pbreuhx/lib64:1;/autofs/ncrc-svm1_proj/epic/spack-stack/c6/spack-stack-1.6.0/envs/unified-env/install/intel/2023.2.0/curl-8.4.0-bgdh3ia/lib:1;/autofs/ncrc-svm1_proj/epic/spack-stack/c6/spack-stack-1.6.0/envs/unified-env/install/intel/2023.2.0/nghttp2-1.57.0-syyxr2x/lib:1;/autofs/ncrc-svm1_proj/epic/spack-stack/c6/spack-stack-1.6.0/envs/unified-env/install/intel/2023.2.0/fftw-3.3.10-o2cfgjr/lib:1;/autofs/ncrc-svm1_proj/epic/spack-stack/c6/spack-stack-1.6.0/envs/unified-env/install/intel/2023.2.0/eccodes-2.32.0-eeho3p5/lib64:1;/autofs/ncrc-svm1_proj/epic/spack-stack/c6/spack-stack-1.6.0/envs/unified-env/install/intel/2023.2.0/openjpeg-2.3.1-x7lxvhz/lib:1;/autofs/ncrc-svm1_proj/epic/spack-stack/c6/spack-stack-1.6.0/envs/unified-env/install/intel/2023.2.0/libpng-1.6.37-kb3ztui/lib64:1;/autofs/ncrc-svm1_proj/epic/spack-stack/c6/spack-stack-1.6.0/envs/unified-env/install/intel/2023.2.0/libpng-1.6.37-kb3ztui/lib:1;/autofs/ncrc-svm1_proj/epic/spack-stack/c6/spack-stack-1.6.0/envs/unified-env/install/intel/2023.2.0/jasper-2.0.32-grcyfa6/lib64:1;/autofs/ncrc-svm1_proj/epic/spack-stack/c6/spack-stack-1.6.0/envs/unified-env/install/intel/2023.2.0/libjpeg-turbo-2.1.0-csq2v6y/lib64:1;/autofs/ncrc-svm1_proj/epic/spack-stack/c6/spack-stack-1.6.0/envs/gsi-addon-dev-fms-2024.01/install/intel/2023.2.0/python-3.11.6-czff3ln/lib:1;/autofs/ncrc-svm1_proj/epic/spack-stack/c6/spack-stack-1.6.0/envs/unified-env/install/intel/2023.2.0/util-linux-uuid-2.38.1-ueu4wkj/lib:1;/autofs/ncrc-svm1_proj/epic/spack-stack/c6/spack-stack-1.6.0/envs/unified-env/install/intel/2023.2.0/sqlite-3.43.2-zckjj2i/lib:1;/autofs/ncrc-svm1_proj/epic/spack-stack/c6/spack-stack-1.6.0/envs/unified-env/install/intel/2023.2.0/zlib-1.2.13-jhw3a7j/lib:1;/autofs/ncrc-svm1_proj/epic/spack-stack/c6/spack-stack-1.6.0/envs/unified-env/install/intel/2023.2.0/libxcrypt-4.4.35-khoghoj/lib:1', 'CRTM_FIX': '/autofs/ncrc-svm1_proj/epic/spack-stack/c6/spack-stack-1.6.0/envs/unified-env/install/intel/2023.2.0/crtm-fix-2.4.0.1_emc-shjhnzg/fix', 'COM_RTOFS_TMPL': '${DMPDIR}', 'SLURM_PRIO_PROCESS': 0, 'XKEYSYMDB': '/usr/X11R6/lib/X11/XKeysymDB', 'PE_ENV': 'INTEL', 'COM_ATMOS_GRIB_GRID_TMPL': '${ROTDIR}/${RUN}.${YMD}/${HH}/${MEMDIR}/products/atmos/grib2/${GRID}', '__LMOD_REF_COUNT_PE_DSMML_PKGCONFIG_LIBS': 'dsmml:1', 'OMP_STACKSIZE': 2048000, '__LMOD_REF_COUNT_PE_FORTRAN_PKGCONFIG_LIBS': 'mpichf90:1', 'LMOD_FAMILY_CRAYPE_CPU': 'craype-x86-genoa', 'openjpeg_ROOT': '/autofs/ncrc-svm1_proj/epic/spack-stack/c6/spack-stack-1.6.0/envs/unified-env/install/intel/2023.2.0/openjpeg-2.3.1-x7lxvhz', 'NUM_SND_COLLECTIVES': 9, 'CRAYPAT_LD_LIBRARY_PATH': '/opt/cray/pe/perftools/25.03.0/lib64', 'CRAY_LMOD_COMPILER': 'intel/2023.2', 'OCL_ICD_FILENAMES': 'libintelocl_emu.so:libalteracl.so:/opt/intel/oneapi/compiler/2023.2.0/linux/lib/x64/libintelocl.so', 'PSLOT': 'maysoilda', 'QUEUE': 'normal', 'DOIAU': True, 'CRAY_DSMML_PREFIX': '/opt/cray/pe/dsmml/0.3.1/dsmml', 'PACKAGEROOT': '/gpfs/f6/drsa-precip3/world-shared/role.glopara/nwpara', 'PE_PRODUCT_LIST': 'CRAYPE:CRAY_PMI:CRAYPE_X86_GENOA:PERFTOOLS:CRAYPAT', 'NDATE': '/autofs/ncrc-svm1_proj/epic/spack-stack/c6/spack-stack-1.6.0/envs/unified-env/install/intel/2023.2.0/prod-util-2.1.1-ynnwpz3/bin/ndate', 'COM_ICE_RESTART_TMPL': '${ROTDIR}/${RUN}.${YMD}/${HH}/${MEMDIR}/model/ice/restart', 'CRAYPAT_ROOT': '/opt/cray/pe/perftools/25.03.0', 'LMOD_FAMILY_MPI_VERSION': '8.1.29', 'COM_ICE_ANLMON_TMPL': '${ROTDIR}/${RUN}.${YMD}/${HH}/${MEMDIR}/products/ice/anlmon', 'FHOUT_ICE': 3, 'PE_PERFTOOLS_MPICH_LIBDIR': '/opt/cray/pe/mpich/8.1.29/ofi/intel/2022.1/lib', 'COM_SNOW_ANLMON_TMPL': '${ROTDIR}/${RUN}.${YMD}/${HH}/${MEMDIR}/products/snow/anlmon', 'py_netcdf4_ROOT': '/autofs/ncrc-svm1_proj/epic/spack-stack/c6/spack-stack-1.6.0/envs/gsi-addon-dev-fms-2024.01/install/intel/2023.2.0/py-netcdf4-1.5.8-444i5pm', 'ARCH_CYC': 0, 'I_MPI_HYDRA_BOOTSTRAP_EXEC_EXTRA_ARGS': '--external-launcher', 'PE_MPICH_GTL_DIR_amd_gfx906': '-L/opt/cray/pe/mpich/8.1.29/gtl/lib', 'EUPD_CYC': 'gdas', 'LANG': 'en_US.UTF-8', 'FETCHDIR': '{{ FETCHDIR }}', '_ModuleTable056_': 'MC4zLjQiLApsb2FkT3JkZXIgPSA2NiwKcHJvcFQgPSB7fSwKcmVmX2NvdW50ID0gMSwKc3RhY2tEZXB0aCA9IDIsCnN0YXR1cyA9ICJhY3RpdmUiLAp1c2VyTmFtZSA9ICJweS1jZnRpbWUvMS4wLjMuNCIsCndWID0gIjAwMDAwMDAwMS4wMDAwMDAwMDAuMDAwMDAwMDAzLjAwMDAwMDAwNC4qemZpbmFsIiwKfSwKWyJweS1ldC14bWxmaWxlIl0gPSB7CmZuID0gIi9hdXRvZnMvbmNyYy1zdm0xX3Byb2ovZXBpYy9zcGFjay1zdGFjay9jNi9zcGFjay1zdGFjay0xLjYuMC9lbnZzL2dzaS1hZGRvbi1kZXYtZm1zLTIwMjQuMDEvaW5zdGFsbC9tb2R1bGVmaWxlcy9pbnRlbC8yMDIzLjIuMC9weS1ldC14bWxmaWxlLzEuMC4xLmx1YSIsCmZ1bGxOYW1lID0gInB5LWV0LXhtbGZpbGUv', 'TZ': '/usr/share/zoneinfo/America/New_York', 'netcdf_c_ROOT': '/autofs/ncrc-svm1_proj/epic/spack-stack/c6/spack-stack-1.6.0/envs/unified-env/install/intel/2023.2.0/netcdf-c-4.9.2-ltruqgg', 'SLURM_SUBMIT_DIR': '/autofs/ncrc-svm1_home2/Tseganeh.Gichamo', '_ModuleTable019_': 'YWRPcmRlciA9IDI4LApwcm9wVCA9IHt9LApyZWZfY291bnQgPSAxLApzdGFja0RlcHRoID0gMiwKc3RhdHVzID0gImFjdGl2ZSIsCnVzZXJOYW1lID0gImZmdHcvMy4zLjEwIiwKd1YgPSAiMDAwMDAwMDAzLjAwMDAwMDAwMy4wMDAwMDAwMTAuKnpmaW5hbCIsCn0sCmZpdDJvYnMgPSB7CmZuID0gIi9ncGZzL2Y2L2Ryc2EtcHJlY2lwMy93b3JsZC1zaGFyZWQvcm9sZS5nbG9wYXJhL2dpdC9GaXQyT2JzL3YxLjEuNy4xL21vZHVsZWZpbGVzL2ZpdDJvYnMvMS4xLjcuMS5sdWEiLApmdWxsTmFtZSA9ICJmaXQyb2JzLzEuMS43LjEiLApsb2FkT3JkZXIgPSA5MiwKcHJvcFQgPSB7fSwKc3RhY2tEZXB0aCA9IDEsCnN0YXR1cyA9ICJhY3RpdmUiLAp1c2VyTmFtZSA9ICJmaXQyb2Jz', 'EXECcfs': '/gpfs/f6/drsa-precip3/world-shared/role.glopara/git/Fit2Obs/v1.1.7.1/exec', 'SQUEUE_FORMAT2': ['jobid:12', 'cluster:9', 'partition:11', 'qos:12', 'username:20', 'prioritylong:20', 'state:9', 'timeleft:12', 'numnodes:7', 'name:20'], 'PE_MPICH_GTL_DIR_amd_gfx908': '-L/opt/cray/pe/mpich/8.1.29/gtl/lib', 'imp_physics': 8, 'PE_DSMML_MODULE_NAME': 'cray-dsmml', 'QUEUE_SERVICE': 'normal', 'WINDOWMANAGER': 'xterm', 'COM_ICE_NETCDF_TMPL': '${ROTDIR}/${RUN}.${YMD}/${HH}/${MEMDIR}/products/ice/netcdf', '_ModuleTable008_': 'KnpmaW5hbCIsCn0sCmNkbyA9IHsKZm4gPSAiL2F1dG9mcy9uY3JjLXN2bTFfcHJvai9lcGljL3NwYWNrLXN0YWNrL2M2L3NwYWNrLXN0YWNrLTEuNi4wL2VudnMvZ3NpLWFkZG9uLWRldi1mbXMtMjAyNC4wMS9pbnN0YWxsL21vZHVsZWZpbGVzL2NyYXktbXBpY2gvOC4xLjI5L2ludGVsLzIwMjMuMi4wL2Nkby8yLjIuMC5sdWEiLApmdWxsTmFtZSA9ICJjZG8vMi4yLjAiLApsb2FkT3JkZXIgPSAzMywKcHJvcFQgPSB7fSwKc3RhY2tEZXB0aCA9IDEsCnN0YXR1cyA9ICJhY3RpdmUiLAp1c2VyTmFtZSA9ICJjZG8vMi4yLjAiLAp3ViA9ICIwMDAwMDAwMDIuMDAwMDAwMDAyLip6ZmluYWwiLAp9LApbImNyYXktZHNtbWwiXSA9IHsKZm4gPSAiL29wdC9jcmF5L3BlL2xtb2QvbW9k', 'OMPI_MCA_plm_slurm_args': '--external-launcher', 'LESS': '-M -I -R', 'PE_MPICH_GTL_LIBS_nvidia70': '-lmpi_gtl_cuda', 'SMOOTH_ENKF': False, 'spack_mod_path': '/ncrc/proj/epic/spack-stack/c6/spack-stack-1.6.0/envs/gsi-addon-dev-fms-2024.01/install/modulefiles/Core', 'LMOD_FAMILY_COMPILER_VERSION': '2023.2.0', 'IAU_DELTHRS_ENKF': 6, 'COM_ATMOS_GRIB_TMPL': '${ROTDIR}/${RUN}.${YMD}/${HH}/${MEMDIR}/products/atmos/grib2', 'gsl_ROOT': '/autofs/ncrc-svm1_proj/epic/spack-stack/c6/spack-stack-1.6.0/envs/unified-env/install/intel/2023.2.0/gsl-2.7.1-2xucf2r', 'cyc': 12, 'HOSTNAME': 'dtn05', 'COM_ICE_LETKF_TMPL': '${ROTDIR}/${RUN}.${YMD}/${HH}/${MEMDIR}/analysis/ice/letkf', 'W3EMC_INCd': '/autofs/ncrc-svm1_proj/epic/spack-stack/c6/spack-stack-1.6.0/envs/unified-env/install/intel/2023.2.0/w3emc-2.10.0-cqh37pl/include_d', 'COMIN_ATMOS_HISTORY_ENSSTAT': '/gpfs/f6/gfs-cpu/scratch/Tseganeh.Gichamo/COMROOT//maysoilda/enkfgdas.20220505/12/ensstat/model/atmos/history', 'LMOD_SYSTEM_DEFAULT_MODULES': 'craype-x86-genoa:craype-network-ofi:perftools-base:xpmem:PrgEnv-intel:cray-pmi:DefApps', 'OLDPWD': '/autofs/ncrc-svm1_home2/Tseganeh.Gichamo', 'g2_ROOT': '/autofs/ncrc-svm1_proj/epic/spack-stack/c6/spack-stack-1.6.0/envs/unified-env/install/intel/2023.2.0/g2-3.4.5-qm4a4gp', 'util_linux_uuid_ROOT': '/autofs/ncrc-svm1_proj/epic/spack-stack/c6/spack-stack-1.6.0/envs/unified-env/install/intel/2023.2.0/util-linux-uuid-2.38.1-ueu4wkj', 'stack_intel_ver': '2023.2.0', 'COM_WAVE_RESTART_TMPL': '${ROTDIR}/${RUN}.${YMD}/${HH}/${MEMDIR}/model/wave/restart', 'RMOLDSTD_ENKF': 144, 'COM_ATMOS_RESTART_TMPL': '${ROTDIR}/${RUN}.${YMD}/${HH}/${MEMDIR}/model/atmos/restart', 'SENDSDM': False, 'COM_ATMOS_BUFR_TMPL': '${ROTDIR}/${RUN}.${YMD}/${HH}/${MEMDIR}/products/atmos/bufr', 'netcdf_c_ver': '4.9.2', 'py_pandas_ROOT': '/autofs/ncrc-svm1_proj/epic/spack-stack/c6/spack-stack-1.6.0/envs/gsi-addon-dev-fms-2024.01/install/intel/2023.2.0/py-pandas-1.5.3-wyb2e7x', 'NMEM_ENS_GFS_OFFSET': 20, 'libpng_ver': '1.6.37', 'CONFIG_SITE': '', 'CSHEDIT': 'emacs', 'SLURM_CPUS_PER_TASK': 1, 'DO_ARCHCOM': True, 'DO_FIT2OBS': True, 'DO_ICE': False, 'CHGRP_CMD': 'chgrp rstprod', 'DO_NEST': False, 'met_ver': '9.1.3', 'ENVIRONMENT': 'BATCH', 'DO_AERO_FCST': False, 'GPG_TTY': 'not a tty', 'LESS_ADVANCED_PREPROCESSOR': False, 'CHOME': '/ncrc/home2/Tseganeh.Gichamo', 'py_et_xmlfile_ROOT': '/autofs/ncrc-svm1_proj/epic/spack-stack/c6/spack-stack-1.6.0/envs/gsi-addon-dev-fms-2024.01/install/intel/2023.2.0/py-et-xmlfile-1.0.1-iprhnfe', 'DOLETKF_OCN': False, 'PARMgfs': '/gpfs/f6/gfs-cpu/scratch/Tseganeh.Gichamo/global-workflow/parm', 'COM_WAVE_PREP_TMPL': '${ROTDIR}/${RUN}.${YMD}/${HH}/${MEMDIR}/model/wave/prep', 'ACL_BOARD_VENDOR_PATH': '/opt/Intel/OpenCLFPGA/oneAPI/Boards', 'py_numexpr_ROOT': '/autofs/ncrc-svm1_proj/epic/spack-stack/c6/spack-stack-1.6.0/envs/gsi-addon-dev-fms-2024.01/install/intel/2023.2.0/py-numexpr-2.8.4-svc4zzb', 'SERIAL_FC': 'ftn', 'py_jinja2_ver': '3.1.2', 'GSL_ROOT_DIR': '/autofs/ncrc-svm1_proj/epic/spack-stack/c6/spack-stack-1.6.0/envs/unified-env/install/intel/2023.2.0/gsl-2.7.1-2xucf2r', 'DO_FETCH_HPSS': False, 'BASE_ENV': '/gpfs/f6/gfs-cpu/scratch/Tseganeh.Gichamo/global-workflow/env', 'NLN': '/bin/ln -sf', 'nst_anl': True, 'COLORTERM': 1, 'job': 'earc_tars', 'RESERVATION': '', 'hdf5_ROOT': '/autofs/ncrc-svm1_proj/epic/spack-stack/c6/spack-stack-1.6.0/envs/unified-env/install/intel/2023.2.0/hdf5-1.14.0-qyuwquo', 'LMOD_FAMILY_G2TMPLVIRT': 'g2tmpl', 'BUFR_ROOT': '/autofs/ncrc-svm1_proj/epic/spack-stack/c6/spack-stack-1.6.0/envs/gsi-addon-dev-fms-2024.01/install/intel/2023.2.0/bufr-11.7.0-2pzpov2', '_ModuleTable039_': 'MDAwMDEuKnpmaW5hbCIsCn0sClsibW9kdWxlX2Jhc2UuZ2FlYWM2Il0gPSB7CmFjdGlvbkEgPSB7CgoicHJlcGVuZF9wYXRoKFwiTU9EVUxFUEFUSFwiLFwiL25jcmMvcHJvai9lcGljL3NwYWNrLXN0YWNrL2M2L3NwYWNrLXN0YWNrLTEuNi4wL2VudnMvZ3NpLWFkZG9uLWRldi1mbXMtMjAyNC4wMS9pbnN0YWxsL21vZHVsZWZpbGVzL0NvcmVcIikiCiwgInByZXBlbmRfcGF0aChcIk1PRFVMRVBBVEhcIixcIi9ncGZzL2Y2L2Ryc2EtcHJlY2lwMy93b3JsZC1zaGFyZWQvcm9sZS5nbG9wYXJhL2dpdC9wcmVwb2JzL3YxLjEuMC9tb2R1bGVmaWxlc1wiKSIKLCAicHJlcGVuZF9wYXRoKFwiTU9EVUxFUEFUSFwiLFwiL2dwZnMvZjYvZHJzYS1wcmVjaXAzL3dvcmxkLXNoYXJlZC9y', 'COM_CHEM_HISTORY_TMPL': '${ROTDIR}/${RUN}.${YMD}/${HH}/${MEMDIR}/model/chem/history', 'COM_OBSPROC_TMPL': '${DMPDIR}/${RUN}${DUMP_SUFFIX}.${YMD}/${HH}/atmos', 'FPATH': '/opt/cray/pe/lmod/lmod/init/ksh_funcs', 'CRAY_PERFTOOLS_VERSION': '25.03.0', '_ModuleTable007_': 'IiwKd1YgPSAiMDAwMDAwMDExLjAwMDAwMDAwNy4qemZpbmFsIiwKfSwKWyJjLWJsb3NjIl0gPSB7CmZuID0gIi9hdXRvZnMvbmNyYy1zdm0xX3Byb2ovZXBpYy9zcGFjay1zdGFjay9jNi9zcGFjay1zdGFjay0xLjYuMC9lbnZzL2dzaS1hZGRvbi1kZXYtZm1zLTIwMjQuMDEvaW5zdGFsbC9tb2R1bGVmaWxlcy9pbnRlbC8yMDIzLjIuMC9jLWJsb3NjLzEuMjEuNS5sdWEiLApmdWxsTmFtZSA9ICJjLWJsb3NjLzEuMjEuNSIsCmxvYWRPcmRlciA9IDM4LApwcm9wVCA9IHt9LApyZWZfY291bnQgPSAxLApzdGFja0RlcHRoID0gMiwKc3RhdHVzID0gImFjdGl2ZSIsCnVzZXJOYW1lID0gImMtYmxvc2MvMS4yMS41IiwKd1YgPSAiMDAwMDAwMDAxLjAwMDAwMDAyMS4wMDAwMDAwMDUu', 'ntasks': 1, 'W3EMC_INC4': '/autofs/ncrc-svm1_proj/epic/spack-stack/c6/spack-stack-1.6.0/envs/unified-env/install/intel/2023.2.0/w3emc-2.10.0-cqh37pl/include_4', '_ModuleTable087_': 'cGFjay1zdGFjay9jNi9zcGFjay1zdGFjay0xLjYuMC9lbnZzL2dzaS1hZGRvbi1kZXYtZm1zLTIwMjQuMDEvaW5zdGFsbC9tb2R1bGVmaWxlcy9pbnRlbC8yMDIzLjIuMC96c3RkLzEuNS4yLmx1YSIsCmZ1bGxOYW1lID0gInpzdGQvMS41LjIiLApsb2FkT3JkZXIgPSAzNywKcHJvcFQgPSB7fSwKcmVmX2NvdW50ID0gMiwKc3RhY2tEZXB0aCA9IDMsCnN0YXR1cyA9ICJhY3RpdmUiLAp1c2VyTmFtZSA9ICJ6c3RkLzEuNS4yIiwKd1YgPSAiMDAwMDAwMDAxLjAwMDAwMDAwNS4wMDAwMDAwMDIuKnpmaW5hbCIsCn0sCn0sCm1wYXRoQSA9IHsKCiIvZ3Bmcy9mNi9kcnNhLXByZWNpcDMvd29ybGQtc2hhcmVkL3JvbGUuZ2xvcGFyYS9naXQvRml0Mk9icy92MS4xLjcuMS9tb2R1bGVm', 'max_tasks_per_node': 192, 'OUTPUT_GRID': 'gaussian_grid', 'EXPDIR': '/gpfs/f6/gfs-cpu/scratch/Tseganeh.Gichamo/EXPDIR//maysoilda', 'W3EMC_INC8': '/autofs/ncrc-svm1_proj/epic/spack-stack/c6/spack-stack-1.6.0/envs/unified-env/install/intel/2023.2.0/w3emc-2.10.0-cqh37pl/include_8', 'COM_OBS_JEDI': '${ROTDIR}/${RUN}.${YMD}/${HH}/${MEMDIR}/obs_jedi', '__LMOD_REF_COUNT_NLSPATH': ':2', 'USHprepobs': '/gpfs/f6/drsa-precip3/world-shared/role.glopara/git/prepobs/v1.1.0/ush', 'FHMIN': 0, '_ModuleTable026_': 'cmMtc3ZtMV9wcm9qL2VwaWMvc3BhY2stc3RhY2svYzYvc3BhY2stc3RhY2stMS42LjAvZW52cy9nc2ktYWRkb24tZGV2LWZtcy0yMDI0LjAxL2luc3RhbGwvbW9kdWxlZmlsZXMvaW50ZWwvMjAyMy4yLjAvZ3JpYi11dGlsLzEuMy4wLmx1YSIsCmZ1bGxOYW1lID0gImdyaWItdXRpbC8xLjMuMCIsCmxvYWRPcmRlciA9IDU0LApwcm9wVCA9IHt9LApzdGFja0RlcHRoID0gMSwKc3RhdHVzID0gImFjdGl2ZSIsCnVzZXJOYW1lID0gImdyaWItdXRpbC8xLjMuMCIsCndWID0gIjAwMDAwMDAwMS4wMDAwMDAwMDMuKnpmaW5hbCIsCn0sClsiZ3NpLW5jZGlhZyJdID0gewpmbiA9ICIvYXV0b2ZzL25jcmMtc3ZtMV9wcm9qL2VwaWMvc3BhY2stc3RhY2svYzYvc3BhY2stc3RhY2stMS42', 'ARCH_HASHES': True, 'py_packaging_ROOT': '/autofs/ncrc-svm1_proj/epic/spack-stack/c6/spack-stack-1.6.0/envs/gsi-addon-dev-fms-2024.01/install/intel/2023.2.0/py-packaging-23.1-sep32z3', 'LMOD_FAMILY_CRAYPE_NETWORK': 'craype-network-ofi', 'VERBOSE': True, 'JAVA_HOME': '/usr/lib64/jvm/java-11-openjdk-11', 'TOCGRIB': '/autofs/ncrc-svm1_proj/epic/spack-stack/c6/spack-stack-1.6.0/envs/gsi-addon-dev-fms-2024.01/install/intel/2023.2.0/grib-util-1.3.0-smauszx/bin/tocgrib', 'LMOD_FAMILY_CRAYPE_VERSION': '2.7.30', 'NHOUR': '/autofs/ncrc-svm1_proj/epic/spack-stack/c6/spack-stack-1.6.0/envs/unified-env/install/intel/2023.2.0/prod-util-2.1.1-ynnwpz3/bin/nhour', 'PE_XPMEM_PKGCONFIG_LIBS': 'cray-xpmem', 'FHMAX_GFS': 120, 'SLURM_PROCID': 0, 'APP2_STATE': '25.03.0', 'DO_STARTMEM_FROM_JEDIICE': False, 'SLURM_JOB_GID': 501, 'CFLAGS': '-gcc-name=/usr/bin/gcc-12', 'DYLD_LIBRARY_PATH': '/autofs/ncrc-svm1_proj/epic/spack-stack/c6/spack-stack-1.6.0/envs/gsi-addon-dev-fms-2024.01/install/intel/2023.2.0/py-xarray-2023.7.0-ozoxbgs/lib:/autofs/ncrc-svm1_proj/epic/spack-stack/c6/spack-stack-1.6.0/envs/gsi-addon-dev-fms-2024.01/install/intel/2023.2.0/py-packaging-23.1-sep32z3/lib:/autofs/ncrc-svm1_proj/epic/spack-stack/c6/spack-stack-1.6.0/envs/unified-env/install/intel/2023.2.0/netcdf-cxx4-4.3.1-2nfkojj/lib:/autofs/ncrc-svm1_proj/epic/spack-stack/c6/spack-stack-1.6.0/envs/gsi-addon-dev-fms-2024.01/install/intel/2023.2.0/g2c-1.8.0-bo73v5x/lib64:/autofs/ncrc-svm1_proj/epic/spack-stack/c6/spack-stack-1.6.0/envs/gsi-addon-dev-fms-2024.01/install/intel/2023.2.0/py-python-dateutil-2.8.2-bxlqjfj/lib:/autofs/ncrc-svm1_proj/epic/spack-stack/c6/spack-stack-1.6.0/envs/gsi-addon-dev-fms-2024.01/install/intel/2023.2.0/py-six-1.16.0-j3lczkg/lib:/autofs/ncrc-svm1_proj/epic/spack-stack/c6/spack-stack-1.6.0/envs/gsi-addon-dev-fms-2024.01/install/intel/2023.2.0/py-pandas-1.5.3-wyb2e7x/lib:/autofs/ncrc-svm1_proj/epic/spack-stack/c6/spack-stack-1.6.0/envs/gsi-addon-dev-fms-2024.01/install/intel/2023.2.0/py-xlwt-1.3.0-tzgvwhp/lib:/autofs/ncrc-svm1_proj/epic/spack-stack/c6/spack-stack-1.6.0/envs/gsi-addon-dev-fms-2024.01/install/intel/2023.2.0/py-xlsxwriter-3.1.7-vsx375z/lib:/autofs/ncrc-svm1_proj/epic/spack-stack/c6/spack-stack-1.6.0/envs/gsi-addon-dev-fms-2024.01/install/intel/2023.2.0/py-xlrd-2.0.1-7f7n55b/lib:/autofs/ncrc-svm1_proj/epic/spack-stack/c6/spack-stack-1.6.0/envs/gsi-addon-dev-fms-2024.01/install/intel/2023.2.0/py-pyxlsb-1.0.10-yf2yish/lib:/autofs/ncrc-svm1_proj/epic/spack-stack/c6/spack-stack-1.6.0/envs/gsi-addon-dev-fms-2024.01/install/intel/2023.2.0/py-pytz-2023.3-wbjoep3/lib:/autofs/ncrc-svm1_proj/epic/spack-stack/c6/spack-stack-1.6.0/envs/gsi-addon-dev-fms-2024.01/install/intel/2023.2.0/py-openpyxl-3.1.2-3g7ehn2/lib:/autofs/ncrc-svm1_proj/epic/spack-stack/c6/spack-stack-1.6.0/envs/gsi-addon-dev-fms-2024.01/install/intel/2023.2.0/py-et-xmlfile-1.0.1-iprhnfe/lib:/autofs/ncrc-svm1_proj/epic/spack-stack/c6/spack-stack-1.6.0/envs/gsi-addon-dev-fms-2024.01/install/intel/2023.2.0/py-numexpr-2.8.4-svc4zzb/lib:/autofs/ncrc-svm1_proj/epic/spack-stack/c6/spack-stack-1.6.0/envs/gsi-addon-dev-fms-2024.01/install/intel/2023.2.0/py-bottleneck-1.3.7-w3cslfi/lib:/autofs/ncrc-svm1_proj/epic/spack-stack/c6/spack-stack-1.6.0/envs/gsi-addon-dev-fms-2024.01/install/intel/2023.2.0/py-jinja2-3.1.2-dziq6px/lib:/autofs/ncrc-svm1_proj/epic/spack-stack/c6/spack-stack-1.6.0/envs/gsi-addon-dev-fms-2024.01/install/intel/2023.2.0/py-markupsafe-2.1.3-izecrid/lib:/autofs/ncrc-svm1_proj/epic/spack-stack/c6/spack-stack-1.6.0/envs/gsi-addon-dev-fms-2024.01/install/intel/2023.2.0/py-pyyaml-6.0-g3ruzyd/lib:/autofs/ncrc-svm1_proj/epic/spack-stack/c6/spack-stack-1.6.0/envs/unified-env/install/intel/2023.2.0/libyaml-0.2.5-vnx5l76/lib:/autofs/ncrc-svm1_proj/epic/spack-stack/c6/spack-stack-1.6.0/envs/gsi-addon-dev-fms-2024.01/install/intel/2023.2.0/py-f90nml-1.4.3-sqdas3d/lib:/autofs/ncrc-svm1_proj/epic/spack-stack/c6/spack-stack-1.6.0/envs/gsi-addon-dev-fms-2024.01/install/intel/2023.2.0/py-netcdf4-1.5.8-444i5pm/lib:/autofs/ncrc-svm1_proj/epic/spack-stack/c6/spack-stack-1.6.0/envs/gsi-addon-dev-fms-2024.01/install/intel/2023.2.0/py-cftime-1.0.3.4-dgtglhq/lib:/autofs/ncrc-svm1_proj/epic/spack-stack/c6/spack-stack-1.6.0/envs/unified-env/install/intel/2023.2.0/wgrib2-2.0.8-ptvhuof/lib:/autofs/ncrc-svm1_proj/epic/spack-stack/c6/spack-stack-1.6.0/envs/gsi-addon-dev-fms-2024.01/install/intel/2023.2.0/bufr-11.7.0-2pzpov2/lib64:/autofs/ncrc-svm1_proj/epic/spack-stack/c6/spack-stack-1.6.0/envs/gsi-addon-dev-fms-2024.01/install/intel/2023.2.0/bufr-11.7.0-2pzpov2/lib:/autofs/ncrc-svm1_proj/epic/spack-stack/c6/spack-stack-1.6.0/envs/gsi-addon-dev-fms-2024.01/install/intel/2023.2.0/py-numpy-1.23.4-ir4kiqb/lib:/autofs/ncrc-svm1_proj/epic/spack-stack/c6/spack-stack-1.6.0/envs/gsi-addon-dev-fms-2024.01/install/intel/2023.2.0/py-setuptools-63.4.3-qi6dp6j/lib:/autofs/ncrc-svm1_proj/epic/spack-stack/c6/spack-stack-1.6.0/envs/unified-env/install/intel/2023.2.0/openblas-0.3.24-ctgqvko/lib:/autofs/ncrc-svm1_proj/epic/spack-stack/c6/spack-stack-1.6.0/envs/unified-env/install/intel/2023.2.0/crtm-2.4.0.1-tmwgohs/lib:/autofs/ncrc-svm1_proj/epic/spack-stack/c6/spack-stack-1.6.0/envs/unified-env/install/intel/2023.2.0/gsi-ncdiag-1.1.2-kja6biq/lib64:/autofs/ncrc-svm1_proj/epic/spack-stack/c6/spack-stack-1.6.0/envs/gsi-addon-dev-fms-2024.01/install/intel/2023.2.0/g2tmpl-1.13.0-4df57lb/lib64:/autofs/ncrc-svm1_proj/epic/spack-stack/c6/spack-stack-1.6.0/envs/unified-env/install/intel/2023.2.0/ip-4.3.0-amaleyr/lib64:/autofs/ncrc-svm1_proj/epic/spack-stack/c6/spack-stack-1.6.0/envs/unified-env/install/intel/2023.2.0/sp-2.5.0-i4p7d75/lib64:/autofs/ncrc-svm1_proj/epic/spack-stack/c6/spack-stack-1.6.0/envs/unified-env/install/intel/2023.2.0/g2-3.4.5-qm4a4gp/lib64:/autofs/ncrc-svm1_proj/epic/spack-stack/c6/spack-stack-1.6.0/envs/unified-env/install/intel/2023.2.0/w3emc-2.10.0-cqh37pl/lib64:/autofs/ncrc-svm1_proj/epic/spack-stack/c6/spack-stack-1.6.0/envs/unified-env/install/intel/2023.2.0/bacio-2.4.1-65566nh/lib:/autofs/ncrc-svm1_proj/epic/spack-stack/c6/spack-stack-1.6.0/envs/unified-env/install/intel/2023.2.0/nco-5.0.6-va6qtou/lib:/autofs/ncrc-svm1_proj/epic/spack-stack/c6/spack-stack-1.6.0/envs/unified-env/install/intel/2023.2.0/gsl-2.7.1-2xucf2r/lib:/autofs/ncrc-svm1_proj/epic/spack-stack/c6/spack-stack-1.6.0/envs/unified-env/install/intel/2023.2.0/antlr-2.7.7-d6cugnw/lib:/autofs/ncrc-svm1_proj/epic/spack-stack/c6/spack-stack-1.6.0/envs/unified-env/install/intel/2023.2.0/esmf-8.6.0-edn2jda/lib:/autofs/ncrc-svm1_proj/epic/spack-stack/c6/spack-stack-1.6.0/envs/unified-env/install/intel/2023.2.0/parallelio-2.5.10-pshhbaa/lib:/autofs/ncrc-svm1_proj/epic/spack-stack/c6/spack-stack-1.6.0/envs/unified-env/install/intel/2023.2.0/parallel-netcdf-1.12.2-kgalfuo/lib:/autofs/ncrc-svm1_proj/epic/spack-stack/c6/spack-stack-1.6.0/envs/unified-env/install/intel/2023.2.0/netcdf-fortran-4.6.1-o5cmyfx/lib:/autofs/ncrc-svm1_proj/epic/spack-stack/c6/spack-stack-1.6.0/envs/unified-env/install/intel/2023.2.0/netcdf-c-4.9.2-ltruqgg/lib:/autofs/ncrc-svm1_proj/epic/spack-stack/c6/spack-stack-1.6.0/envs/unified-env/install/intel/2023.2.0/c-blosc-1.21.5-ndrg6bi/lib64:/autofs/ncrc-svm1_proj/epic/spack-stack/c6/spack-stack-1.6.0/envs/unified-env/install/intel/2023.2.0/zstd-1.5.2-p2wyun5/lib:/autofs/ncrc-svm1_proj/epic/spack-stack/c6/spack-stack-1.6.0/envs/unified-env/install/intel/2023.2.0/snappy-1.1.10-frntitj/lib:/autofs/ncrc-svm1_proj/epic/spack-stack/c6/spack-stack-1.6.0/envs/unified-env/install/intel/2023.2.0/hdf5-1.14.0-qyuwquo/lib:/autofs/ncrc-svm1_proj/epic/spack-stack/c6/spack-stack-1.6.0/envs/unified-env/install/intel/2023.2.0/cdo-2.2.0-bvuijzr/lib:/autofs/ncrc-svm1_proj/epic/spack-stack/c6/spack-stack-1.6.0/envs/unified-env/install/intel/2023.2.0/udunits-2.2.28-huyn2lv/lib:/autofs/ncrc-svm1_proj/epic/spack-stack/c6/spack-stack-1.6.0/envs/unified-env/install/intel/2023.2.0/proj-9.2.1-pbreuhx/lib64:/autofs/ncrc-svm1_proj/epic/spack-stack/c6/spack-stack-1.6.0/envs/unified-env/install/intel/2023.2.0/curl-8.4.0-bgdh3ia/lib:/autofs/ncrc-svm1_proj/epic/spack-stack/c6/spack-stack-1.6.0/envs/unified-env/install/intel/2023.2.0/nghttp2-1.57.0-syyxr2x/lib:/autofs/ncrc-svm1_proj/epic/spack-stack/c6/spack-stack-1.6.0/envs/unified-env/install/intel/2023.2.0/fftw-3.3.10-o2cfgjr/lib:/autofs/ncrc-svm1_proj/epic/spack-stack/c6/spack-stack-1.6.0/envs/unified-env/install/intel/2023.2.0/eccodes-2.32.0-eeho3p5/lib64:/autofs/ncrc-svm1_proj/epic/spack-stack/c6/spack-stack-1.6.0/envs/unified-env/install/intel/2023.2.0/openjpeg-2.3.1-x7lxvhz/lib:/autofs/ncrc-svm1_proj/epic/spack-stack/c6/spack-stack-1.6.0/envs/unified-env/install/intel/2023.2.0/libpng-1.6.37-kb3ztui/lib64:/autofs/ncrc-svm1_proj/epic/spack-stack/c6/spack-stack-1.6.0/envs/unified-env/install/intel/2023.2.0/libpng-1.6.37-kb3ztui/lib:/autofs/ncrc-svm1_proj/epic/spack-stack/c6/spack-stack-1.6.0/envs/unified-env/install/intel/2023.2.0/jasper-2.0.32-grcyfa6/lib64:/autofs/ncrc-svm1_proj/epic/spack-stack/c6/spack-stack-1.6.0/envs/unified-env/install/intel/2023.2.0/libjpeg-turbo-2.1.0-csq2v6y/lib64:/autofs/ncrc-svm1_proj/epic/spack-stack/c6/spack-stack-1.6.0/envs/gsi-addon-dev-fms-2024.01/install/intel/2023.2.0/python-3.11.6-czff3ln/lib:/autofs/ncrc-svm1_proj/epic/spack-stack/c6/spack-stack-1.6.0/envs/unified-env/install/intel/2023.2.0/util-linux-uuid-2.38.1-ueu4wkj/lib:/autofs/ncrc-svm1_proj/epic/spack-stack/c6/spack-stack-1.6.0/envs/unified-env/install/intel/2023.2.0/sqlite-3.43.2-zckjj2i/lib:/autofs/ncrc-svm1_proj/epic/spack-stack/c6/spack-stack-1.6.0/envs/unified-env/install/intel/2023.2.0/zlib-1.2.13-jhw3a7j/lib:/autofs/ncrc-svm1_proj/epic/spack-stack/c6/spack-stack-1.6.0/envs/unified-env/install/intel/2023.2.0/libxcrypt-4.4.35-khoghoj/lib', 'MACHTYPE': 'x86_64-suse-linux', 'FIXreg2grb2': '/gpfs/f6/gfs-cpu/scratch/Tseganeh.Gichamo/global-workflow/fix/reg2grb2', 'I_MPI_HYDRA_BOOTSTRAP': 'slurm', 'COM_WAVE_GEMPAK_TMPL': '${ROTDIR}/${RUN}.${YMD}/${HH}/${MEMDIR}/products/wave/gempak', '__LMOD_REF_COUNT_LD_LIBRARY_PATH': '/autofs/ncrc-svm1_proj/epic/spack-stack/c6/spack-stack-1.6.0/envs/gsi-addon-dev-fms-2024.01/install/intel/2023.2.0/py-xarray-2023.7.0-ozoxbgs/lib:1;/autofs/ncrc-svm1_proj/epic/spack-stack/c6/spack-stack-1.6.0/envs/gsi-addon-dev-fms-2024.01/install/intel/2023.2.0/py-packaging-23.1-sep32z3/lib:1;/autofs/ncrc-svm1_proj/epic/spack-stack/c6/spack-stack-1.6.0/envs/unified-env/install/intel/2023.2.0/netcdf-cxx4-4.3.1-2nfkojj/lib:1;/autofs/ncrc-svm1_proj/epic/spack-stack/c6/spack-stack-1.6.0/envs/gsi-addon-dev-fms-2024.01/install/intel/2023.2.0/g2c-1.8.0-bo73v5x/lib64:1;/autofs/ncrc-svm1_proj/epic/spack-stack/c6/spack-stack-1.6.0/envs/gsi-addon-dev-fms-2024.01/install/intel/2023.2.0/py-python-dateutil-2.8.2-bxlqjfj/lib:1;/autofs/ncrc-svm1_proj/epic/spack-stack/c6/spack-stack-1.6.0/envs/gsi-addon-dev-fms-2024.01/install/intel/2023.2.0/py-six-1.16.0-j3lczkg/lib:1;/autofs/ncrc-svm1_proj/epic/spack-stack/c6/spack-stack-1.6.0/envs/gsi-addon-dev-fms-2024.01/install/intel/2023.2.0/py-pandas-1.5.3-wyb2e7x/lib:1;/autofs/ncrc-svm1_proj/epic/spack-stack/c6/spack-stack-1.6.0/envs/gsi-addon-dev-fms-2024.01/install/intel/2023.2.0/py-xlwt-1.3.0-tzgvwhp/lib:1;/autofs/ncrc-svm1_proj/epic/spack-stack/c6/spack-stack-1.6.0/envs/gsi-addon-dev-fms-2024.01/install/intel/2023.2.0/py-xlsxwriter-3.1.7-vsx375z/lib:1;/autofs/ncrc-svm1_proj/epic/spack-stack/c6/spack-stack-1.6.0/envs/gsi-addon-dev-fms-2024.01/install/intel/2023.2.0/py-xlrd-2.0.1-7f7n55b/lib:1;/autofs/ncrc-svm1_proj/epic/spack-stack/c6/spack-stack-1.6.0/envs/gsi-addon-dev-fms-2024.01/install/intel/2023.2.0/py-pyxlsb-1.0.10-yf2yish/lib:1;/autofs/ncrc-svm1_proj/epic/spack-stack/c6/spack-stack-1.6.0/envs/gsi-addon-dev-fms-2024.01/install/intel/2023.2.0/py-pytz-2023.3-wbjoep3/lib:1;/autofs/ncrc-svm1_proj/epic/spack-stack/c6/spack-stack-1.6.0/envs/gsi-addon-dev-fms-2024.01/install/intel/2023.2.0/py-openpyxl-3.1.2-3g7ehn2/lib:1;/autofs/ncrc-svm1_proj/epic/spack-stack/c6/spack-stack-1.6.0/envs/gsi-addon-dev-fms-2024.01/install/intel/2023.2.0/py-et-xmlfile-1.0.1-iprhnfe/lib:1;/autofs/ncrc-svm1_proj/epic/spack-stack/c6/spack-stack-1.6.0/envs/gsi-addon-dev-fms-2024.01/install/intel/2023.2.0/py-numexpr-2.8.4-svc4zzb/lib:1;/autofs/ncrc-svm1_proj/epic/spack-stack/c6/spack-stack-1.6.0/envs/gsi-addon-dev-fms-2024.01/install/intel/2023.2.0/py-bottleneck-1.3.7-w3cslfi/lib:1;/autofs/ncrc-svm1_proj/epic/spack-stack/c6/spack-stack-1.6.0/envs/gsi-addon-dev-fms-2024.01/install/intel/2023.2.0/py-jinja2-3.1.2-dziq6px/lib:1;/autofs/ncrc-svm1_proj/epic/spack-stack/c6/spack-stack-1.6.0/envs/gsi-addon-dev-fms-2024.01/install/intel/2023.2.0/py-markupsafe-2.1.3-izecrid/lib:1;/autofs/ncrc-svm1_proj/epic/spack-stack/c6/spack-stack-1.6.0/envs/gsi-addon-dev-fms-2024.01/install/intel/2023.2.0/py-pyyaml-6.0-g3ruzyd/lib:1;/autofs/ncrc-svm1_proj/epic/spack-stack/c6/spack-stack-1.6.0/envs/unified-env/install/intel/2023.2.0/libyaml-0.2.5-vnx5l76/lib:1;/autofs/ncrc-svm1_proj/epic/spack-stack/c6/spack-stack-1.6.0/envs/gsi-addon-dev-fms-2024.01/install/intel/2023.2.0/py-f90nml-1.4.3-sqdas3d/lib:1;/autofs/ncrc-svm1_proj/epic/spack-stack/c6/spack-stack-1.6.0/envs/gsi-addon-dev-fms-2024.01/install/intel/2023.2.0/py-netcdf4-1.5.8-444i5pm/lib:1;/autofs/ncrc-svm1_proj/epic/spack-stack/c6/spack-stack-1.6.0/envs/gsi-addon-dev-fms-2024.01/install/intel/2023.2.0/py-cftime-1.0.3.4-dgtglhq/lib:1;/autofs/ncrc-svm1_proj/epic/spack-stack/c6/spack-stack-1.6.0/envs/unified-env/install/intel/2023.2.0/wgrib2-2.0.8-ptvhuof/lib:1;/autofs/ncrc-svm1_proj/epic/spack-stack/c6/spack-stack-1.6.0/envs/gsi-addon-dev-fms-2024.01/install/intel/2023.2.0/bufr-11.7.0-2pzpov2/lib64:1;/autofs/ncrc-svm1_proj/epic/spack-stack/c6/spack-stack-1.6.0/envs/gsi-addon-dev-fms-2024.01/install/intel/2023.2.0/bufr-11.7.0-2pzpov2/lib:1;/autofs/ncrc-svm1_proj/epic/spack-stack/c6/spack-stack-1.6.0/envs/gsi-addon-dev-fms-2024.01/install/intel/2023.2.0/py-numpy-1.23.4-ir4kiqb/lib:1;/autofs/ncrc-svm1_proj/epic/spack-stack/c6/spack-stack-1.6.0/envs/gsi-addon-dev-fms-2024.01/install/intel/2023.2.0/py-setuptools-63.4.3-qi6dp6j/lib:1;/autofs/ncrc-svm1_proj/epic/spack-stack/c6/spack-stack-1.6.0/envs/unified-env/install/intel/2023.2.0/openblas-0.3.24-ctgqvko/lib:1;/autofs/ncrc-svm1_proj/epic/spack-stack/c6/spack-stack-1.6.0/envs/unified-env/install/intel/2023.2.0/crtm-2.4.0.1-tmwgohs/lib:1;/autofs/ncrc-svm1_proj/epic/spack-stack/c6/spack-stack-1.6.0/envs/unified-env/install/intel/2023.2.0/gsi-ncdiag-1.1.2-kja6biq/lib64:1;/autofs/ncrc-svm1_proj/epic/spack-stack/c6/spack-stack-1.6.0/envs/gsi-addon-dev-fms-2024.01/install/intel/2023.2.0/g2tmpl-1.13.0-4df57lb/lib64:1;/autofs/ncrc-svm1_proj/epic/spack-stack/c6/spack-stack-1.6.0/envs/unified-env/install/intel/2023.2.0/ip-4.3.0-amaleyr/lib64:1;/autofs/ncrc-svm1_proj/epic/spack-stack/c6/spack-stack-1.6.0/envs/unified-env/install/intel/2023.2.0/sp-2.5.0-i4p7d75/lib64:1;/autofs/ncrc-svm1_proj/epic/spack-stack/c6/spack-stack-1.6.0/envs/unified-env/install/intel/2023.2.0/g2-3.4.5-qm4a4gp/lib64:1;/autofs/ncrc-svm1_proj/epic/spack-stack/c6/spack-stack-1.6.0/envs/unified-env/install/intel/2023.2.0/w3emc-2.10.0-cqh37pl/lib64:1;/autofs/ncrc-svm1_proj/epic/spack-stack/c6/spack-stack-1.6.0/envs/unified-env/install/intel/2023.2.0/bacio-2.4.1-65566nh/lib:1;/autofs/ncrc-svm1_proj/epic/spack-stack/c6/spack-stack-1.6.0/envs/unified-env/install/intel/2023.2.0/nco-5.0.6-va6qtou/lib:1;/autofs/ncrc-svm1_proj/epic/spack-stack/c6/spack-stack-1.6.0/envs/unified-env/install/intel/2023.2.0/gsl-2.7.1-2xucf2r/lib:1;/autofs/ncrc-svm1_proj/epic/spack-stack/c6/spack-stack-1.6.0/envs/unified-env/install/intel/2023.2.0/antlr-2.7.7-d6cugnw/lib:1;/autofs/ncrc-svm1_proj/epic/spack-stack/c6/spack-stack-1.6.0/envs/unified-env/install/intel/2023.2.0/esmf-8.6.0-edn2jda/lib:1;/autofs/ncrc-svm1_proj/epic/spack-stack/c6/spack-stack-1.6.0/envs/unified-env/install/intel/2023.2.0/parallelio-2.5.10-pshhbaa/lib:1;/autofs/ncrc-svm1_proj/epic/spack-stack/c6/spack-stack-1.6.0/envs/unified-env/install/intel/2023.2.0/parallel-netcdf-1.12.2-kgalfuo/lib:1;/autofs/ncrc-svm1_proj/epic/spack-stack/c6/spack-stack-1.6.0/envs/unified-env/install/intel/2023.2.0/netcdf-fortran-4.6.1-o5cmyfx/lib:1;/autofs/ncrc-svm1_proj/epic/spack-stack/c6/spack-stack-1.6.0/envs/unified-env/install/intel/2023.2.0/netcdf-c-4.9.2-ltruqgg/lib:1;/autofs/ncrc-svm1_proj/epic/spack-stack/c6/spack-stack-1.6.0/envs/unified-env/install/intel/2023.2.0/c-blosc-1.21.5-ndrg6bi/lib64:1;/autofs/ncrc-svm1_proj/epic/spack-stack/c6/spack-stack-1.6.0/envs/unified-env/install/intel/2023.2.0/zstd-1.5.2-p2wyun5/lib:1;/autofs/ncrc-svm1_proj/epic/spack-stack/c6/spack-stack-1.6.0/envs/unified-env/install/intel/2023.2.0/snappy-1.1.10-frntitj/lib:1;/autofs/ncrc-svm1_proj/epic/spack-stack/c6/spack-stack-1.6.0/envs/unified-env/install/intel/2023.2.0/cdo-2.2.0-bvuijzr/lib:1;/autofs/ncrc-svm1_proj/epic/spack-stack/c6/spack-stack-1.6.0/envs/unified-env/install/intel/2023.2.0/udunits-2.2.28-huyn2lv/lib:1;/autofs/ncrc-svm1_proj/epic/spack-stack/c6/spack-stack-1.6.0/envs/unified-env/install/intel/2023.2.0/proj-9.2.1-pbreuhx/lib64:1;/autofs/ncrc-svm1_proj/epic/spack-stack/c6/spack-stack-1.6.0/envs/unified-env/install/intel/2023.2.0/curl-8.4.0-bgdh3ia/lib:1;/autofs/ncrc-svm1_proj/epic/spack-stack/c6/spack-stack-1.6.0/envs/unified-env/install/intel/2023.2.0/nghttp2-1.57.0-syyxr2x/lib:1;/autofs/ncrc-svm1_proj/epic/spack-stack/c6/spack-stack-1.6.0/envs/unified-env/install/intel/2023.2.0/fftw-3.3.10-o2cfgjr/lib:1;/autofs/ncrc-svm1_proj/epic/spack-stack/c6/spack-stack-1.6.0/envs/unified-env/install/intel/2023.2.0/eccodes-2.32.0-eeho3p5/lib64:1;/autofs/ncrc-svm1_proj/epic/spack-stack/c6/spack-stack-1.6.0/envs/unified-env/install/intel/2023.2.0/openjpeg-2.3.1-x7lxvhz/lib:1;/autofs/ncrc-svm1_proj/epic/spack-stack/c6/spack-stack-1.6.0/envs/unified-env/install/intel/2023.2.0/libpng-1.6.37-kb3ztui/lib64:1;/autofs/ncrc-svm1_proj/epic/spack-stack/c6/spack-stack-1.6.0/envs/unified-env/install/intel/2023.2.0/libpng-1.6.37-kb3ztui/lib:1;/autofs/ncrc-svm1_proj/epic/spack-stack/c6/spack-stack-1.6.0/envs/unified-env/install/intel/2023.2.0/jasper-2.0.32-grcyfa6/lib64:1;/autofs/ncrc-svm1_proj/epic/spack-stack/c6/spack-stack-1.6.0/envs/unified-env/install/intel/2023.2.0/libjpeg-turbo-2.1.0-csq2v6y/lib64:1;/autofs/ncrc-svm1_proj/epic/spack-stack/c6/spack-stack-1.6.0/envs/gsi-addon-dev-fms-2024.01/install/intel/2023.2.0/python-3.11.6-czff3ln/lib:1;/autofs/ncrc-svm1_proj/epic/spack-stack/c6/spack-stack-1.6.0/envs/unified-env/install/intel/2023.2.0/util-linux-uuid-2.38.1-ueu4wkj/lib:1;/autofs/ncrc-svm1_proj/epic/spack-stack/c6/spack-stack-1.6.0/envs/unified-env/install/intel/2023.2.0/sqlite-3.43.2-zckjj2i/lib:1;/autofs/ncrc-svm1_proj/epic/spack-stack/c6/spack-stack-1.6.0/envs/unified-env/install/intel/2023.2.0/zlib-1.2.13-jhw3a7j/lib:1;/autofs/ncrc-svm1_proj/epic/spack-stack/c6/spack-stack-1.6.0/envs/unified-env/install/intel/2023.2.0/libxcrypt-4.4.35-khoghoj/lib:1;/opt/cray/libfabric/1.20.1/lib64:1;/opt/intel/oneapi/mkl/2023.2.0/lib/intel64:1;/opt/intel/oneapi/compiler/2023.2.0/linux/lib:1;/opt/intel/oneapi/compiler/2023.2.0/linux/lib/x64:1;/opt/intel/oneapi/compiler/2023.2.0/linux/lib/oclfpga/host/linux64/lib:1;/opt/intel/oneapi/compiler/2023.2.0/linux/compiler/lib/intel64_lin:2;/opt/cray/pe/papi/7.2.0.1/lib64:1;/autofs/ncrc-svm1_proj/epic/spack-stack/c6/spack-stack-1.6.0/envs/unified-env/install/intel/2023.2.0/hdf5-1.14.0-qyuwquo/lib:2', 'COM_OCEAN_LETKF_TMPL': '${ROTDIR}/${RUN}.${YMD}/${HH}/${MEMDIR}/analysis/ocean/letkf', 'EDATE': datetime.datetime(2022, 10, 1, 18, 0), '_ModuleTable049_': 'NS4xMC5sdWEiLApmdWxsTmFtZSA9ICJwYXJhbGxlbGlvLzIuNS4xMCIsCmxvYWRPcmRlciA9IDQyLApwcm9wVCA9IHt9LApyZWZfY291bnQgPSAxLApzdGFja0RlcHRoID0gMiwKc3RhdHVzID0gImFjdGl2ZSIsCnVzZXJOYW1lID0gInBhcmFsbGVsaW8vMi41LjEwIiwKd1YgPSAiMDAwMDAwMDAyLjAwMDAwMDAwNS4wMDAwMDAwMTAuKnpmaW5hbCIsCn0sClsicGVyZnRvb2xzLWJhc2UiXSA9IHsKYWN0aW9uQSA9IHsKInByZXBlbmRfcGF0aChcIk1PRFVMRVBBVEhcIixcIi9vcHQvY3JheS9wZS9sbW9kL21vZHVsZWZpbGVzL3BlcmZ0b29scy8yNS4wMy4wXCIpIiwKfSwKZm4gPSAiL29wdC9jcmF5L3BlL2xtb2QvbW9kdWxlZmlsZXMvY29yZS9wZXJmdG9vbHMtYmFzZS8yNS4w', '__LMOD_REF_COUNT_PKG_CONFIG_PATH': '/autofs/ncrc-svm1_proj/epic/spack-stack/c6/spack-stack-1.6.0/envs/unified-env/install/intel/2023.2.0/netcdf-cxx4-4.3.1-2nfkojj/lib/pkgconfig:2;/autofs/ncrc-svm1_proj/epic/spack-stack/c6/spack-stack-1.6.0/envs/unified-env/install/intel/2023.2.0/libyaml-0.2.5-vnx5l76/lib/pkgconfig:2;/usr/share/pkgconfig:3;/usr/lib64/pkgconfig:6;/usr/lib/pkgconfig:6;/autofs/ncrc-svm1_proj/epic/spack-stack/c6/spack-stack-1.6.0/envs/unified-env/install/intel/2023.2.0/openblas-0.3.24-ctgqvko/lib/pkgconfig:2;/autofs/ncrc-svm1_proj/epic/spack-stack/c6/spack-stack-1.6.0/envs/unified-env/install/intel/2023.2.0/gsl-2.7.1-2xucf2r/lib/pkgconfig:2;/autofs/ncrc-svm1_proj/epic/spack-stack/c6/spack-stack-1.6.0/envs/unified-env/install/intel/2023.2.0/parallel-netcdf-1.12.2-kgalfuo/lib/pkgconfig:2;/autofs/ncrc-svm1_proj/epic/spack-stack/c6/spack-stack-1.6.0/envs/unified-env/install/intel/2023.2.0/netcdf-fortran-4.6.1-o5cmyfx/lib/pkgconfig:2;/autofs/ncrc-svm1_proj/epic/spack-stack/c6/spack-stack-1.6.0/envs/unified-env/install/intel/2023.2.0/netcdf-c-4.9.2-ltruqgg/lib/pkgconfig:2;/autofs/ncrc-svm1_proj/epic/spack-stack/c6/spack-stack-1.6.0/envs/unified-env/install/intel/2023.2.0/c-blosc-1.21.5-ndrg6bi/lib64/pkgconfig:2;/autofs/ncrc-svm1_proj/epic/spack-stack/c6/spack-stack-1.6.0/envs/unified-env/install/intel/2023.2.0/zstd-1.5.2-p2wyun5/lib/pkgconfig:2;/autofs/ncrc-svm1_proj/epic/spack-stack/c6/spack-stack-1.6.0/envs/unified-env/install/intel/2023.2.0/snappy-1.1.10-frntitj/lib/pkgconfig:2;/autofs/ncrc-svm1_proj/epic/spack-stack/c6/spack-stack-1.6.0/envs/unified-env/install/intel/2023.2.0/hdf5-1.14.0-qyuwquo/lib/pkgconfig:2;/autofs/ncrc-svm1_proj/epic/spack-stack/c6/spack-stack-1.6.0/envs/unified-env/install/intel/2023.2.0/cdo-2.2.0-bvuijzr/lib/pkgconfig:2;/autofs/ncrc-svm1_proj/epic/spack-stack/c6/spack-stack-1.6.0/envs/unified-env/install/intel/2023.2.0/proj-9.2.1-pbreuhx/lib64/pkgconfig:2;/autofs/ncrc-svm1_proj/epic/spack-stack/c6/spack-stack-1.6.0/envs/unified-env/install/intel/2023.2.0/curl-8.4.0-bgdh3ia/lib/pkgconfig:2;/autofs/ncrc-svm1_proj/epic/spack-stack/c6/spack-stack-1.6.0/envs/unified-env/install/intel/2023.2.0/nghttp2-1.57.0-syyxr2x/lib/pkgconfig:2;/autofs/ncrc-svm1_proj/epic/spack-stack/c6/spack-stack-1.6.0/envs/unified-env/install/intel/2023.2.0/fftw-3.3.10-o2cfgjr/lib/pkgconfig:2;/autofs/ncrc-svm1_proj/epic/spack-stack/c6/spack-stack-1.6.0/envs/unified-env/install/intel/2023.2.0/eccodes-2.32.0-eeho3p5/lib64/pkgconfig:2;/autofs/ncrc-svm1_proj/epic/spack-stack/c6/spack-stack-1.6.0/envs/unified-env/install/intel/2023.2.0/openjpeg-2.3.1-x7lxvhz/lib/pkgconfig:2;/autofs/ncrc-svm1_proj/epic/spack-stack/c6/spack-stack-1.6.0/envs/unified-env/install/intel/2023.2.0/libpng-1.6.37-kb3ztui/lib64/pkgconfig:2;/autofs/ncrc-svm1_proj/epic/spack-stack/c6/spack-stack-1.6.0/envs/unified-env/install/intel/2023.2.0/jasper-2.0.32-grcyfa6/lib64/pkgconfig:2;/autofs/ncrc-svm1_proj/epic/spack-stack/c6/spack-stack-1.6.0/envs/unified-env/install/intel/2023.2.0/libjpeg-turbo-2.1.0-csq2v6y/lib64/pkgconfig:2;/autofs/ncrc-svm1_proj/epic/spack-stack/c6/spack-stack-1.6.0/envs/gsi-addon-dev-fms-2024.01/install/intel/2023.2.0/python-3.11.6-czff3ln/lib/pkgconfig:2;/autofs/ncrc-svm1_proj/epic/spack-stack/c6/spack-stack-1.6.0/envs/unified-env/install/intel/2023.2.0/util-linux-uuid-2.38.1-ueu4wkj/lib/pkgconfig:2;/autofs/ncrc-svm1_proj/epic/spack-stack/c6/spack-stack-1.6.0/envs/unified-env/install/intel/2023.2.0/sqlite-3.43.2-zckjj2i/lib/pkgconfig:2;/autofs/ncrc-svm1_proj/epic/spack-stack/c6/spack-stack-1.6.0/envs/unified-env/install/intel/2023.2.0/zlib-1.2.13-jhw3a7j/lib/pkgconfig:2;/autofs/ncrc-svm1_proj/epic/spack-stack/c6/spack-stack-1.6.0/envs/unified-env/install/intel/2023.2.0/libxcrypt-4.4.35-khoghoj/lib/pkgconfig:2;/opt/cray/libfabric/1.20.1/lib64/pkgconfig:1;/opt/cray/pe/craype/2.7.30/pkg-config:1;/opt/intel/oneapi/mkl/2023.2.0/lib/pkgconfig:1;/opt/intel/oneapi/compiler/2023.2.0/lib/pkgconfig:1;/opt/cray/pe/dsmml/0.3.1/dsmml/lib/pkgconfig:1;/opt/cray/pe/pmi/6.1.15/lib/pkgconfig:1', 'ATARDIR': '/NCEPDEV/emc-da/1year/Tseganeh.Gichamo/GAEAC6/scratch/maysoilda', 'py_xlwt_ROOT': '/autofs/ncrc-svm1_proj/epic/spack-stack/c6/spack-stack-1.6.0/envs/gsi-addon-dev-fms-2024.01/install/intel/2023.2.0/py-xlwt-1.3.0-tzgvwhp', 'DO_JEDIOCNVAR': False, 'DO_GSISOILDA': True, 'MPI_CXX': 'mpic++', 'SLURMD_NODENAME': 'dtn05', 'UTILROOT': '/autofs/ncrc-svm1_proj/epic/spack-stack/c6/spack-stack-1.6.0/envs/unified-env/install/intel/2023.2.0/prod-util-2.1.1-ynnwpz3', '_ModuleTable024_': 'd1YgPSAiMDAwMDAwMDAwLjAwMDAwMDAyMC4wMDAwMDAwMDIuKnpmaW5hbCIsCn0sClsiZ2l0LWxmcyJdID0gewpmbiA9ICIvYXV0b2ZzL25jcmMtc3ZtMV9wcm9qL2VwaWMvc3BhY2stc3RhY2svYzYvc3BhY2stc3RhY2stMS42LjAvZW52cy9nc2ktYWRkb24tZGV2LWZtcy0yMDI0LjAxL2luc3RhbGwvbW9kdWxlZmlsZXMvaW50ZWwvMjAyMy4yLjAvZ2l0LWxmcy8yLjExLjAubHVhIiwKZnVsbE5hbWUgPSAiZ2l0LWxmcy8yLjExLjAiLApsb2FkT3JkZXIgPSA1OCwKcHJvcFQgPSB7fSwKcmVmX2NvdW50ID0gMSwKc3RhY2tEZXB0aCA9IDIsCnN0YXR1cyA9ICJhY3RpdmUiLAp1c2VyTmFtZSA9ICJnaXQtbGZzLzIuMTEuMCIsCndWID0gIjAwMDAwMDAwMi4wMDAwMDAwMTEuKnpm', 'hsi_ver': 9.3, 'nco_ver': '5.0.6', '_ModuleTable079_': 'bGwvbW9kdWxlZmlsZXMvY3JheS1tcGljaC84LjEuMjkvaW50ZWwvMjAyMy4yLjBcIikiLAp9LApmbiA9ICIvYXV0b2ZzL25jcmMtc3ZtMV9wcm9qL2VwaWMvc3BhY2stc3RhY2svYzYvc3BhY2stc3RhY2stMS42LjAvZW52cy9nc2ktYWRkb24tZGV2LWZtcy0yMDI0LjAxL2luc3RhbGwvbW9kdWxlZmlsZXMvaW50ZWwvMjAyMy4yLjAvc3RhY2stY3JheS1tcGljaC84LjEuMjkubHVhIiwKZnVsbE5hbWUgPSAic3RhY2stY3JheS1tcGljaC84LjEuMjkiLApsb2FkT3JkZXIgPSAxNiwKcHJvcFQgPSB7fSwKc3RhY2tEZXB0aCA9IDEsCnN0YXR1cyA9ICJhY3RpdmUiLAp1c2VyTmFtZSA9ICJzdGFjay1jcmF5LW1waWNoLzguMS4yOSIsCndWID0gIjAwMDAwMDAwOC4wMDAwMDAwMDEu', 'INTEL_COMPILER_TYPE': 'CLASSIC', 'PE_PKGCONFIG_PRODUCTS': 'PE_MPICH:PE_DSMML:PE_PMI:PE_XPMEM', '_ModuleTable015_': 'dGFjay9jNi9zcGFjay1zdGFjay0xLjYuMC9lbnZzL2dzaS1hZGRvbi1kZXYtZm1zLTIwMjQuMDEvaW5zdGFsbC9tb2R1bGVmaWxlcy9pbnRlbC8yMDIzLjIuMC9jcnRtLWZpeC8yLjQuMC4xX2VtYy5sdWEiLApmdWxsTmFtZSA9ICJjcnRtLWZpeC8yLjQuMC4xX2VtYyIsCmxvYWRPcmRlciA9IDU3LApwcm9wVCA9IHt9LApyZWZfY291bnQgPSAxLApzdGFja0RlcHRoID0gMiwKc3RhdHVzID0gImFjdGl2ZSIsCnVzZXJOYW1lID0gImNydG0tZml4LzIuNC4wLjFfZW1jIiwKd1YgPSAiMDAwMDAwMDAyLjAwMDAwMDAwNC4wMDAwMDAwMDAuMDAwMDAwMDAxLipfLiplbWMuKnpmaW5hbCIsCn0sCmN1cmwgPSB7CmZuID0gIi9hdXRvZnMvbmNyYy1zdm0xX3Byb2ovZXBpYy9zcGFjay1z', 'SLURM_JOB_END_TIME': 1752667220, 'pkg_config_ROOT': '/usr', 'CRAY_MPICH_BASEDIR': '/opt/cray/pe/mpich/8.1.29/ofi', 'parallelio_ROOT': '/autofs/ncrc-svm1_proj/epic/spack-stack/c6/spack-stack-1.6.0/envs/unified-env/install/intel/2023.2.0/parallelio-2.5.10-pshhbaa', 'PE_MPICH_GTL_DIR_nvidia80': '-L/opt/cray/pe/mpich/8.1.29/gtl/lib', 'TOCGRIB2SUPER': '/autofs/ncrc-svm1_proj/epic/spack-stack/c6/spack-stack-1.6.0/envs/gsi-addon-dev-fms-2024.01/install/intel/2023.2.0/grib-util-1.3.0-smauszx/bin/tocgrib2super', '_ModuleTable004_': 'Z2FlYS1jNi9tb2R1bGVmaWxlcy9UaW1lWm9uZUVEVC9kZWZhdWx0IiwKZnVsbE5hbWUgPSAiVGltZVpvbmVFRFQvZGVmYXVsdCIsCmxvYWRPcmRlciA9IDYsCnByb3BUID0ge30sCnN0YWNrRGVwdGggPSAxLApzdGF0dXMgPSAiYWN0aXZlIiwKdXNlck5hbWUgPSAiVGltZVpvbmVFRFQvZGVmYXVsdCIsCndWID0gIl5kZWZhdWx0Lip6ZmluYWwiLAp9LAphbnRsciA9IHsKZm4gPSAiL2F1dG9mcy9uY3JjLXN2bTFfcHJvai9lcGljL3NwYWNrLXN0YWNrL2M2L3NwYWNrLXN0YWNrLTEuNi4wL2VudnMvZ3NpLWFkZG9uLWRldi1mbXMtMjAyNC4wMS9pbnN0YWxsL21vZHVsZWZpbGVzL2ludGVsLzIwMjMuMi4wL2FudGxyLzIuNy43Lmx1YSIsCmZ1bGxOYW1lID0gImFudGxyLzIuNy43', 'FIXorog': '/gpfs/f6/gfs-cpu/scratch/Tseganeh.Gichamo/global-workflow/fix/orog', 'FIXcfs': '/gpfs/f6/drsa-precip3/world-shared/role.glopara/git/Fit2Obs/v1.1.7.1/fix', 'libjpeg_turbo_ROOT': '/autofs/ncrc-svm1_proj/epic/spack-stack/c6/spack-stack-1.6.0/envs/unified-env/install/intel/2023.2.0/libjpeg-turbo-2.1.0-csq2v6y', 'FNTSFA': '        ', 'MINICOM': '-c on', 'SLURM_TASKS_PER_NODE': 1, '_ModuleTable084_': 'dXNlck5hbWUgPSAidzNlbWMvMi4xMC4wIiwKd1YgPSAiMDAwMDAwMDAyLjAwMDAwMDAxMC4qemZpbmFsIiwKfSwKd2dyaWIyID0gewpmbiA9ICIvYXV0b2ZzL25jcmMtc3ZtMV9wcm9qL2VwaWMvc3BhY2stc3RhY2svYzYvc3BhY2stc3RhY2stMS42LjAvZW52cy9nc2ktYWRkb24tZGV2LWZtcy0yMDI0LjAxL2luc3RhbGwvbW9kdWxlZmlsZXMvaW50ZWwvMjAyMy4yLjAvd2dyaWIyLzIuMC44Lmx1YSIsCmZ1bGxOYW1lID0gIndncmliMi8yLjAuOCIsCmxvYWRPcmRlciA9IDY1LApwcm9wVCA9IHt9LApzdGFja0RlcHRoID0gMSwKc3RhdHVzID0gImFjdGl2ZSIsCnVzZXJOYW1lID0gIndncmliMi8yLjAuOCIsCndWID0gIjAwMDAwMDAwMi4wMDAwMDAwMDAuMDAwMDAwMDA4Lip6', 'bacio_ROOT': '/autofs/ncrc-svm1_proj/epic/spack-stack/c6/spack-stack-1.6.0/envs/unified-env/install/intel/2023.2.0/bacio-2.4.1-65566nh', '_ModuleTable029_': 'MDIzLjIuMC9oZGY1LzEuMTQuMC5sdWEiLApmdWxsTmFtZSA9ICJoZGY1LzEuMTQuMCIsCmxvYWRPcmRlciA9IDM1LApwcm9wVCA9IHt9LApzdGFja0RlcHRoID0gMSwKc3RhdHVzID0gImFjdGl2ZSIsCnVzZXJOYW1lID0gImhkZjUvMS4xNC4wIiwKd1YgPSAiMDAwMDAwMDAxLjAwMDAwMDAxNC4qemZpbmFsIiwKfSwKaHNpID0gewpmbiA9ICIvdXN3L2hwc3MvbW9kdWxlZmlsZXMvaHNpLzkuMyIsCmZ1bGxOYW1lID0gImhzaS85LjMiLApsb2FkT3JkZXIgPSA5MywKcHJvcFQgPSB7fSwKc3RhY2tEZXB0aCA9IDEsCnN0YXR1cyA9ICJhY3RpdmUiLAp1c2VyTmFtZSA9ICJoc2kvOS4zIiwKd1YgPSAiMDAwMDAwMDA5LjAwMDAwMDAwMy4qemZpbmFsIiwKfSwKWyJpbnRlbC1jbGFz', 'pgmout': 'OUTPUT.3560433', '__LMOD_REF_COUNT_PYTHONPATH': '/autofs/ncrc-svm1_proj/epic/spack-stack/c6/spack-stack-1.6.0/envs/gsi-addon-dev-fms-2024.01/install/intel/2023.2.0/py-xarray-2023.7.0-ozoxbgs/lib/python3.11/site-packages:1;/autofs/ncrc-svm1_proj/epic/spack-stack/c6/spack-stack-1.6.0/envs/gsi-addon-dev-fms-2024.01/install/intel/2023.2.0/py-packaging-23.1-sep32z3/lib/python3.11/site-packages:1;/autofs/ncrc-svm1_proj/epic/spack-stack/c6/spack-stack-1.6.0/envs/gsi-addon-dev-fms-2024.01/install/intel/2023.2.0/py-python-dateutil-2.8.2-bxlqjfj/lib/python3.11/site-packages:1;/autofs/ncrc-svm1_proj/epic/spack-stack/c6/spack-stack-1.6.0/envs/gsi-addon-dev-fms-2024.01/install/intel/2023.2.0/py-six-1.16.0-j3lczkg/lib/python3.11/site-packages:1;/autofs/ncrc-svm1_proj/epic/spack-stack/c6/spack-stack-1.6.0/envs/gsi-addon-dev-fms-2024.01/install/intel/2023.2.0/py-pandas-1.5.3-wyb2e7x/lib/python3.11/site-packages:1;/autofs/ncrc-svm1_proj/epic/spack-stack/c6/spack-stack-1.6.0/envs/gsi-addon-dev-fms-2024.01/install/intel/2023.2.0/py-xlwt-1.3.0-tzgvwhp/lib/python3.11/site-packages:1;/autofs/ncrc-svm1_proj/epic/spack-stack/c6/spack-stack-1.6.0/envs/gsi-addon-dev-fms-2024.01/install/intel/2023.2.0/py-xlsxwriter-3.1.7-vsx375z/lib/python3.11/site-packages:1;/autofs/ncrc-svm1_proj/epic/spack-stack/c6/spack-stack-1.6.0/envs/gsi-addon-dev-fms-2024.01/install/intel/2023.2.0/py-xlrd-2.0.1-7f7n55b/lib/python3.11/site-packages:1;/autofs/ncrc-svm1_proj/epic/spack-stack/c6/spack-stack-1.6.0/envs/gsi-addon-dev-fms-2024.01/install/intel/2023.2.0/py-pyxlsb-1.0.10-yf2yish/lib/python3.11/site-packages:1;/autofs/ncrc-svm1_proj/epic/spack-stack/c6/spack-stack-1.6.0/envs/gsi-addon-dev-fms-2024.01/install/intel/2023.2.0/py-pytz-2023.3-wbjoep3/lib/python3.11/site-packages:1;/autofs/ncrc-svm1_proj/epic/spack-stack/c6/spack-stack-1.6.0/envs/gsi-addon-dev-fms-2024.01/install/intel/2023.2.0/py-openpyxl-3.1.2-3g7ehn2/lib/python3.11/site-packages:1;/autofs/ncrc-svm1_proj/epic/spack-stack/c6/spack-stack-1.6.0/envs/gsi-addon-dev-fms-2024.01/install/intel/2023.2.0/py-et-xmlfile-1.0.1-iprhnfe/lib/python3.11/site-packages:1;/autofs/ncrc-svm1_proj/epic/spack-stack/c6/spack-stack-1.6.0/envs/gsi-addon-dev-fms-2024.01/install/intel/2023.2.0/py-numexpr-2.8.4-svc4zzb/lib/python3.11/site-packages:1;/autofs/ncrc-svm1_proj/epic/spack-stack/c6/spack-stack-1.6.0/envs/gsi-addon-dev-fms-2024.01/install/intel/2023.2.0/py-bottleneck-1.3.7-w3cslfi/lib/python3.11/site-packages:1;/autofs/ncrc-svm1_proj/epic/spack-stack/c6/spack-stack-1.6.0/envs/gsi-addon-dev-fms-2024.01/install/intel/2023.2.0/py-jinja2-3.1.2-dziq6px/lib/python3.11/site-packages:1;/autofs/ncrc-svm1_proj/epic/spack-stack/c6/spack-stack-1.6.0/envs/gsi-addon-dev-fms-2024.01/install/intel/2023.2.0/py-markupsafe-2.1.3-izecrid/lib/python3.11/site-packages:1;/autofs/ncrc-svm1_proj/epic/spack-stack/c6/spack-stack-1.6.0/envs/gsi-addon-dev-fms-2024.01/install/intel/2023.2.0/py-pyyaml-6.0-g3ruzyd/lib/python3.11/site-packages:1;/autofs/ncrc-svm1_proj/epic/spack-stack/c6/spack-stack-1.6.0/envs/gsi-addon-dev-fms-2024.01/install/intel/2023.2.0/py-f90nml-1.4.3-sqdas3d/lib/python3.11/site-packages:1;/autofs/ncrc-svm1_proj/epic/spack-stack/c6/spack-stack-1.6.0/envs/gsi-addon-dev-fms-2024.01/install/intel/2023.2.0/py-netcdf4-1.5.8-444i5pm/lib/python3.11/site-packages:1;/autofs/ncrc-svm1_proj/epic/spack-stack/c6/spack-stack-1.6.0/envs/gsi-addon-dev-fms-2024.01/install/intel/2023.2.0/py-cftime-1.0.3.4-dgtglhq/lib/python3.11/site-packages:1;/autofs/ncrc-svm1_proj/epic/spack-stack/c6/spack-stack-1.6.0/envs/gsi-addon-dev-fms-2024.01/install/intel/2023.2.0/bufr-11.7.0-2pzpov2/lib64/python3.11/site-packages:3;/autofs/ncrc-svm1_proj/epic/spack-stack/c6/spack-stack-1.6.0/envs/gsi-addon-dev-fms-2024.01/install/intel/2023.2.0/bufr-11.7.0-2pzpov2/lib/python3.11/site-packages:1;/autofs/ncrc-svm1_proj/epic/spack-stack/c6/spack-stack-1.6.0/envs/gsi-addon-dev-fms-2024.01/install/intel/2023.2.0/py-numpy-1.23.4-ir4kiqb/lib/python3.11/site-packages:1;/autofs/ncrc-svm1_proj/epic/spack-stack/c6/spack-stack-1.6.0/envs/gsi-addon-dev-fms-2024.01/install/intel/2023.2.0/py-setuptools-63.4.3-qi6dp6j/lib/python3.11/site-packages:1', 'FHOUT_WAV': 1, 'FHOUT': 1, 'cdo_ROOT': '/autofs/ncrc-svm1_proj/epic/spack-stack/c6/spack-stack-1.6.0/envs/unified-env/install/intel/2023.2.0/cdo-2.2.0-bvuijzr', 'DO_AWIPS': False, 'C3_RSH': 'ssh -oConnectTimeout=10 -oForwardX11=no', 'PRTE_MCA_plm_slurm_args': '--external-launcher', 'PARTITION_SERVICE': 'batch', 'PE_MPICH_PKGCONFIG_VARIABLES': 'PE_MPICH_GTL_DIR_@accelerator@:PE_MPICH_GTL_LIBS_@accelerator@', 'PE_MPICH_PKGCONFIG_LIBS': 'mpich', 'ESMFMKFILE': '/autofs/ncrc-svm1_proj/epic/spack-stack/c6/spack-stack-1.6.0/envs/unified-env/install/intel/2023.2.0/esmf-8.6.0-edn2jda/lib/esmf.mk', 'FHOUT_OCN_GFS': 6, '__LMOD_REF_COUNT_DIAGUTIL_PATH': '/opt/intel/oneapi/compiler/2023.2.0/sys_check/sys_check.sh:1', 'QUILTING': True, 'QT_SYSTEM_DIR': '/usr/share/desktop-data', 'OSTYPE': 'linux', 'HDF5_PLUGIN_PATH': '/autofs/ncrc-svm1_proj/epic/spack-stack/c6/spack-stack-1.6.0/envs/unified-env/install/intel/2023.2.0/netcdf-c-4.9.2-ltruqgg/plugins', 'launcher': 'srun -l --export=ALL', 'FHOUT_GFS': 3, 'FIXlut': '/gpfs/f6/gfs-cpu/scratch/Tseganeh.Gichamo/global-workflow/fix/lut', 'PIO_TYPENAME_VALID_VALUES': ['netcdf', 'netcdf4p', 'netcdf4c', 'pnetcdf'], 'udunits_ROOT': '/autofs/ncrc-svm1_proj/epic/spack-stack/c6/spack-stack-1.6.0/envs/unified-env/install/intel/2023.2.0/udunits-2.2.28-huyn2lv', 'NMEM_ENS': 80, 'fms_ver': '2023.02.01', 'CC': 'cc', 'MPIF90': 'mpif90', '_ModuleTable089_': 'ICIvb3B0L2NyYXkvcGUvbG1vZC9tb2R1bGVmaWxlcy9tcGkvaW50ZWwvMjAyMy4yL29maS8xLjAvY3JheS1tcGljaC84LjAiCiwgIi9vcHQvY3JheS9wZS9sbW9kL21vZHVsZWZpbGVzL2NvbW5ldC9pbnRlbC8yMDIzLjIvb2ZpLzEuMCIKLCAiL29wdC9jcmF5L3BlL2xtb2QvbW9kdWxlZmlsZXMvbmV0L29maS8xLjAiCiwgIi9hdXRvZnMvbmNyYy1zdm0xX3Byb2ovZXBpYy9zcGFjay1zdGFjay9jNi9zcGFjay1zdGFjay0xLjYuMC9lbnZzL2dzaS1hZGRvbi1kZXYtZm1zLTIwMjQuMDEvaW5zdGFsbC9tb2R1bGVmaWxlcy9pbnRlbC8yMDIzLjIuMCIKLCAiL29wdC9jcmF5L3BlL2xtb2QvbW9kdWxlZmlsZXMvY29tcGlsZXIvaW50ZWwvMjAyMy4yIgosICIvb3B0L2NyYXkvcGUv', 'COM_ICE_ANALYSIS_TMPL': '${ROTDIR}/${RUN}.${YMD}/${HH}/${MEMDIR}/analysis/ice', 'PROJ_LIB': '/autofs/ncrc-svm1_proj/epic/spack-stack/c6/spack-stack-1.6.0/envs/unified-env/install/intel/2023.2.0/proj-9.2.1-pbreuhx/share/proj', 'XDG_SESSION_ID': 'c7082', '_ModuleTable044_': 'Z3NpLWFkZG9uLWRldi1mbXMtMjAyNC4wMS9pbnN0YWxsL21vZHVsZWZpbGVzL2NyYXktbXBpY2gvOC4xLjI5L2ludGVsLzIwMjMuMi4wL25ldGNkZi1mb3J0cmFuLzQuNi4xLmx1YSIsCmZ1bGxOYW1lID0gIm5ldGNkZi1mb3J0cmFuLzQuNi4xIiwKbG9hZE9yZGVyID0gNDAsCnByb3BUID0ge30sCnN0YWNrRGVwdGggPSAxLApzdGF0dXMgPSAiYWN0aXZlIiwKdXNlck5hbWUgPSAibmV0Y2RmLWZvcnRyYW4vNC42LjEiLAp3ViA9ICIwMDAwMDAwMDQuMDAwMDAwMDA2LjAwMDAwMDAwMS4qemZpbmFsIiwKfSwKbmdodHRwMiA9IHsKZm4gPSAiL2F1dG9mcy9uY3JjLXN2bTFfcHJvai9lcGljL3NwYWNrLXN0YWNrL2M2L3NwYWNrLXN0YWNrLTEuNi4wL2VudnMvZ3NpLWFkZG9uLWRl', 'DO_AERO_ANL': False, 'lwrite4danl': True, 'FIXugwd': '/gpfs/f6/gfs-cpu/scratch/Tseganeh.Gichamo/global-workflow/fix/ugwd', 'FIXcpl': '/gpfs/f6/gfs-cpu/scratch/Tseganeh.Gichamo/global-workflow/fix/cpl', 'MPI_F90': 'mpif90', 'CRAY_DSMML_VER': '0.3.1', 'GRIB2GRIB': '/autofs/ncrc-svm1_proj/epic/spack-stack/c6/spack-stack-1.6.0/envs/gsi-addon-dev-fms-2024.01/install/intel/2023.2.0/grib-util-1.3.0-smauszx/bin/grib2grib2', 'SDATE': datetime.datetime(2022, 5, 1, 0, 0), '_ModuleTable091_': 'ZS9tb2R1bGVmaWxlcy9MaW51eCIsICIvb3B0L2NyYXkvcGUvbW9kdWxlZmlsZXMvQ29yZSIKLCAiL29wdC9jcmF5L3BlL2xtb2QvbG1vZC9tb2R1bGVmaWxlcy9Db3JlIgosICIvb3B0L2NyYXkvcGUvbG1vZC9tb2R1bGVmaWxlcy9jb3JlIgosICIvb3B0L2NyYXkvcGUvbG1vZC9tb2R1bGVmaWxlcy9jcmF5cGUtdGFyZ2V0cy9kZWZhdWx0IgosICIvc3cvZ2FlYS1jNi9tb2R1bGVmaWxlcyIsICIvb3B0L2NyYXkvbW9kdWxlZmlsZXMiLCAiL3Vzdy9ocHNzL21vZHVsZWZpbGVzIiwKfSwKc3lzdGVtQmFzZU1QQVRIID0gIi9vcHQvY3JheS9wZS9tb2R1bGVmaWxlcy9MaW51eDovb3B0L2NyYXkvcGUvbW9kdWxlZmlsZXMvQ29yZTovb3B0L2NyYXkvcGUvbG1vZC9sbW9kL21vZHVs', '_ModuleTable054_': 'cm9qLzkuMi4xLmx1YSIsCmZ1bGxOYW1lID0gInByb2ovOS4yLjEiLApsb2FkT3JkZXIgPSAzMSwKcHJvcFQgPSB7fSwKcmVmX2NvdW50ID0gMSwKc3RhY2tEZXB0aCA9IDIsCnN0YXR1cyA9ICJhY3RpdmUiLAp1c2VyTmFtZSA9ICJwcm9qLzkuMi4xIiwKd1YgPSAiMDAwMDAwMDA5LjAwMDAwMDAwMi4wMDAwMDAwMDEuKnpmaW5hbCIsCn0sClsicHktYm90dGxlbmVjayJdID0gewpmbiA9ICIvYXV0b2ZzL25jcmMtc3ZtMV9wcm9qL2VwaWMvc3BhY2stc3RhY2svYzYvc3BhY2stc3RhY2stMS42LjAvZW52cy9nc2ktYWRkb24tZGV2LWZtcy0yMDI0LjAxL2luc3RhbGwvbW9kdWxlZmlsZXMvaW50ZWwvMjAyMy4yLjAvcHktYm90dGxlbmVjay8xLjMuNy5sdWEiLApmdWxsTmFtZSA9', 'py_xlsxwriter_ROOT': '/autofs/ncrc-svm1_proj/epic/spack-stack/c6/spack-stack-1.6.0/envs/gsi-addon-dev-fms-2024.01/install/intel/2023.2.0/py-xlsxwriter-3.1.7-vsx375z', 'SLURM_NNODES': 1, 'USER': 'Tseganeh.Gichamo', 'SERIAL_F77': 'ftn', 'FHMAX_ENKF_GFS': 12, 'FPGA_VARS_DIR': '/opt/intel/oneapi/compiler/2023.2.0/linux/lib/oclfpga', 'CMPLR_ROOT': '/opt/intel/oneapi/compiler/2023.2.0', 'SERIAL_CC': 'cc', 'LMOD_G2TMPLVIRT_NAME': 'g2tmpl', '_ModuleTable069_': 'bC9tb2R1bGVmaWxlcy9pbnRlbC8yMDIzLjIuMC9weS1weXlhbWwvNi4wLmx1YSIsCmZ1bGxOYW1lID0gInB5LXB5eWFtbC82LjAiLApsb2FkT3JkZXIgPSA3MCwKcHJvcFQgPSB7fSwKc3RhY2tEZXB0aCA9IDEsCnN0YXR1cyA9ICJhY3RpdmUiLAp1c2VyTmFtZSA9ICJweS1weXlhbWwvNi4wIiwKd1YgPSAiMDAwMDAwMDA2Lip6ZmluYWwiLAp9LApbInB5LXNldHVwdG9vbHMiXSA9IHsKZm4gPSAiL2F1dG9mcy9uY3JjLXN2bTFfcHJvai9lcGljL3NwYWNrLXN0YWNrL2M2L3NwYWNrLXN0YWNrLTEuNi4wL2VudnMvZ3NpLWFkZG9uLWRldi1mbXMtMjAyNC4wMS9pbnN0YWxsL21vZHVsZWZpbGVzL2ludGVsLzIwMjMuMi4wL3B5LXNldHVwdG9vbHMvNjMuNC4zLmx1YSIsCmZ1bGxO', 'DMPDIR': '/gpfs/f6/drsa-precip3/world-shared/role.glopara/dump', 'CXXFLAGS': '-gxx-name=/usr/bin/g++-12 -gcc-name=/usr/bin/gcc-12 -static-libstdc++', 'ARCH_FCSTICFREQ': 1, 'PAGER': 'less', 'FIXmom': '/gpfs/f6/gfs-cpu/scratch/Tseganeh.Gichamo/global-workflow/fix/mom6', 'ip_ROOT': '/autofs/ncrc-svm1_proj/epic/spack-stack/c6/spack-stack-1.6.0/envs/unified-env/install/intel/2023.2.0/ip-4.3.0-amaleyr', 'py_python_dateutil_ROOT': '/autofs/ncrc-svm1_proj/epic/spack-stack/c6/spack-stack-1.6.0/envs/gsi-addon-dev-fms-2024.01/install/intel/2023.2.0/py-python-dateutil-2.8.2-bxlqjfj', 'PE_MPICH_GENCOMPILERS_INTEL': 2022.1, 'crtm_ROOT': '/autofs/ncrc-svm1_proj/epic/spack-stack/c6/spack-stack-1.6.0/envs/unified-env/install/intel/2023.2.0/crtm-2.4.0.1-tmwgohs', 'DO_FETCH_LOCAL': False, 'py_numpy_ver': '1.23.4', 'BACIO_INC4': '/autofs/ncrc-svm1_proj/epic/spack-stack/c6/spack-stack-1.6.0/envs/unified-env/install/intel/2023.2.0/bacio-2.4.1-65566nh/include_4', '_ModuleTable041_': 'Y3JjLXN2bTFfcHJvai9lcGljL3NwYWNrLXN0YWNrL2M2L3NwYWNrLXN0YWNrLTEuNi4wL2VudnMvZ3NpLWFkZG9uLWRldi1mbXMtMjAyNC4wMS9pbnN0YWxsL21vZHVsZWZpbGVzL2NyYXktbXBpY2gvOC4xLjI5L2ludGVsLzIwMjMuMi4wL25jby81LjAuNi5sdWEiLApmdWxsTmFtZSA9ICJuY28vNS4wLjYiLApsb2FkT3JkZXIgPSA0NywKcHJvcFQgPSB7fSwKc3RhY2tEZXB0aCA9IDEsCnN0YXR1cyA9ICJhY3RpdmUiLAp1c2VyTmFtZSA9ICJuY28vNS4wLjYiLAp3ViA9ICIwMDAwMDAwMDUuMDAwMDAwMDAwLjAwMDAwMDAwNi4qemZpbmFsIiwKfSwKWyJuZXRjZGYtYyJdID0gewpmbiA9ICIvYXV0b2ZzL25jcmMtc3ZtMV9wcm9qL2VwaWMvc3BhY2stc3RhY2svYzYvc3BhY2st', 'COMIN_SNOW_ANALYSIS_ENSSTAT': '/gpfs/f6/gfs-cpu/scratch/Tseganeh.Gichamo/COMROOT//maysoilda/enkfgdas.20220505/12/ensstat/analysis/snow', 'COM_ATMOS_ANLMON_TMPL': '${ROTDIR}/${RUN}.${YMD}/${HH}/${MEMDIR}/products/atmos/anlmon', 'NMEM_ENS_GFS': 30, 'LMOD_FAMILY_PRGENV_VERSION': '8.5.0', 'MPI_CC': 'mpicc', '_ModuleTable023_': 'dXMgPSAiYWN0aXZlIiwKdXNlck5hbWUgPSAiZzJ0bXBsLzEuMTMuMCIsCndWID0gIjAwMDAwMDAwMS4wMDAwMDAwMTMuKnpmaW5hbCIsCn0sCmdldHRleHQgPSB7CmZuID0gIi9hdXRvZnMvbmNyYy1zdm0xX3Byb2ovZXBpYy9zcGFjay1zdGFjay9jNi9zcGFjay1zdGFjay0xLjYuMC9lbnZzL2dzaS1hZGRvbi1kZXYtZm1zLTIwMjQuMDEvaW5zdGFsbC9tb2R1bGVmaWxlcy9pbnRlbC8yMDIzLjIuMC9nZXR0ZXh0LzAuMjAuMi5sdWEiLApmdWxsTmFtZSA9ICJnZXR0ZXh0LzAuMjAuMiIsCmxvYWRPcmRlciA9IDE3LApwcm9wVCA9IHt9LApyZWZfY291bnQgPSAxLApzdGFja0RlcHRoID0gMiwKc3RhdHVzID0gImFjdGl2ZSIsCnVzZXJOYW1lID0gImdldHRleHQvMC4yMC4yIiwK', '_ModuleTable072_': 'LApzdGFja0RlcHRoID0gMSwKc3RhdHVzID0gImFjdGl2ZSIsCnVzZXJOYW1lID0gInB5LXhhcnJheS8yMDIzLjcuMCIsCndWID0gIjAwMDAwMjAyMy4wMDAwMDAwMDcuKnpmaW5hbCIsCn0sClsicHkteGxyZCJdID0gewpmbiA9ICIvYXV0b2ZzL25jcmMtc3ZtMV9wcm9qL2VwaWMvc3BhY2stc3RhY2svYzYvc3BhY2stc3RhY2stMS42LjAvZW52cy9nc2ktYWRkb24tZGV2LWZtcy0yMDI0LjAxL2luc3RhbGwvbW9kdWxlZmlsZXMvaW50ZWwvMjAyMy4yLjAvcHkteGxyZC8yLjAuMS5sdWEiLApmdWxsTmFtZSA9ICJweS14bHJkLzIuMC4xIiwKbG9hZE9yZGVyID0gNzksCnByb3BUID0ge30sCnJlZl9jb3VudCA9IDEsCnN0YWNrRGVwdGggPSAyLApzdGF0dXMgPSAiYWN0aXZlIiwK', 'YAML_INC': '/autofs/ncrc-svm1_proj/epic/spack-stack/c6/spack-stack-1.6.0/envs/unified-env/install/intel/2023.2.0/libyaml-0.2.5-vnx5l76/include', '_ModuleTable012_': 'RVBBVEhcIixcIi9vcHQvY3JheS9wZS9sbW9kL21vZHVsZWZpbGVzL25ldC9vZmkvMS4wXCIpIiwgInByZXBlbmRfcGF0aChcIk1PRFVMRVBBVEhcIixcIi9vcHQvY3JheS9wZS9sbW9kL21vZHVsZWZpbGVzL2NvbW5ldC9pbnRlbC8yMDIzLjIvb2ZpLzEuMFwiKSIsCn0sCmZuID0gIi9vcHQvY3JheS9wZS9sbW9kL21vZHVsZWZpbGVzL2NyYXlwZS10YXJnZXRzL2RlZmF1bHQvY3JheXBlLW5ldHdvcmstb2ZpLmx1YSIsCmZ1bGxOYW1lID0gImNyYXlwZS1uZXR3b3JrLW9maSIsCmxvYWRPcmRlciA9IDE0LApwcm9wVCA9IHt9LApzdGFja0RlcHRoID0gMiwKc3RhdHVzID0gImFjdGl2ZSIsCnVzZXJOYW1lID0gImNyYXlwZS1uZXR3b3JrLW9maSIsCndWID0gIk0uKnpmaW5hbCIs', 'BACIO_INC8': '/autofs/ncrc-svm1_proj/epic/spack-stack/c6/spack-stack-1.6.0/envs/unified-env/install/intel/2023.2.0/bacio-2.4.1-65566nh/include_8', 'COM_CHEM_BMAT_TMPL': '${ROTDIR}/${RUN}.${YMD}/${HH}/${MEMDIR}/analysis/chem/bmatrix', 'SLURM_GET_USER_ENV': 1, '_ModuleTable031_': 'MjAyMy4yLjAiLApsb2FkT3JkZXIgPSAxMCwKcHJvcFQgPSB7fSwKc3RhY2tEZXB0aCA9IDIsCnN0YXR1cyA9ICJhY3RpdmUiLAp1c2VyTmFtZSA9ICJpbnRlbC1jbGFzc2ljLzIwMjMuMi4wIiwKd1YgPSAiXjAwMDAyMDIzLjAwMDAwMDAwMi4qemZpbmFsIiwKfSwKaXAgPSB7CmZuID0gIi9hdXRvZnMvbmNyYy1zdm0xX3Byb2ovZXBpYy9zcGFjay1zdGFjay9jNi9zcGFjay1zdGFjay0xLjYuMC9lbnZzL2dzaS1hZGRvbi1kZXYtZm1zLTIwMjQuMDEvaW5zdGFsbC9tb2R1bGVmaWxlcy9pbnRlbC8yMDIzLjIuMC9pcC80LjMuMC5sdWEiLApmdWxsTmFtZSA9ICJpcC80LjMuMCIsCmxvYWRPcmRlciA9IDUzLApwcm9wVCA9IHt9LApyZWZfY291bnQgPSAxLApzdGFja0RlcHRoID0g', 'PERLBREW_MANPATH': '/ncrc/usw/gfdl/perlbrew/perls/perl-5.38.2/man', 'FHMAX': 9, 'PE_MPICH_GTL_LIBS_ponteVecchio': '-lmpi_gtl_ze', 'COM_WAVE_HISTORY_TMPL': '${ROTDIR}/${RUN}.${YMD}/${HH}/${MEMDIR}/model/wave/history', '_ModuleTable062_': 'PSAiMDAwMDAwMDAyLjAwMDAwMDAwOC4wMDAwMDAwMDQuKnpmaW5hbCIsCn0sClsicHktbnVtcHkiXSA9IHsKZm4gPSAiL2F1dG9mcy9uY3JjLXN2bTFfcHJvai9lcGljL3NwYWNrLXN0YWNrL2M2L3NwYWNrLXN0YWNrLTEuNi4wL2VudnMvZ3NpLWFkZG9uLWRldi1mbXMtMjAyNC4wMS9pbnN0YWxsL21vZHVsZWZpbGVzL2ludGVsLzIwMjMuMi4wL3B5LW51bXB5LzEuMjMuNC5sdWEiLApmdWxsTmFtZSA9ICJweS1udW1weS8xLjIzLjQiLApsb2FkT3JkZXIgPSA2MiwKcHJvcFQgPSB7fSwKcmVmX2NvdW50ID0gOCwKc3RhY2tEZXB0aCA9IDIsCnN0YXR1cyA9ICJhY3RpdmUiLAp1c2VyTmFtZSA9ICJweS1udW1weS8xLjIzLjQiLAp3ViA9ICIwMDAwMDAwMDEuMDAwMDAwMDIzLjAw', 'CRAY_CPU_TARGET': 'x86-genoa', 'DEGRIB2': '/autofs/ncrc-svm1_proj/epic/spack-stack/c6/spack-stack-1.6.0/envs/gsi-addon-dev-fms-2024.01/install/intel/2023.2.0/grib-util-1.3.0-smauszx/bin/degrib2', 'WGRIB': 'wgrib', 'eccodes_ROOT': '/autofs/ncrc-svm1_proj/epic/spack-stack/c6/spack-stack-1.6.0/envs/unified-env/install/intel/2023.2.0/eccodes-2.32.0-eeho3p5', 'MPICXX': 'mpic++', 'SLURM_JOB_START_TIME': 1752645620, 'py_bottleneck_ROOT': '/autofs/ncrc-svm1_proj/epic/spack-stack/c6/spack-stack-1.6.0/envs/gsi-addon-dev-fms-2024.01/install/intel/2023.2.0/py-bottleneck-1.3.7-w3cslfi', 'MPI_F77': 'mpif77', 'SLURM_NTASKS_PER_NODE': 1, '__LMOD_REF_COUNT_MODULEPATH': '/gpfs/f6/drsa-precip3/world-shared/role.glopara/git/Fit2Obs/v1.1.7.1/modulefiles:1;/gpfs/f6/drsa-precip3/world-shared/role.glopara/git/prepobs/v1.1.0/modulefiles:1;/autofs/ncrc-svm1_proj/epic/spack-stack/c6/spack-stack-1.6.0/envs/gsi-addon-dev-fms-2024.01/install/modulefiles/g2tmpl/1.13.0/intel/2023.2.0:1;/autofs/ncrc-svm1_proj/epic/spack-stack/c6/spack-stack-1.6.0/envs/gsi-addon-dev-fms-2024.01/install/modulefiles/cray-mpich/8.1.29/intel/2023.2.0:1;/opt/cray/pe/lmod/modulefiles/mpi/intel/2023.2/ofi/1.0/cray-mpich/8.0:1;/opt/cray/pe/lmod/modulefiles/comnet/intel/2023.2/ofi/1.0:1;/opt/cray/pe/lmod/modulefiles/net/ofi/1.0:1;/autofs/ncrc-svm1_proj/epic/spack-stack/c6/spack-stack-1.6.0/envs/gsi-addon-dev-fms-2024.01/install/modulefiles/intel/2023.2.0:1;/opt/cray/pe/lmod/modulefiles/compiler/intel/2023.2:1;/opt/cray/pe/lmod/modulefiles/mix_compilers:1;/ncrc/proj/epic/spack-stack/c6/spack-stack-1.6.0/envs/gsi-addon-dev-fms-2024.01/install/modulefiles/Core:1;/gpfs/f6/gfs-cpu/scratch/Tseganeh.Gichamo/global-workflow/modulefiles:1;/sw/gaea-c6/spack-envs/base/modules/spack/Core:1;/opt/cray/pe/lmod/modulefiles/perftools/25.03.0:1;/opt/cray/pe/lmod/modulefiles/cpu/x86-genoa/1.0:1;/opt/cray/pe/modulefiles/Linux:1;/opt/cray/pe/modulefiles/Core:1;/opt/cray/pe/lmod/lmod/modulefiles/Core:1;/opt/cray/pe/lmod/modulefiles/core:1;/opt/cray/pe/lmod/modulefiles/craype-targets/default:1;/sw/gaea-c6/modulefiles:1;/opt/cray/modulefiles:1;/usw/hpss/modulefiles:1', 'PKGCONFIG_ENABLED': 1, 'GRB2INDEX': '/autofs/ncrc-svm1_proj/epic/spack-stack/c6/spack-stack-1.6.0/envs/gsi-addon-dev-fms-2024.01/install/intel/2023.2.0/grib-util-1.3.0-smauszx/bin/grb2index', 'MORE': '-sl', 'CRAY_PERFTOOLS_PREFIX': '/opt/cray/pe/perftools/25.03.0', 'PE_FORTRAN_PKGCONFIG_LIBS': 'mpichf90', '__LMOD_REF_COUNT_CRAY_LD_LIBRARY_PATH': '/opt/cray/pe/mpich/8.1.29/ofi/intel/2022.1/lib:1;/opt/cray/pe/mpich/8.1.29/gtl/lib:1;/opt/cray/pe/dsmml/0.3.1/dsmml/lib:1;/opt/cray/pe/pmi/6.1.15/lib:1;/opt/cray/pe/perftools/25.03.0/lib64:1', 'COM_OBS_TMPL': '${ROTDIR}/${RUN}.${YMD}/${HH}/obs', 'FIXprepobs': '/gpfs/f6/drsa-precip3/world-shared/role.glopara/git/prepobs/v1.1.0/fix', 'SERIAL_CXX': 'CC', '_ModuleTable057_': 'MS4wLjEiLApsb2FkT3JkZXIgPSA3NSwKcHJvcFQgPSB7fSwKcmVmX2NvdW50ID0gMSwKc3RhY2tEZXB0aCA9IDMsCnN0YXR1cyA9ICJhY3RpdmUiLAp1c2VyTmFtZSA9ICJweS1ldC14bWxmaWxlLzEuMC4xIiwKd1YgPSAiMDAwMDAwMDAxLjAwMDAwMDAwMC4wMDAwMDAwMDEuKnpmaW5hbCIsCn0sClsicHktZjkwbm1sIl0gPSB7CmZuID0gIi9hdXRvZnMvbmNyYy1zdm0xX3Byb2ovZXBpYy9zcGFjay1zdGFjay9jNi9zcGFjay1zdGFjay0xLjYuMC9lbnZzL2dzaS1hZGRvbi1kZXYtZm1zLTIwMjQuMDEvaW5zdGFsbC9tb2R1bGVmaWxlcy9pbnRlbC8yMDIzLjIuMC9weS1mOTBubWwvMS40LjMubHVhIiwKZnVsbE5hbWUgPSAicHktZjkwbm1sLzEuNC4zIiwKbG9hZE9yZGVyID0g', 'ARCH_EXPDIR': True, 'COM_ATMOS_ANALYSIS_TMPL': '${ROTDIR}/${RUN}.${YMD}/${HH}/${MEMDIR}/analysis/atmos', 'FHMIN_ENKF': 3, 'DO_CALC_INCREMENT_ENKF_GFS': False, 'COM_WAVE_WMO_TMPL': '${ROTDIR}/${RUN}.${YMD}/${HH}/${MEMDIR}/products/wave/wmo', 'DATA': '/gpfs/f6/gfs-cpu/world-shared/Tseganeh.Gichamo/RUNDIRS/maysoilda/enkfgdas.2022050512/earc_tars.3560393', 'USHfit2obs': '/gpfs/f6/drsa-precip3/world-shared/role.glopara/git/Fit2Obs/v1.1.7.1/ush', 'G2TMPL_INC': '/autofs/ncrc-svm1_proj/epic/spack-stack/c6/spack-stack-1.6.0/envs/gsi-addon-dev-fms-2024.01/install/intel/2023.2.0/g2tmpl-1.13.0-4df57lb/include', 'IAUFHRS': [3, 6, 9], 'COM_ATMOS_MASTER_TMPL': '${ROTDIR}/${RUN}.${YMD}/${HH}/${MEMDIR}/model/atmos/master', 'OPS_RES': 'C768', 'PWD': '/gpfs/f6/gfs-cpu/world-shared/Tseganeh.Gichamo/RUNDIRS/maysoilda/enkfgdas.2022050512/earc_tars.3560393', 'hsi_mod_path': '/usw/hpss/modulefiles', 'MDATE': '/autofs/ncrc-svm1_proj/epic/spack-stack/c6/spack-stack-1.6.0/envs/unified-env/install/intel/2023.2.0/prod-util-2.1.1-ynnwpz3/bin/mdate', 'scrg': '/gpfs/f6/gfs-cpu/scratch/Tseganeh.Gichamo/', 'WGRIB2_LIB': '/autofs/ncrc-svm1_proj/epic/spack-stack/c6/spack-stack-1.6.0/envs/unified-env/install/intel/2023.2.0/wgrib2-2.0.8-ptvhuof/lib/libwgrib2.a', '_ModuleTable081_': 'MDIzLjIuMCIsCmxvYWRPcmRlciA9IDEyLApwcm9wVCA9IHt9LApzdGFja0RlcHRoID0gMSwKc3RhdHVzID0gImFjdGl2ZSIsCnVzZXJOYW1lID0gInN0YWNrLWludGVsLzIwMjMuMi4wIiwKd1YgPSAiMDAwMDAyMDIzLjAwMDAwMDAwMi4qemZpbmFsIiwKfSwKdWR1bml0cyA9IHsKZm4gPSAiL2F1dG9mcy9uY3JjLXN2bTFfcHJvai9lcGljL3NwYWNrLXN0YWNrL2M2L3NwYWNrLXN0YWNrLTEuNi4wL2VudnMvZ3NpLWFkZG9uLWRldi1mbXMtMjAyNC4wMS9pbnN0YWxsL21vZHVsZWZpbGVzL2ludGVsLzIwMjMuMi4wL3VkdW5pdHMvMi4yLjI4Lmx1YSIsCmZ1bGxOYW1lID0gInVkdW5pdHMvMi4yLjI4IiwKbG9hZE9yZGVyID0gMzIsCnByb3BUID0ge30sCnJlZl9jb3VudCA9IDIs', 'IP_INC4': '/autofs/ncrc-svm1_proj/epic/spack-stack/c6/spack-stack-1.6.0/envs/unified-env/install/intel/2023.2.0/ip-4.3.0-amaleyr/include_4', 'PE_MPICH_GTL_DIR_ponteVecchio': '-L/opt/cray/pe/mpich/8.1.29/gtl/lib', 'WRITE_NSFLIP': True, 'bacio_ver': '2.4.1', '_ModuleTable046_': 'MjMuMi4wL29wZW5ibGFzLzAuMy4yNC5sdWEiLApmdWxsTmFtZSA9ICJvcGVuYmxhcy8wLjMuMjQiLApsb2FkT3JkZXIgPSA2MCwKcHJvcFQgPSB7fSwKcmVmX2NvdW50ID0gMSwKc3RhY2tEZXB0aCA9IDMsCnN0YXR1cyA9ICJhY3RpdmUiLAp1c2VyTmFtZSA9ICJvcGVuYmxhcy8wLjMuMjQiLAp3ViA9ICIwMDAwMDAwMDAuMDAwMDAwMDAzLjAwMDAwMDAyNC4qemZpbmFsIiwKfSwKb3BlbmpwZWcgPSB7CmZuID0gIi9hdXRvZnMvbmNyYy1zdm0xX3Byb2ovZXBpYy9zcGFjay1zdGFjay9jNi9zcGFjay1zdGFjay0xLjYuMC9lbnZzL2dzaS1hZGRvbi1kZXYtZm1zLTIwMjQuMDEvaW5zdGFsbC9tb2R1bGVmaWxlcy9pbnRlbC8yMDIzLjIuMC9vcGVuanBlZy8yLjMuMS5sdWEiLApm', 'PE_MPICH_GTL_DIR_nvidia70': '-L/opt/cray/pe/mpich/8.1.29/gtl/lib', 'IP_INC8': '/autofs/ncrc-svm1_proj/epic/spack-stack/c6/spack-stack-1.6.0/envs/unified-env/install/intel/2023.2.0/ip-4.3.0-amaleyr/include_8', 'jobid': 'earc_tars.3560393', 'SLURM_JOB_NODELIST': 'dtn05', 'COPYGB': '/autofs/ncrc-svm1_proj/epic/spack-stack/c6/spack-stack-1.6.0/envs/gsi-addon-dev-fms-2024.01/install/intel/2023.2.0/grib-util-1.3.0-smauszx/bin/copygb', 'FHMIN_WAV': 0, 'HOME': '/ncrc/home2/Tseganeh.Gichamo', 'scri': '/gpfs/f6/ira-sti/scratch/Tseganeh.Gichamo/', 'SLURM_CLUSTER_NAME': 'es', 'CRAY_PMI_INCLUDE_OPTS': '-I/opt/cray/pe/pmi/6.1.15/include', '_ModuleTable052_': 'bmFsIiwKfSwKcHJlcG9icyA9IHsKZm4gPSAiL2dwZnMvZjYvZHJzYS1wcmVjaXAzL3dvcmxkLXNoYXJlZC9yb2xlLmdsb3BhcmEvZ2l0L3ByZXBvYnMvdjEuMS4wL21vZHVsZWZpbGVzL3ByZXBvYnMvMS4xLjAubHVhIiwKZnVsbE5hbWUgPSAicHJlcG9icy8xLjEuMCIsCmxvYWRPcmRlciA9IDkxLApwcm9wVCA9IHt9LApzdGFja0RlcHRoID0gMSwKc3RhdHVzID0gImFjdGl2ZSIsCnVzZXJOYW1lID0gInByZXBvYnMvMS4xLjAiLAp3ViA9ICIwMDAwMDAwMDEuMDAwMDAwMDAxLip6ZmluYWwiLAp9LApwcm9kX3V0aWwgPSB7CmZuID0gIi9hdXRvZnMvbmNyYy1zdm0xX3Byb2ovZXBpYy9zcGFjay1zdGFjay9jNi9zcGFjay1zdGFjay0xLjYuMC9lbnZzL2dzaS1hZGRvbi1kZXYt', 'HOMEDIR': '/gpfs/f6/gfs-cpu/world-shared/Tseganeh.Gichamo', '_ModuleTable071_': 'MCIsCmxvYWRPcmRlciA9IDgzLApwcm9wVCA9IHt9LApyZWZfY291bnQgPSAxLApzdGFja0RlcHRoID0gMiwKc3RhdHVzID0gImFjdGl2ZSIsCnVzZXJOYW1lID0gInB5LXNpeC8xLjE2LjAiLAp3ViA9ICIwMDAwMDAwMDEuMDAwMDAwMDE2Lip6ZmluYWwiLAp9LApbInB5LXhhcnJheSJdID0gewpmbiA9ICIvYXV0b2ZzL25jcmMtc3ZtMV9wcm9qL2VwaWMvc3BhY2stc3RhY2svYzYvc3BhY2stc3RhY2stMS42LjAvZW52cy9nc2ktYWRkb24tZGV2LWZtcy0yMDI0LjAxL2luc3RhbGwvbW9kdWxlZmlsZXMvaW50ZWwvMjAyMy4yLjAvcHkteGFycmF5LzIwMjMuNy4wLmx1YSIsCmZ1bGxOYW1lID0gInB5LXhhcnJheS8yMDIzLjcuMCIsCmxvYWRPcmRlciA9IDkwLApwcm9wVCA9IHt9', 'REDOUT': '1>', 'LMOD_FAMILY_METACOMPILER_VERSION': '2023.2.0', 'COM_ICE_HISTORY_TMPL': '${ROTDIR}/${RUN}.${YMD}/${HH}/${MEMDIR}/model/ice/history', 'g2tmpl_ver': '1.13.0', '_ModuleTable034_': 'ZmlsZXMvaW50ZWwvMjAyMy4yLjAvbGlianBlZy8yLjEuMC5sdWEiLApmdWxsTmFtZSA9ICJsaWJqcGVnLzIuMS4wIiwKbG9hZE9yZGVyID0gMjMsCnByb3BUID0ge30sCnJlZl9jb3VudCA9IDEsCnN0YWNrRGVwdGggPSAyLApzdGF0dXMgPSAiYWN0aXZlIiwKdXNlck5hbWUgPSAibGlianBlZy8yLjEuMCIsCndWID0gIjAwMDAwMDAwMi4wMDAwMDAwMDEuKnpmaW5hbCIsCn0sCmxpYnBuZyA9IHsKZm4gPSAiL2F1dG9mcy9uY3JjLXN2bTFfcHJvai9lcGljL3NwYWNrLXN0YWNrL2M2L3NwYWNrLXN0YWNrLTEuNi4wL2VudnMvZ3NpLWFkZG9uLWRldi1mbXMtMjAyNC4wMS9pbnN0YWxsL21vZHVsZWZpbGVzL2ludGVsLzIwMjMuMi4wL2xpYnBuZy8xLjYuMzcubHVhIiwKZnVsbE5h', 'DO_NPOESS': False, 'PELOCAL_PRGENV': True, 'INTERVAL_GFS': 6, 'prod_util_ROOT': '/autofs/ncrc-svm1_proj/epic/spack-stack/c6/spack-stack-1.6.0/envs/unified-env/install/intel/2023.2.0/prod-util-2.1.1-ynnwpz3', 'RUN_ENVIR': 'emc', 'CMAKE_PREFIX_PATH': '/autofs/ncrc-svm1_proj/epic/spack-stack/c6/spack-stack-1.6.0/envs/gsi-addon-dev-fms-2024.01/install/intel/2023.2.0/py-xarray-2023.7.0-ozoxbgs:/autofs/ncrc-svm1_proj/epic/spack-stack/c6/spack-stack-1.6.0/envs/gsi-addon-dev-fms-2024.01/install/intel/2023.2.0/py-packaging-23.1-sep32z3:/autofs/ncrc-svm1_proj/epic/spack-stack/c6/spack-stack-1.6.0/envs/gsi-addon-dev-fms-2024.01/install/intel/2023.2.0/metplus-3.1.1-dpwuzh3:/autofs/ncrc-svm1_proj/epic/spack-stack/c6/spack-stack-1.6.0/envs/gsi-addon-dev-fms-2024.01/install/intel/2023.2.0/met-9.1.3-kwvpto3:/autofs/ncrc-svm1_proj/epic/spack-stack/c6/spack-stack-1.6.0/envs/unified-env/install/intel/2023.2.0/netcdf-cxx4-4.3.1-2nfkojj:/autofs/ncrc-svm1_proj/epic/spack-stack/c6/spack-stack-1.6.0/envs/gsi-addon-dev-fms-2024.01/install/intel/2023.2.0/g2c-1.8.0-bo73v5x:/autofs/ncrc-svm1_proj/epic/spack-stack/c6/spack-stack-1.6.0/envs/gsi-addon-dev-fms-2024.01/install/intel/2023.2.0/py-python-dateutil-2.8.2-bxlqjfj:/autofs/ncrc-svm1_proj/epic/spack-stack/c6/spack-stack-1.6.0/envs/gsi-addon-dev-fms-2024.01/install/intel/2023.2.0/py-six-1.16.0-j3lczkg:/autofs/ncrc-svm1_proj/epic/spack-stack/c6/spack-stack-1.6.0/envs/gsi-addon-dev-fms-2024.01/install/intel/2023.2.0/py-pandas-1.5.3-wyb2e7x:/autofs/ncrc-svm1_proj/epic/spack-stack/c6/spack-stack-1.6.0/envs/gsi-addon-dev-fms-2024.01/install/intel/2023.2.0/py-xlwt-1.3.0-tzgvwhp:/autofs/ncrc-svm1_proj/epic/spack-stack/c6/spack-stack-1.6.0/envs/gsi-addon-dev-fms-2024.01/install/intel/2023.2.0/py-xlsxwriter-3.1.7-vsx375z:/autofs/ncrc-svm1_proj/epic/spack-stack/c6/spack-stack-1.6.0/envs/gsi-addon-dev-fms-2024.01/install/intel/2023.2.0/py-xlrd-2.0.1-7f7n55b:/autofs/ncrc-svm1_proj/epic/spack-stack/c6/spack-stack-1.6.0/envs/gsi-addon-dev-fms-2024.01/install/intel/2023.2.0/py-pyxlsb-1.0.10-yf2yish:/autofs/ncrc-svm1_proj/epic/spack-stack/c6/spack-stack-1.6.0/envs/gsi-addon-dev-fms-2024.01/install/intel/2023.2.0/py-pytz-2023.3-wbjoep3:/autofs/ncrc-svm1_proj/epic/spack-stack/c6/spack-stack-1.6.0/envs/gsi-addon-dev-fms-2024.01/install/intel/2023.2.0/py-openpyxl-3.1.2-3g7ehn2:/autofs/ncrc-svm1_proj/epic/spack-stack/c6/spack-stack-1.6.0/envs/gsi-addon-dev-fms-2024.01/install/intel/2023.2.0/py-et-xmlfile-1.0.1-iprhnfe:/autofs/ncrc-svm1_proj/epic/spack-stack/c6/spack-stack-1.6.0/envs/gsi-addon-dev-fms-2024.01/install/intel/2023.2.0/py-numexpr-2.8.4-svc4zzb:/autofs/ncrc-svm1_proj/epic/spack-stack/c6/spack-stack-1.6.0/envs/gsi-addon-dev-fms-2024.01/install/intel/2023.2.0/py-bottleneck-1.3.7-w3cslfi:/autofs/ncrc-svm1_proj/epic/spack-stack/c6/spack-stack-1.6.0/envs/gsi-addon-dev-fms-2024.01/install/intel/2023.2.0/py-jinja2-3.1.2-dziq6px:/autofs/ncrc-svm1_proj/epic/spack-stack/c6/spack-stack-1.6.0/envs/gsi-addon-dev-fms-2024.01/install/intel/2023.2.0/py-markupsafe-2.1.3-izecrid:/autofs/ncrc-svm1_proj/epic/spack-stack/c6/spack-stack-1.6.0/envs/gsi-addon-dev-fms-2024.01/install/intel/2023.2.0/py-pyyaml-6.0-g3ruzyd:/autofs/ncrc-svm1_proj/epic/spack-stack/c6/spack-stack-1.6.0/envs/unified-env/install/intel/2023.2.0/libyaml-0.2.5-vnx5l76:/autofs/ncrc-svm1_proj/epic/spack-stack/c6/spack-stack-1.6.0/envs/gsi-addon-dev-fms-2024.01/install/intel/2023.2.0/py-f90nml-1.4.3-sqdas3d:/autofs/ncrc-svm1_proj/epic/spack-stack/c6/spack-stack-1.6.0/envs/gsi-addon-dev-fms-2024.01/install/intel/2023.2.0/py-netcdf4-1.5.8-444i5pm:/autofs/ncrc-svm1_proj/epic/spack-stack/c6/spack-stack-1.6.0/envs/gsi-addon-dev-fms-2024.01/install/intel/2023.2.0/py-cftime-1.0.3.4-dgtglhq:/autofs/ncrc-svm1_proj/epic/spack-stack/c6/spack-stack-1.6.0/envs/unified-env/install/intel/2023.2.0/wgrib2-2.0.8-ptvhuof:/autofs/ncrc-svm1_proj/epic/spack-stack/c6/spack-stack-1.6.0/envs/gsi-addon-dev-fms-2024.01/install/intel/2023.2.0/bufr-11.7.0-2pzpov2:/autofs/ncrc-svm1_proj/epic/spack-stack/c6/spack-stack-1.6.0/envs/gsi-addon-dev-fms-2024.01/install/intel/2023.2.0/py-numpy-1.23.4-ir4kiqb:/autofs/ncrc-svm1_proj/epic/spack-stack/c6/spack-stack-1.6.0/envs/gsi-addon-dev-fms-2024.01/install/intel/2023.2.0/py-setuptools-63.4.3-qi6dp6j:/autofs/ncrc-svm1_proj/epic/spack-stack/c6/spack-stack-1.6.0/envs/unified-env/install/intel/2023.2.0/openblas-0.3.24-ctgqvko:/autofs/ncrc-svm1_proj/epic/spack-stack/c6/spack-stack-1.6.0/envs/unified-env/install/intel/2023.2.0/crtm-2.4.0.1-tmwgohs:/autofs/ncrc-svm1_proj/epic/spack-stack/c6/spack-stack-1.6.0/envs/unified-env/install/intel/2023.2.0/crtm-fix-2.4.0.1_emc-shjhnzg:/autofs/ncrc-svm1_proj/epic/spack-stack/c6/spack-stack-1.6.0/envs/unified-env/install/intel/2023.2.0/gsi-ncdiag-1.1.2-kja6biq:/autofs/ncrc-svm1_proj/epic/spack-stack/c6/spack-stack-1.6.0/envs/gsi-addon-dev-fms-2024.01/install/intel/2023.2.0/g2tmpl-1.13.0-4df57lb:/autofs/ncrc-svm1_proj/epic/spack-stack/c6/spack-stack-1.6.0/envs/gsi-addon-dev-fms-2024.01/install/intel/2023.2.0/grib-util-1.3.0-smauszx:/autofs/ncrc-svm1_proj/epic/spack-stack/c6/spack-stack-1.6.0/envs/unified-env/install/intel/2023.2.0/ip-4.3.0-amaleyr:/autofs/ncrc-svm1_proj/epic/spack-stack/c6/spack-stack-1.6.0/envs/unified-env/install/intel/2023.2.0/sp-2.5.0-i4p7d75:/autofs/ncrc-svm1_proj/epic/spack-stack/c6/spack-stack-1.6.0/envs/unified-env/install/intel/2023.2.0/g2-3.4.5-qm4a4gp:/autofs/ncrc-svm1_proj/epic/spack-stack/c6/spack-stack-1.6.0/envs/unified-env/install/intel/2023.2.0/prod-util-2.1.1-ynnwpz3:/autofs/ncrc-svm1_proj/epic/spack-stack/c6/spack-stack-1.6.0/envs/unified-env/install/intel/2023.2.0/w3emc-2.10.0-cqh37pl:/autofs/ncrc-svm1_proj/epic/spack-stack/c6/spack-stack-1.6.0/envs/unified-env/install/intel/2023.2.0/bacio-2.4.1-65566nh:/autofs/ncrc-svm1_proj/epic/spack-stack/c6/spack-stack-1.6.0/envs/unified-env/install/intel/2023.2.0/nco-5.0.6-va6qtou:/autofs/ncrc-svm1_proj/epic/spack-stack/c6/spack-stack-1.6.0/envs/unified-env/install/intel/2023.2.0/gsl-2.7.1-2xucf2r:/autofs/ncrc-svm1_proj/epic/spack-stack/c6/spack-stack-1.6.0/envs/unified-env/install/intel/2023.2.0/antlr-2.7.7-d6cugnw:/autofs/ncrc-svm1_proj/epic/spack-stack/c6/spack-stack-1.6.0/envs/unified-env/install/intel/2023.2.0/esmf-8.6.0-edn2jda:/autofs/ncrc-svm1_proj/epic/spack-stack/c6/spack-stack-1.6.0/envs/unified-env/install/intel/2023.2.0/parallelio-2.5.10-pshhbaa:/autofs/ncrc-svm1_proj/epic/spack-stack/c6/spack-stack-1.6.0/envs/unified-env/install/intel/2023.2.0/parallel-netcdf-1.12.2-kgalfuo:/autofs/ncrc-svm1_proj/epic/spack-stack/c6/spack-stack-1.6.0/envs/unified-env/install/intel/2023.2.0/netcdf-fortran-4.6.1-o5cmyfx:/autofs/ncrc-svm1_proj/epic/spack-stack/c6/spack-stack-1.6.0/envs/unified-env/install/intel/2023.2.0/netcdf-c-4.9.2-ltruqgg:/autofs/ncrc-svm1_proj/epic/spack-stack/c6/spack-stack-1.6.0/envs/unified-env/install/intel/2023.2.0/c-blosc-1.21.5-ndrg6bi:/autofs/ncrc-svm1_proj/epic/spack-stack/c6/spack-stack-1.6.0/envs/unified-env/install/intel/2023.2.0/zstd-1.5.2-p2wyun5:/autofs/ncrc-svm1_proj/epic/spack-stack/c6/spack-stack-1.6.0/envs/unified-env/install/intel/2023.2.0/snappy-1.1.10-frntitj:/autofs/ncrc-svm1_proj/epic/spack-stack/c6/spack-stack-1.6.0/envs/unified-env/install/intel/2023.2.0/hdf5-1.14.0-qyuwquo:/autofs/ncrc-svm1_proj/epic/spack-stack/c6/spack-stack-1.6.0/envs/unified-env/install/intel/2023.2.0/cdo-2.2.0-bvuijzr:/autofs/ncrc-svm1_proj/epic/spack-stack/c6/spack-stack-1.6.0/envs/unified-env/install/intel/2023.2.0/udunits-2.2.28-huyn2lv:/autofs/ncrc-svm1_proj/epic/spack-stack/c6/spack-stack-1.6.0/envs/unified-env/install/intel/2023.2.0/proj-9.2.1-pbreuhx:/autofs/ncrc-svm1_proj/epic/spack-stack/c6/spack-stack-1.6.0/envs/unified-env/install/intel/2023.2.0/curl-8.4.0-bgdh3ia:/autofs/ncrc-svm1_proj/epic/spack-stack/c6/spack-stack-1.6.0/envs/unified-env/install/intel/2023.2.0/nghttp2-1.57.0-syyxr2x:/autofs/ncrc-svm1_proj/epic/spack-stack/c6/spack-stack-1.6.0/envs/unified-env/install/intel/2023.2.0/fftw-3.3.10-o2cfgjr:/autofs/ncrc-svm1_proj/epic/spack-stack/c6/spack-stack-1.6.0/envs/unified-env/install/intel/2023.2.0/eccodes-2.32.0-eeho3p5:/autofs/ncrc-svm1_proj/epic/spack-stack/c6/spack-stack-1.6.0/envs/unified-env/install/intel/2023.2.0/openjpeg-2.3.1-x7lxvhz:/autofs/ncrc-svm1_proj/epic/spack-stack/c6/spack-stack-1.6.0/envs/unified-env/install/intel/2023.2.0/libpng-1.6.37-kb3ztui:/autofs/ncrc-svm1_proj/epic/spack-stack/c6/spack-stack-1.6.0/envs/unified-env/install/intel/2023.2.0/jasper-2.0.32-grcyfa6:/autofs/ncrc-svm1_proj/epic/spack-stack/c6/spack-stack-1.6.0/envs/unified-env/install/intel/2023.2.0/libjpeg-turbo-2.1.0-csq2v6y:/autofs/ncrc-svm1_proj/epic/spack-stack/c6/spack-stack-1.6.0/envs/gsi-addon-dev-fms-2024.01/install/intel/2023.2.0/python-3.11.6-czff3ln:/autofs/ncrc-svm1_proj/epic/spack-stack/c6/spack-stack-1.6.0/envs/unified-env/install/intel/2023.2.0/util-linux-uuid-2.38.1-ueu4wkj:/autofs/ncrc-svm1_proj/epic/spack-stack/c6/spack-stack-1.6.0/envs/unified-env/install/intel/2023.2.0/sqlite-3.43.2-zckjj2i:/autofs/ncrc-svm1_proj/epic/spack-stack/c6/spack-stack-1.6.0/envs/unified-env/install/intel/2023.2.0/zlib-1.2.13-jhw3a7j:/autofs/ncrc-svm1_proj/epic/spack-stack/c6/spack-stack-1.6.0/envs/unified-env/install/intel/2023.2.0/libxcrypt-4.4.35-khoghoj:/opt/intel/oneapi/compiler/2023.2.0/linux/IntelDPCPP', '_ModuleTable067_': 'YzYvc3BhY2stc3RhY2stMS42LjAvZW52cy9nc2ktYWRkb24tZGV2LWZtcy0yMDI0LjAxL2luc3RhbGwvbW9kdWxlZmlsZXMvaW50ZWwvMjAyMy4yLjAvcHktcHl0ei8yMDIzLjMubHVhIiwKZnVsbE5hbWUgPSAicHktcHl0ei8yMDIzLjMiLApsb2FkT3JkZXIgPSA3NywKcHJvcFQgPSB7fSwKcmVmX2NvdW50ID0gMSwKc3RhY2tEZXB0aCA9IDIsCnN0YXR1cyA9ICJhY3RpdmUiLAp1c2VyTmFtZSA9ICJweS1weXR6LzIwMjMuMyIsCndWID0gIjAwMDAwMjAyMy4wMDAwMDAwMDMuKnpmaW5hbCIsCn0sClsicHktcHl4bHNiIl0gPSB7CmZuID0gIi9hdXRvZnMvbmNyYy1zdm0xX3Byb2ovZXBpYy9zcGFjay1zdGFjay9jNi9zcGFjay1zdGFjay0xLjYuMC9lbnZzL2dzaS1hZGRvbi1k', 'PARTITION_BATCH': 'batch', 'SLURM_NODELIST': 'dtn05', 'PE_MPICH_GTL_LIBS_amd_gfx942': '-lmpi_gtl_hsa', 'COM_OCEAN_RESTART_TMPL': '${ROTDIR}/${RUN}.${YMD}/${HH}/${MEMDIR}/model/ocean/restart', 'PE_MPICH_GTL_LIBS_amd_gfx940': '-lmpi_gtl_hsa', 'IAU_FHROT': 3, 'HOMEpost': '/gpfs/f6/gfs-cpu/scratch/Tseganeh.Gichamo/global-workflow', 'DO_VMINMON': True, 'HOST': 'dtn05', 'COM_ICE_BMATRIX_TMPL': '${ROTDIR}/${RUN}.${YMD}/${HH}/${MEMDIR}/bmatrix/ice', '__LMOD_REF_COUNT_PE_PMI_PKGCONFIG_LIBS': 'cray-pmi:1', 'obsproc_run_ver': '1.2.0', 'WGRIB2_INC': '/autofs/ncrc-svm1_proj/epic/spack-stack/c6/spack-stack-1.6.0/envs/unified-env/install/intel/2023.2.0/wgrib2-2.0.8-ptvhuof/include', 'grib_util_ROOT': '/autofs/ncrc-svm1_proj/epic/spack-stack/c6/spack-stack-1.6.0/envs/gsi-addon-dev-fms-2024.01/install/intel/2023.2.0/grib-util-1.3.0-smauszx', 'LMOD_VERSION': '8.7.55', 'zstd_ROOT': '/autofs/ncrc-svm1_proj/epic/spack-stack/c6/spack-stack-1.6.0/envs/unified-env/install/intel/2023.2.0/zstd-1.5.2-p2wyun5', 'metplus_ROOT': '/autofs/ncrc-svm1_proj/epic/spack-stack/c6/spack-stack-1.6.0/envs/gsi-addon-dev-fms-2024.01/install/intel/2023.2.0/metplus-3.1.1-dpwuzh3', 'spack_stack_ver': '1.6.0', 'XNLSPATH': '/usr/X11R6/lib/X11/nls', 'g2_ver': '3.4.5', 'CPATH': '/autofs/ncrc-svm1_proj/epic/spack-stack/c6/spack-stack-1.6.0/envs/unified-env/install/intel/2023.2.0/netcdf-cxx4-4.3.1-2nfkojj/include:/autofs/ncrc-svm1_proj/epic/spack-stack/c6/spack-stack-1.6.0/envs/gsi-addon-dev-fms-2024.01/install/intel/2023.2.0/g2c-1.8.0-bo73v5x/include:/autofs/ncrc-svm1_proj/epic/spack-stack/c6/spack-stack-1.6.0/envs/unified-env/install/intel/2023.2.0/libyaml-0.2.5-vnx5l76/include:/autofs/ncrc-svm1_proj/epic/spack-stack/c6/spack-stack-1.6.0/envs/unified-env/install/intel/2023.2.0/wgrib2-2.0.8-ptvhuof/include:/autofs/ncrc-svm1_proj/epic/spack-stack/c6/spack-stack-1.6.0/envs/gsi-addon-dev-fms-2024.01/install/intel/2023.2.0/bufr-11.7.0-2pzpov2/include:/autofs/ncrc-svm1_proj/epic/spack-stack/c6/spack-stack-1.6.0/envs/unified-env/install/intel/2023.2.0/openblas-0.3.24-ctgqvko/include:/autofs/ncrc-svm1_proj/epic/spack-stack/c6/spack-stack-1.6.0/envs/unified-env/install/intel/2023.2.0/crtm-2.4.0.1-tmwgohs/include:/autofs/ncrc-svm1_proj/epic/spack-stack/c6/spack-stack-1.6.0/envs/unified-env/install/intel/2023.2.0/gsi-ncdiag-1.1.2-kja6biq/include:/autofs/ncrc-svm1_proj/epic/spack-stack/c6/spack-stack-1.6.0/envs/gsi-addon-dev-fms-2024.01/install/intel/2023.2.0/g2tmpl-1.13.0-4df57lb/include:/autofs/ncrc-svm1_proj/epic/spack-stack/c6/spack-stack-1.6.0/envs/unified-env/install/intel/2023.2.0/gsl-2.7.1-2xucf2r/include:/autofs/ncrc-svm1_proj/epic/spack-stack/c6/spack-stack-1.6.0/envs/unified-env/install/intel/2023.2.0/antlr-2.7.7-d6cugnw/include:/autofs/ncrc-svm1_proj/epic/spack-stack/c6/spack-stack-1.6.0/envs/unified-env/install/intel/2023.2.0/esmf-8.6.0-edn2jda/include:/autofs/ncrc-svm1_proj/epic/spack-stack/c6/spack-stack-1.6.0/envs/unified-env/install/intel/2023.2.0/parallelio-2.5.10-pshhbaa/include:/autofs/ncrc-svm1_proj/epic/spack-stack/c6/spack-stack-1.6.0/envs/unified-env/install/intel/2023.2.0/parallel-netcdf-1.12.2-kgalfuo/include:/autofs/ncrc-svm1_proj/epic/spack-stack/c6/spack-stack-1.6.0/envs/unified-env/install/intel/2023.2.0/netcdf-fortran-4.6.1-o5cmyfx/include:/autofs/ncrc-svm1_proj/epic/spack-stack/c6/spack-stack-1.6.0/envs/unified-env/install/intel/2023.2.0/netcdf-c-4.9.2-ltruqgg/include:/autofs/ncrc-svm1_proj/epic/spack-stack/c6/spack-stack-1.6.0/envs/unified-env/install/intel/2023.2.0/c-blosc-1.21.5-ndrg6bi/include:/autofs/ncrc-svm1_proj/epic/spack-stack/c6/spack-stack-1.6.0/envs/unified-env/install/intel/2023.2.0/zstd-1.5.2-p2wyun5/include:/autofs/ncrc-svm1_proj/epic/spack-stack/c6/spack-stack-1.6.0/envs/unified-env/install/intel/2023.2.0/snappy-1.1.10-frntitj/include:/autofs/ncrc-svm1_proj/epic/spack-stack/c6/spack-stack-1.6.0/envs/unified-env/install/intel/2023.2.0/hdf5-1.14.0-qyuwquo/include:/autofs/ncrc-svm1_proj/epic/spack-stack/c6/spack-stack-1.6.0/envs/unified-env/install/intel/2023.2.0/cdo-2.2.0-bvuijzr/include:/autofs/ncrc-svm1_proj/epic/spack-stack/c6/spack-stack-1.6.0/envs/unified-env/install/intel/2023.2.0/udunits-2.2.28-huyn2lv/include:/autofs/ncrc-svm1_proj/epic/spack-stack/c6/spack-stack-1.6.0/envs/unified-env/install/intel/2023.2.0/proj-9.2.1-pbreuhx/include:/autofs/ncrc-svm1_proj/epic/spack-stack/c6/spack-stack-1.6.0/envs/unified-env/install/intel/2023.2.0/curl-8.4.0-bgdh3ia/include:/autofs/ncrc-svm1_proj/epic/spack-stack/c6/spack-stack-1.6.0/envs/unified-env/install/intel/2023.2.0/nghttp2-1.57.0-syyxr2x/include:/autofs/ncrc-svm1_proj/epic/spack-stack/c6/spack-stack-1.6.0/envs/unified-env/install/intel/2023.2.0/fftw-3.3.10-o2cfgjr/include:/autofs/ncrc-svm1_proj/epic/spack-stack/c6/spack-stack-1.6.0/envs/unified-env/install/intel/2023.2.0/eccodes-2.32.0-eeho3p5/include:/autofs/ncrc-svm1_proj/epic/spack-stack/c6/spack-stack-1.6.0/envs/unified-env/install/intel/2023.2.0/openjpeg-2.3.1-x7lxvhz/include:/autofs/ncrc-svm1_proj/epic/spack-stack/c6/spack-stack-1.6.0/envs/unified-env/install/intel/2023.2.0/libpng-1.6.37-kb3ztui/include:/autofs/ncrc-svm1_proj/epic/spack-stack/c6/spack-stack-1.6.0/envs/unified-env/install/intel/2023.2.0/jasper-2.0.32-grcyfa6/include:/autofs/ncrc-svm1_proj/epic/spack-stack/c6/spack-stack-1.6.0/envs/unified-env/install/intel/2023.2.0/libjpeg-turbo-2.1.0-csq2v6y/include:/autofs/ncrc-svm1_proj/epic/spack-stack/c6/spack-stack-1.6.0/envs/gsi-addon-dev-fms-2024.01/install/intel/2023.2.0/python-3.11.6-czff3ln/include:/autofs/ncrc-svm1_proj/epic/spack-stack/c6/spack-stack-1.6.0/envs/unified-env/install/intel/2023.2.0/util-linux-uuid-2.38.1-ueu4wkj/include:/autofs/ncrc-svm1_proj/epic/spack-stack/c6/spack-stack-1.6.0/envs/unified-env/install/intel/2023.2.0/sqlite-3.43.2-zckjj2i/include:/autofs/ncrc-svm1_proj/epic/spack-stack/c6/spack-stack-1.6.0/envs/unified-env/install/intel/2023.2.0/zlib-1.2.13-jhw3a7j/include:/autofs/ncrc-svm1_proj/epic/spack-stack/c6/spack-stack-1.6.0/envs/unified-env/install/intel/2023.2.0/libxcrypt-4.4.35-khoghoj/include:/opt/intel/oneapi/mkl/2023.2.0/include:/opt/intel/oneapi/compiler/2023.2.0/linux/lib/oclfpga/include', 'PE_MPICH_FORTRAN_PKGCONFIG_LIBS': 'mpichf90', 'CDATE': datetime.datetime(2022, 5, 5, 12, 0), 'SLURM_NTASKS': 1, 'INTELFPGAOCLSDKROOT': '/opt/intel/oneapi/compiler/2023.2.0/linux/lib/oclfpga', 'libxcrypt_ROOT': '/autofs/ncrc-svm1_proj/epic/spack-stack/c6/spack-stack-1.6.0/envs/unified-env/install/intel/2023.2.0/libxcrypt-4.4.35-khoghoj', 'COM_ATMOS_GEMPAK_TMPL': '${ROTDIR}/${RUN}.${YMD}/${HH}/${MEMDIR}/products/atmos/gempak/${GRID}', 'ARCH_GAUSSIAN_FHMAX': 120, 'DO_ANLSTAT': False, 'sqlite_ROOT': '/autofs/ncrc-svm1_proj/epic/spack-stack/c6/spack-stack-1.6.0/envs/unified-env/install/intel/2023.2.0/sqlite-3.43.2-zckjj2i', 'FTSFS': 10, 'ARCDIR': '/gpfs/f6/gfs-cpu/world-shared/Tseganeh.Gichamo/archive/maysoilda', 'FHOUT_ENKF': 1, 'pid': 3560433, 'restart_interval_enkfgdas': 3, 'FCST_SEGMENTS': [0, 120], 'XDG_SESSION_TYPE': 'unspecified', 'NTHSTACK': 1024000000, 'SDK_HOME': '/usr/lib64/jvm/java-11-openjdk-11', 'CRAY_LMOD_CPU': 'x86-genoa/1.0', 'NMEM_EARCGRP': 20, 'DO_VERFOZN': True, 'PE_MPICH_GTL_LIBS_nvidia80': '-lmpi_gtl_cuda', 'py_netcdf4_ver': '1.5.8', 'F77': 'ftn', 'lobsdiag_forenkf': True, 'grib_util_ver': '1.3.0', 'nco_ROOT': '/autofs/ncrc-svm1_proj/epic/spack-stack/c6/spack-stack-1.6.0/envs/unified-env/install/intel/2023.2.0/nco-5.0.6-va6qtou', 'LMOD_FAMILY_CRAYPE_CPU_VERSION': False, 'SLURM_JOB_CPUS_PER_NODE': 2, 'BASH_ENV': '/opt/cray/pe/lmod/lmod/init/bash', 'jasper_ROOT': '/autofs/ncrc-svm1_proj/epic/spack-stack/c6/spack-stack-1.6.0/envs/unified-env/install/intel/2023.2.0/jasper-2.0.32-grcyfa6', 'LOGSCRIPT': '', 'COM_TOP_TMPL': '${ROTDIR}/${RUN}.${YMD}/${HH}', 'COM_OCEAN_NETCDF_TMPL': '${ROTDIR}/${RUN}.${YMD}/${HH}/${MEMDIR}/products/ocean/netcdf', 'XDG_DATA_DIRS': '/usr/share', 'assim_freq': 6, 'COPYGB2': '/autofs/ncrc-svm1_proj/epic/spack-stack/c6/spack-stack-1.6.0/envs/gsi-addon-dev-fms-2024.01/install/intel/2023.2.0/grib-util-1.3.0-smauszx/bin/copygb2', 'IP_INCd': '/autofs/ncrc-svm1_proj/epic/spack-stack/c6/spack-stack-1.6.0/envs/unified-env/install/intel/2023.2.0/ip-4.3.0-amaleyr/include_d', 'FHMAX_FITS': 120, '__LMOD_REF_COUNT_PE_MPICH_FORTRAN_PKGCONFIG_LIBS': 'mpichf90:1', 'DO_JEDISNOWDA': False, 'COMINsyn': '/gpfs/f6/drsa-precip3/world-shared/role.glopara/com/syndat', 'CLUSTERS_SERVICE': 'c6', 'NCDUMP': '/autofs/ncrc-svm1_proj/epic/spack-stack/c6/spack-stack-1.6.0/envs/unified-env/install/intel/2023.2.0/netcdf-c-4.9.2-ltruqgg/bin/ncdump', 'LSOIL_INCR': 2, 'G2_INCd': '/autofs/ncrc-svm1_proj/epic/spack-stack/c6/spack-stack-1.6.0/envs/unified-env/install/intel/2023.2.0/g2-3.4.5-qm4a4gp/include_d', 'FIXam': '/gpfs/f6/gfs-cpu/scratch/Tseganeh.Gichamo/global-workflow/fix/am', 'SLURM_TOPOLOGY_ADDR': 'dtn05', 'ROTDIR': '/gpfs/f6/gfs-cpu/scratch/Tseganeh.Gichamo/COMROOT//maysoilda', 'PDY': datetime.datetime(2022, 5, 5, 0, 0), 'bufr_ROOT': '/autofs/ncrc-svm1_proj/epic/spack-stack/c6/spack-stack-1.6.0/envs/gsi-addon-dev-fms-2024.01/install/intel/2023.2.0/bufr-11.7.0-2pzpov2', 'DOBNDPNT_WAVE': True, 'G2C_LIB': '/autofs/ncrc-svm1_proj/epic/spack-stack/c6/spack-stack-1.6.0/envs/gsi-addon-dev-fms-2024.01/install/intel/2023.2.0/g2c-1.8.0-bo73v5x/lib64/libg2c.so', 'REPLAY_ICS': False, 'CRAY_LMOD_NET': 'ofi/1.0', 'DOIAU_ENKF': True, 'FHMAX_GOES': 120, 'QUEUE_DTN': 'hpss', '__LMOD_REF_COUNT_PE_PKGCONFIG_PRODUCTS': 'PE_MPICH:1;PE_DSMML:1;PE_PMI:1;PE_XPMEM:1', 'PE_PMI_PKGCONFIG_LIBS': 'cray-pmi', 'snappy_ROOT': '/autofs/ncrc-svm1_proj/epic/spack-stack/c6/spack-stack-1.6.0/envs/unified-env/install/intel/2023.2.0/snappy-1.1.10-frntitj', 'PE_MPICH_MODULE_NAME': 'cray-mpich', 'NLSPATH': '::', 'curl_ROOT': '/autofs/ncrc-svm1_proj/epic/spack-stack/c6/spack-stack-1.6.0/envs/unified-env/install/intel/2023.2.0/curl-8.4.0-bgdh3ia', 'ACCOUNT': 'gfs-cpu', 'HOMEobsproc': '/gpfs/f6/drsa-precip3/world-shared/role.glopara/git/obsproc/v1.2.0', 'JDK_HOME': '/usr/lib64/jvm/java-11-openjdk-11', 'RMOLDEND_ENKF': 24, '__LMOD_REF_COUNT_PE_MPICH_FIXED_PRGENV': 'INTEL:1', 'DO_BUFRSND': False, '__LMOD_REF_COUNT_LIBRARY_PATH': '/opt/intel/oneapi/mkl/2023.2.0/lib/intel64:1;/opt/intel/oneapi/compiler/2023.2.0/linux/compiler/lib/intel64_lin:1;/opt/intel/oneapi/compiler/2023.2.0/linux/lib:1', 'COMINukmet': '{{ COMINukmet }}', 'tasks_per_node': 1, 'FHOUT_ICE_GFS': 6, 'PE_MPICH_GTL_DIR_amd_gfx940': '-L/opt/cray/pe/mpich/8.1.29/gtl/lib', 'HOMEfit2obs': '/gpfs/f6/drsa-precip3/world-shared/role.glopara/git/Fit2Obs/v1.1.7.1', 'py_xarray_ROOT': '/autofs/ncrc-svm1_proj/epic/spack-stack/c6/spack-stack-1.6.0/envs/gsi-addon-dev-fms-2024.01/install/intel/2023.2.0/py-xarray-2023.7.0-ozoxbgs', 'FI_CXI_RX_MATCH_MODE': 'hybrid', 'PE_MPICH_GTL_DIR_amd_gfx942': '-L/opt/cray/pe/mpich/8.1.29/gtl/lib', 'bufr_ver': '11.7.0', 'COM_CHEM_ANALYSIS_TMPL': '${ROTDIR}/${RUN}.${YMD}/${HH}/${MEMDIR}/analysis/chem', 'PNG_ROOT': '/autofs/ncrc-svm1_proj/epic/spack-stack/c6/spack-stack-1.6.0/envs/unified-env/install/intel/2023.2.0/libpng-1.6.37-kb3ztui', 'SLURM_JOB_NAME': 'maysoilda_enkfgdas_earc_tars_04_12', 'DO_JEDIATMVAR': False, '_ModuleTable086_': 'CnpsaWIgPSB7CmZuID0gIi9hdXRvZnMvbmNyYy1zdm0xX3Byb2ovZXBpYy9zcGFjay1zdGFjay9jNi9zcGFjay1zdGFjay0xLjYuMC9lbnZzL2dzaS1hZGRvbi1kZXYtZm1zLTIwMjQuMDEvaW5zdGFsbC9tb2R1bGVmaWxlcy9pbnRlbC8yMDIzLjIuMC96bGliLzEuMi4xMy5sdWEiLApmdWxsTmFtZSA9ICJ6bGliLzEuMi4xMyIsCmxvYWRPcmRlciA9IDE5LApwcm9wVCA9IHt9LApyZWZfY291bnQgPSA5LApzdGFja0RlcHRoID0gMywKc3RhdHVzID0gImFjdGl2ZSIsCnVzZXJOYW1lID0gInpsaWIvMS4yLjEzIiwKd1YgPSAiMDAwMDAwMDAxLjAwMDAwMDAwMi4wMDAwMDAwMTMuKnpmaW5hbCIsCn0sCnpzdGQgPSB7CmZuID0gIi9hdXRvZnMvbmNyYy1zdm0xX3Byb2ovZXBpYy9z', 'DOIBP_WAV': False, 'fftw_ROOT': '/autofs/ncrc-svm1_proj/epic/spack-stack/c6/spack-stack-1.6.0/envs/unified-env/install/intel/2023.2.0/fftw-3.3.10-o2cfgjr', 'py_markupsafe_ROOT': '/autofs/ncrc-svm1_proj/epic/spack-stack/c6/spack-stack-1.6.0/envs/gsi-addon-dev-fms-2024.01/install/intel/2023.2.0/py-markupsafe-2.1.3-izecrid', 'DOHYBVAR': True, 'PROFILEREAD': True, 'wgrib2_ver': '2.0.8', '_ModuleTable043_': 'ZGRvbi1kZXYtZm1zLTIwMjQuMDEvaW5zdGFsbC9tb2R1bGVmaWxlcy9jcmF5LW1waWNoLzguMS4yOS9pbnRlbC8yMDIzLjIuMC9uZXRjZGYtY3h4NC80LjMuMS5sdWEiLApmdWxsTmFtZSA9ICJuZXRjZGYtY3h4NC80LjMuMSIsCmxvYWRPcmRlciA9IDg2LApwcm9wVCA9IHt9LApyZWZfY291bnQgPSAxLApzdGFja0RlcHRoID0gMiwKc3RhdHVzID0gImFjdGl2ZSIsCnVzZXJOYW1lID0gIm5ldGNkZi1jeHg0LzQuMy4xIiwKd1YgPSAiMDAwMDAwMDA0LjAwMDAwMDAwMy4wMDAwMDAwMDEuKnpmaW5hbCIsCn0sClsibmV0Y2RmLWZvcnRyYW4iXSA9IHsKZm4gPSAiL2F1dG9mcy9uY3JjLXN2bTFfcHJvai9lcGljL3NwYWNrLXN0YWNrL2M2L3NwYWNrLXN0YWNrLTEuNi4wL2VudnMv', 'TMPDIR': '/tmp', 'LIBRARY_PATH': '/opt/intel/oneapi/mkl/2023.2.0/lib/intel64:/opt/intel/oneapi/compiler/2023.2.0/linux/compiler/lib/intel64_lin:/opt/intel/oneapi/compiler/2023.2.0/linux/lib', 'mpmd_opt': '--multi-prog --output=mpmd.%j.%t.out', 'DO_ATM': True, 'PERFTOOLS_VERSION': '25.03.0', '_ModuleTable021_': 'Lip6ZmluYWwiLAp9LApnMmMgPSB7CmZuID0gIi9hdXRvZnMvbmNyYy1zdm0xX3Byb2ovZXBpYy9zcGFjay1zdGFjay9jNi9zcGFjay1zdGFjay0xLjYuMC9lbnZzL2dzaS1hZGRvbi1kZXYtZm1zLTIwMjQuMDEvaW5zdGFsbC9tb2R1bGVmaWxlcy9pbnRlbC8yMDIzLjIuMC9nMmMvMS44LjAubHVhIiwKZnVsbE5hbWUgPSAiZzJjLzEuOC4wIiwKbG9hZE9yZGVyID0gODUsCnByb3BUID0ge30sCnJlZl9jb3VudCA9IDEsCnN0YWNrRGVwdGggPSAyLApzdGF0dXMgPSAiYWN0aXZlIiwKdXNlck5hbWUgPSAiZzJjLzEuOC4wIiwKd1YgPSAiMDAwMDAwMDAxLjAwMDAwMDAwOC4qemZpbmFsIiwKfSwKZzJ0bXBsID0gewphY3Rpb25BID0gewoicHJlcGVuZF9wYXRoKFwiTU9EVUxFUEFU', 'py_six_ROOT': '/autofs/ncrc-svm1_proj/epic/spack-stack/c6/spack-stack-1.6.0/envs/gsi-addon-dev-fms-2024.01/install/intel/2023.2.0/py-six-1.16.0-j3lczkg', 'FHOUT_ENKF_GFS': 3, 'py_pyxlsb_ROOT': '/autofs/ncrc-svm1_proj/epic/spack-stack/c6/spack-stack-1.6.0/envs/gsi-addon-dev-fms-2024.01/install/intel/2023.2.0/py-pyxlsb-1.0.10-yf2yish', 'DO_VERFRAD': True, 'DO_LAND_IAU': True, '__LMOD_REF_COUNT_CMAKE_PREFIX_PATH': '/autofs/ncrc-svm1_proj/epic/spack-stack/c6/spack-stack-1.6.0/envs/gsi-addon-dev-fms-2024.01/install/intel/2023.2.0/py-xarray-2023.7.0-ozoxbgs:2;/autofs/ncrc-svm1_proj/epic/spack-stack/c6/spack-stack-1.6.0/envs/gsi-addon-dev-fms-2024.01/install/intel/2023.2.0/py-packaging-23.1-sep32z3:2;/autofs/ncrc-svm1_proj/epic/spack-stack/c6/spack-stack-1.6.0/envs/gsi-addon-dev-fms-2024.01/install/intel/2023.2.0/metplus-3.1.1-dpwuzh3:2;/autofs/ncrc-svm1_proj/epic/spack-stack/c6/spack-stack-1.6.0/envs/gsi-addon-dev-fms-2024.01/install/intel/2023.2.0/met-9.1.3-kwvpto3:2;/autofs/ncrc-svm1_proj/epic/spack-stack/c6/spack-stack-1.6.0/envs/unified-env/install/intel/2023.2.0/netcdf-cxx4-4.3.1-2nfkojj:2;/autofs/ncrc-svm1_proj/epic/spack-stack/c6/spack-stack-1.6.0/envs/gsi-addon-dev-fms-2024.01/install/intel/2023.2.0/g2c-1.8.0-bo73v5x:2;/autofs/ncrc-svm1_proj/epic/spack-stack/c6/spack-stack-1.6.0/envs/gsi-addon-dev-fms-2024.01/install/intel/2023.2.0/py-python-dateutil-2.8.2-bxlqjfj:2;/autofs/ncrc-svm1_proj/epic/spack-stack/c6/spack-stack-1.6.0/envs/gsi-addon-dev-fms-2024.01/install/intel/2023.2.0/py-six-1.16.0-j3lczkg:2;/autofs/ncrc-svm1_proj/epic/spack-stack/c6/spack-stack-1.6.0/envs/gsi-addon-dev-fms-2024.01/install/intel/2023.2.0/py-pandas-1.5.3-wyb2e7x:2;/autofs/ncrc-svm1_proj/epic/spack-stack/c6/spack-stack-1.6.0/envs/gsi-addon-dev-fms-2024.01/install/intel/2023.2.0/py-xlwt-1.3.0-tzgvwhp:2;/autofs/ncrc-svm1_proj/epic/spack-stack/c6/spack-stack-1.6.0/envs/gsi-addon-dev-fms-2024.01/install/intel/2023.2.0/py-xlsxwriter-3.1.7-vsx375z:2;/autofs/ncrc-svm1_proj/epic/spack-stack/c6/spack-stack-1.6.0/envs/gsi-addon-dev-fms-2024.01/install/intel/2023.2.0/py-xlrd-2.0.1-7f7n55b:2;/autofs/ncrc-svm1_proj/epic/spack-stack/c6/spack-stack-1.6.0/envs/gsi-addon-dev-fms-2024.01/install/intel/2023.2.0/py-pyxlsb-1.0.10-yf2yish:2;/autofs/ncrc-svm1_proj/epic/spack-stack/c6/spack-stack-1.6.0/envs/gsi-addon-dev-fms-2024.01/install/intel/2023.2.0/py-pytz-2023.3-wbjoep3:2;/autofs/ncrc-svm1_proj/epic/spack-stack/c6/spack-stack-1.6.0/envs/gsi-addon-dev-fms-2024.01/install/intel/2023.2.0/py-openpyxl-3.1.2-3g7ehn2:2;/autofs/ncrc-svm1_proj/epic/spack-stack/c6/spack-stack-1.6.0/envs/gsi-addon-dev-fms-2024.01/install/intel/2023.2.0/py-et-xmlfile-1.0.1-iprhnfe:2;/autofs/ncrc-svm1_proj/epic/spack-stack/c6/spack-stack-1.6.0/envs/gsi-addon-dev-fms-2024.01/install/intel/2023.2.0/py-numexpr-2.8.4-svc4zzb:2;/autofs/ncrc-svm1_proj/epic/spack-stack/c6/spack-stack-1.6.0/envs/gsi-addon-dev-fms-2024.01/install/intel/2023.2.0/py-bottleneck-1.3.7-w3cslfi:2;/autofs/ncrc-svm1_proj/epic/spack-stack/c6/spack-stack-1.6.0/envs/gsi-addon-dev-fms-2024.01/install/intel/2023.2.0/py-jinja2-3.1.2-dziq6px:2;/autofs/ncrc-svm1_proj/epic/spack-stack/c6/spack-stack-1.6.0/envs/gsi-addon-dev-fms-2024.01/install/intel/2023.2.0/py-markupsafe-2.1.3-izecrid:2;/autofs/ncrc-svm1_proj/epic/spack-stack/c6/spack-stack-1.6.0/envs/gsi-addon-dev-fms-2024.01/install/intel/2023.2.0/py-pyyaml-6.0-g3ruzyd:2;/autofs/ncrc-svm1_proj/epic/spack-stack/c6/spack-stack-1.6.0/envs/unified-env/install/intel/2023.2.0/libyaml-0.2.5-vnx5l76:2;/autofs/ncrc-svm1_proj/epic/spack-stack/c6/spack-stack-1.6.0/envs/gsi-addon-dev-fms-2024.01/install/intel/2023.2.0/py-f90nml-1.4.3-sqdas3d:2;/autofs/ncrc-svm1_proj/epic/spack-stack/c6/spack-stack-1.6.0/envs/gsi-addon-dev-fms-2024.01/install/intel/2023.2.0/py-netcdf4-1.5.8-444i5pm:2;/autofs/ncrc-svm1_proj/epic/spack-stack/c6/spack-stack-1.6.0/envs/gsi-addon-dev-fms-2024.01/install/intel/2023.2.0/py-cftime-1.0.3.4-dgtglhq:2;/autofs/ncrc-svm1_proj/epic/spack-stack/c6/spack-stack-1.6.0/envs/unified-env/install/intel/2023.2.0/wgrib2-2.0.8-ptvhuof:2;/autofs/ncrc-svm1_proj/epic/spack-stack/c6/spack-stack-1.6.0/envs/gsi-addon-dev-fms-2024.01/install/intel/2023.2.0/bufr-11.7.0-2pzpov2:2;/autofs/ncrc-svm1_proj/epic/spack-stack/c6/spack-stack-1.6.0/envs/gsi-addon-dev-fms-2024.01/install/intel/2023.2.0/py-numpy-1.23.4-ir4kiqb:2;/autofs/ncrc-svm1_proj/epic/spack-stack/c6/spack-stack-1.6.0/envs/gsi-addon-dev-fms-2024.01/install/intel/2023.2.0/py-setuptools-63.4.3-qi6dp6j:2;/autofs/ncrc-svm1_proj/epic/spack-stack/c6/spack-stack-1.6.0/envs/unified-env/install/intel/2023.2.0/openblas-0.3.24-ctgqvko:2;/autofs/ncrc-svm1_proj/epic/spack-stack/c6/spack-stack-1.6.0/envs/unified-env/install/intel/2023.2.0/crtm-2.4.0.1-tmwgohs:2;/autofs/ncrc-svm1_proj/epic/spack-stack/c6/spack-stack-1.6.0/envs/unified-env/install/intel/2023.2.0/crtm-fix-2.4.0.1_emc-shjhnzg:2;/autofs/ncrc-svm1_proj/epic/spack-stack/c6/spack-stack-1.6.0/envs/unified-env/install/intel/2023.2.0/gsi-ncdiag-1.1.2-kja6biq:2;/autofs/ncrc-svm1_proj/epic/spack-stack/c6/spack-stack-1.6.0/envs/gsi-addon-dev-fms-2024.01/install/intel/2023.2.0/g2tmpl-1.13.0-4df57lb:2;/autofs/ncrc-svm1_proj/epic/spack-stack/c6/spack-stack-1.6.0/envs/gsi-addon-dev-fms-2024.01/install/intel/2023.2.0/grib-util-1.3.0-smauszx:2;/autofs/ncrc-svm1_proj/epic/spack-stack/c6/spack-stack-1.6.0/envs/unified-env/install/intel/2023.2.0/ip-4.3.0-amaleyr:2;/autofs/ncrc-svm1_proj/epic/spack-stack/c6/spack-stack-1.6.0/envs/unified-env/install/intel/2023.2.0/sp-2.5.0-i4p7d75:2;/autofs/ncrc-svm1_proj/epic/spack-stack/c6/spack-stack-1.6.0/envs/unified-env/install/intel/2023.2.0/g2-3.4.5-qm4a4gp:2;/autofs/ncrc-svm1_proj/epic/spack-stack/c6/spack-stack-1.6.0/envs/unified-env/install/intel/2023.2.0/prod-util-2.1.1-ynnwpz3:2;/autofs/ncrc-svm1_proj/epic/spack-stack/c6/spack-stack-1.6.0/envs/unified-env/install/intel/2023.2.0/w3emc-2.10.0-cqh37pl:2;/autofs/ncrc-svm1_proj/epic/spack-stack/c6/spack-stack-1.6.0/envs/unified-env/install/intel/2023.2.0/bacio-2.4.1-65566nh:2;/autofs/ncrc-svm1_proj/epic/spack-stack/c6/spack-stack-1.6.0/envs/unified-env/install/intel/2023.2.0/nco-5.0.6-va6qtou:2;/autofs/ncrc-svm1_proj/epic/spack-stack/c6/spack-stack-1.6.0/envs/unified-env/install/intel/2023.2.0/gsl-2.7.1-2xucf2r:2;/autofs/ncrc-svm1_proj/epic/spack-stack/c6/spack-stack-1.6.0/envs/unified-env/install/intel/2023.2.0/antlr-2.7.7-d6cugnw:2;/autofs/ncrc-svm1_proj/epic/spack-stack/c6/spack-stack-1.6.0/envs/unified-env/install/intel/2023.2.0/esmf-8.6.0-edn2jda:2;/autofs/ncrc-svm1_proj/epic/spack-stack/c6/spack-stack-1.6.0/envs/unified-env/install/intel/2023.2.0/parallelio-2.5.10-pshhbaa:2;/autofs/ncrc-svm1_proj/epic/spack-stack/c6/spack-stack-1.6.0/envs/unified-env/install/intel/2023.2.0/parallel-netcdf-1.12.2-kgalfuo:2;/autofs/ncrc-svm1_proj/epic/spack-stack/c6/spack-stack-1.6.0/envs/unified-env/install/intel/2023.2.0/netcdf-fortran-4.6.1-o5cmyfx:2;/autofs/ncrc-svm1_proj/epic/spack-stack/c6/spack-stack-1.6.0/envs/unified-env/install/intel/2023.2.0/netcdf-c-4.9.2-ltruqgg:2;/autofs/ncrc-svm1_proj/epic/spack-stack/c6/spack-stack-1.6.0/envs/unified-env/install/intel/2023.2.0/c-blosc-1.21.5-ndrg6bi:2;/autofs/ncrc-svm1_proj/epic/spack-stack/c6/spack-stack-1.6.0/envs/unified-env/install/intel/2023.2.0/zstd-1.5.2-p2wyun5:2;/autofs/ncrc-svm1_proj/epic/spack-stack/c6/spack-stack-1.6.0/envs/unified-env/install/intel/2023.2.0/snappy-1.1.10-frntitj:2;/autofs/ncrc-svm1_proj/epic/spack-stack/c6/spack-stack-1.6.0/envs/unified-env/install/intel/2023.2.0/hdf5-1.14.0-qyuwquo:2;/autofs/ncrc-svm1_proj/epic/spack-stack/c6/spack-stack-1.6.0/envs/unified-env/install/intel/2023.2.0/cdo-2.2.0-bvuijzr:2;/autofs/ncrc-svm1_proj/epic/spack-stack/c6/spack-stack-1.6.0/envs/unified-env/install/intel/2023.2.0/udunits-2.2.28-huyn2lv:2;/autofs/ncrc-svm1_proj/epic/spack-stack/c6/spack-stack-1.6.0/envs/unified-env/install/intel/2023.2.0/proj-9.2.1-pbreuhx:2;/autofs/ncrc-svm1_proj/epic/spack-stack/c6/spack-stack-1.6.0/envs/unified-env/install/intel/2023.2.0/curl-8.4.0-bgdh3ia:2;/autofs/ncrc-svm1_proj/epic/spack-stack/c6/spack-stack-1.6.0/envs/unified-env/install/intel/2023.2.0/nghttp2-1.57.0-syyxr2x:2;/autofs/ncrc-svm1_proj/epic/spack-stack/c6/spack-stack-1.6.0/envs/unified-env/install/intel/2023.2.0/fftw-3.3.10-o2cfgjr:2;/autofs/ncrc-svm1_proj/epic/spack-stack/c6/spack-stack-1.6.0/envs/unified-env/install/intel/2023.2.0/eccodes-2.32.0-eeho3p5:2;/autofs/ncrc-svm1_proj/epic/spack-stack/c6/spack-stack-1.6.0/envs/unified-env/install/intel/2023.2.0/openjpeg-2.3.1-x7lxvhz:2;/autofs/ncrc-svm1_proj/epic/spack-stack/c6/spack-stack-1.6.0/envs/unified-env/install/intel/2023.2.0/libpng-1.6.37-kb3ztui:2;/autofs/ncrc-svm1_proj/epic/spack-stack/c6/spack-stack-1.6.0/envs/unified-env/install/intel/2023.2.0/jasper-2.0.32-grcyfa6:2;/autofs/ncrc-svm1_proj/epic/spack-stack/c6/spack-stack-1.6.0/envs/unified-env/install/intel/2023.2.0/libjpeg-turbo-2.1.0-csq2v6y:2;/autofs/ncrc-svm1_proj/epic/spack-stack/c6/spack-stack-1.6.0/envs/gsi-addon-dev-fms-2024.01/install/intel/2023.2.0/python-3.11.6-czff3ln:2;/autofs/ncrc-svm1_proj/epic/spack-stack/c6/spack-stack-1.6.0/envs/unified-env/install/intel/2023.2.0/util-linux-uuid-2.38.1-ueu4wkj:2;/autofs/ncrc-svm1_proj/epic/spack-stack/c6/spack-stack-1.6.0/envs/unified-env/install/intel/2023.2.0/sqlite-3.43.2-zckjj2i:2;/autofs/ncrc-svm1_proj/epic/spack-stack/c6/spack-stack-1.6.0/envs/unified-env/install/intel/2023.2.0/zlib-1.2.13-jhw3a7j:2;/autofs/ncrc-svm1_proj/epic/spack-stack/c6/spack-stack-1.6.0/envs/unified-env/install/intel/2023.2.0/libxcrypt-4.4.35-khoghoj:2;/opt/intel/oneapi/compiler/2023.2.0/linux/IntelDPCPP:1', 'COMIN_ICE_ANALYSIS_ENSSTAT': '/gpfs/f6/gfs-cpu/scratch/Tseganeh.Gichamo/COMROOT//maysoilda/enkfgdas.20220505/12/ensstat/analysis/ice', '_ModuleTable074_': 'LXhsc3h3cml0ZXIvMy4xLjciLAp3ViA9ICIwMDAwMDAwMDMuMDAwMDAwMDAxLjAwMDAwMDAwNy4qemZpbmFsIiwKfSwKWyJweS14bHd0Il0gPSB7CmZuID0gIi9hdXRvZnMvbmNyYy1zdm0xX3Byb2ovZXBpYy9zcGFjay1zdGFjay9jNi9zcGFjay1zdGFjay0xLjYuMC9lbnZzL2dzaS1hZGRvbi1kZXYtZm1zLTIwMjQuMDEvaW5zdGFsbC9tb2R1bGVmaWxlcy9pbnRlbC8yMDIzLjIuMC9weS14bHd0LzEuMy4wLmx1YSIsCmZ1bGxOYW1lID0gInB5LXhsd3QvMS4zLjAiLApsb2FkT3JkZXIgPSA4MSwKcHJvcFQgPSB7fSwKcmVmX2NvdW50ID0gMSwKc3RhY2tEZXB0aCA9IDIsCnN0YXR1cyA9ICJhY3RpdmUiLAp1c2VyTmFtZSA9ICJweS14bHd0LzEuMy4wIiwKd1YgPSAiMDAwMDAw', 'py_jinja2_ROOT': '/autofs/ncrc-svm1_proj/epic/spack-stack/c6/spack-stack-1.6.0/envs/gsi-addon-dev-fms-2024.01/install/intel/2023.2.0/py-jinja2-3.1.2-dziq6px', 'LMOD_sys': 'Linux', 'G2_INC4': '/autofs/ncrc-svm1_proj/epic/spack-stack/c6/spack-stack-1.6.0/envs/unified-env/install/intel/2023.2.0/g2-3.4.5-qm4a4gp/include_4', 'LMOD_FAMILY_METAMPI_VERSION': '8.1.29', 'COM_WAVE_GRID_RES_TMPL': '${ROTDIR}/${RUN}.${YMD}/${HH}/${MEMDIR}/products/wave/gridded/${GRDRESNAME}', 'PE_PKGCONFIG_LIBS': 'mpich:dsmml', '_ModuleTable010_': 'ZXQvaW50ZWwvMjAyMy4yL29maS8xLjAvY3JheS1tcGljaC84LjEuMjkubHVhIiwKZnVsbE5hbWUgPSAiY3JheS1tcGljaC84LjEuMjkiLApsb2FkT3JkZXIgPSAxNSwKcHJvcFQgPSB7fSwKc3RhY2tEZXB0aCA9IDIsCnN0YXR1cyA9ICJhY3RpdmUiLAp1c2VyTmFtZSA9ICJjcmF5LW1waWNoLzguMS4yOSIsCndWID0gIjAwMDAwMDAwOC4wMDAwMDAwMDEuMDAwMDAwMDI5Lip6ZmluYWwiLAp9LApbImNyYXktcG1pIl0gPSB7CmZuID0gIi9vcHQvY3JheS9wZS9sbW9kL21vZHVsZWZpbGVzL2NvcmUvY3JheS1wbWkvNi4xLjE1Lmx1YSIsCmZ1bGxOYW1lID0gImNyYXktcG1pLzYuMS4xNSIsCmxvYWRPcmRlciA9IDQsCnByb3BUID0ge30sCnN0YWNrRGVwdGggPSAwLApzdGF0dXMg', '_ModuleTable033_': 'MDAwMDAwMDAuMDAwMDAwMDMyLip6ZmluYWwiLAp9LApsaWJmYWJyaWMgPSB7CmZuID0gIi9vcHQvY3JheS9tb2R1bGVmaWxlcy9saWJmYWJyaWMvMS4yMC4xIiwKZnVsbE5hbWUgPSAibGliZmFicmljLzEuMjAuMSIsCmxvYWRPcmRlciA9IDEzLApwcm9wVCA9IHt9LApzdGFja0RlcHRoID0gMywKc3RhdHVzID0gImFjdGl2ZSIsCnVzZXJOYW1lID0gImxpYmZhYnJpYyIsCndWID0gIl4wMDAwMDAwMS4wMDAwMDAwMjAuMDAwMDAwMDAxLip6ZmluYWwiLAp9LApsaWJqcGVnID0gewpmbiA9ICIvYXV0b2ZzL25jcmMtc3ZtMV9wcm9qL2VwaWMvc3BhY2stc3RhY2svYzYvc3BhY2stc3RhY2stMS42LjAvZW52cy9nc2ktYWRkb24tZGV2LWZtcy0yMDI0LjAxL2luc3RhbGwvbW9kdWxl', 'CRAY_PMI_PREFIX': '/opt/cray/pe/pmi/6.1.15', 'SLURM_JOBID': 70069749, 'cdo_ver': '2.2.0', 'HPSS_PROJECT': 'emc-da', 'GRBINDEX': '/autofs/ncrc-svm1_proj/epic/spack-stack/c6/spack-stack-1.6.0/envs/gsi-addon-dev-fms-2024.01/install/intel/2023.2.0/grib-util-1.3.0-smauszx/bin/grbindex', 'BASE_DATA': '/gpfs/f6/drsa-precip3/world-shared/role.glopara/data', 'IAU_DELTHRS': 6, 'stack_cray_mpich_ver': '8.1.29', '_ModuleTable060_': 'dXNlck5hbWUgPSAicHktbWFya3Vwc2FmZS8yLjEuMyIsCndWID0gIjAwMDAwMDAwMi4wMDAwMDAwMDEuMDAwMDAwMDAzLip6ZmluYWwiLAp9LApbInB5LW5ldGNkZjQiXSA9IHsKZm4gPSAiL2F1dG9mcy9uY3JjLXN2bTFfcHJvai9lcGljL3NwYWNrLXN0YWNrL2M2L3NwYWNrLXN0YWNrLTEuNi4wL2VudnMvZ3NpLWFkZG9uLWRldi1mbXMtMjAyNC4wMS9pbnN0YWxsL21vZHVsZWZpbGVzL2NyYXktbXBpY2gvOC4xLjI5L2ludGVsLzIwMjMuMi4wL3B5LW5ldGNkZjQvMS41LjgubHVhIiwKZnVsbE5hbWUgPSAicHktbmV0Y2RmNC8xLjUuOCIsCmxvYWRPcmRlciA9IDY3LApwcm9wVCA9IHt9LApzdGFja0RlcHRoID0gMSwKc3RhdHVzID0gImFjdGl2ZSIsCnVzZXJOYW1lID0gInB5', '_ModuleTable001_': 'X01vZHVsZVRhYmxlXyA9IHsKTVR2ZXJzaW9uID0gMywKY19yZWJ1aWxkVGltZSA9IGZhbHNlLApjX3Nob3J0VGltZSA9IGZhbHNlLApkZXB0aFQgPSB7fSwKZmFtaWx5ID0gewpNZXRhQ29tcGlsZXIgPSAic3RhY2staW50ZWwiLApNZXRhTVBJID0gInN0YWNrLWNyYXktbXBpY2giLApQcmdFbnYgPSAiUHJnRW52LWludGVsIiwKY29tcGlsZXIgPSAiaW50ZWwtY2xhc3NpYyIsCmNyYXlwZSA9ICJjcmF5cGUiLApjcmF5cGVfY3B1ID0gImNyYXlwZS14ODYtZ2Vub2EiLApjcmF5cGVfbmV0d29yayA9ICJjcmF5cGUtbmV0d29yay1vZmkiLApnMnRtcGx2aXJ0ID0gImcydG1wbCIsCm1waSA9ICJjcmF5LW1waWNoIiwKfSwKbVQgPSB7CkNtcnNFbnYgPSB7CmZuID0gIi9zdy9nYWVh', 'YAML_DIR': '/autofs/ncrc-svm1_proj/epic/spack-stack/c6/spack-stack-1.6.0/envs/unified-env/install/intel/2023.2.0/libyaml-0.2.5-vnx5l76', 'py_xlrd_ROOT': '/autofs/ncrc-svm1_proj/epic/spack-stack/c6/spack-stack-1.6.0/envs/gsi-addon-dev-fms-2024.01/install/intel/2023.2.0/py-xlrd-2.0.1-7f7n55b', 'restart_interval_enkfgfs': 3, 'REDERR': '2>', 'SLURM_CONF': '/etc/slurm/slurm.conf', 'EXECprepobs': '/gpfs/f6/drsa-precip3/world-shared/role.glopara/git/prepobs/v1.1.0/exec', 'py_numpy_ROOT': '/autofs/ncrc-svm1_proj/epic/spack-stack/c6/spack-stack-1.6.0/envs/gsi-addon-dev-fms-2024.01/install/intel/2023.2.0/py-numpy-1.23.4-ir4kiqb', 'sp_ver': '2.5.0', 'DO_PREP_SFC': False, 'COM_OCEAN_ANALYSIS_TMPL': '${ROTDIR}/${RUN}.${YMD}/${HH}/${MEMDIR}/analysis/ocean', 'LOADEDMODULES': 'craype-x86-genoa:perftools-base/25.03.0:xpmem/2.9.6-1.1_20240510205610__g087dc11fc19d:cray-pmi/6.1.15:CmrsEnv/default:TimeZoneEDT/default:DefApps/default:cray-dsmml/0.3.1:PrgEnv-intel/8.5.0:intel-classic/2023.2.0:craype/2.7.30:stack-intel/2023.2.0:libfabric/1.20.1:craype-network-ofi:cray-mpich/8.1.29:stack-cray-mpich/8.1.29:gettext/0.20.2:libxcrypt/4.4.35:zlib/1.2.13:sqlite/3.43.2:util-linux-uuid/2.38.1:python/3.11.6:libjpeg/2.1.0:jasper/2.0.32:libpng/1.6.37:openjpeg/2.3.1:eccodes/2.32.0:fftw/3.3.10:nghttp2/1.57.0:curl/8.4.0:proj/9.2.1:udunits/2.2.28:cdo/2.2.0:pkg-config/0.29.2:hdf5/1.14.0:snappy/1.1.10:zstd/1.5.2:c-blosc/1.21.5:netcdf-c/4.9.2:netcdf-fortran/4.6.1:parallel-netcdf/1.12.2:parallelio/2.5.10:esmf/8.6.0:perlbrew/5.38.2:antlr/2.7.7:gsl/2.7.1:nco/5.0.6:bacio/2.4.1:w3emc/2.10.0:prod_util/2.1.1:g2/3.4.5:sp/2.5.0:ip/4.3.0:grib-util/1.3.0:g2tmpl/1.13.0:gsi-ncdiag/1.1.2:crtm-fix/2.4.0.1_emc:git-lfs/2.11.0:crtm/2.4.0.1:openblas/0.3.24:py-setuptools/63.4.3:py-numpy/1.23.4:bufr/11.7.0:gmake/4.2.1:wgrib2/2.0.8:py-cftime/1.0.3.4:py-netcdf4/1.5.8:py-f90nml/1.4.3:libyaml/0.2.5:py-pyyaml/6.0:py-markupsafe/2.1.3:py-jinja2/3.1.2:py-bottleneck/1.3.7:py-numexpr/2.8.4:py-et-xmlfile/1.0.1:py-openpyxl/3.1.2:py-pytz/2023.3:py-pyxlsb/1.0.10:py-xlrd/2.0.1:py-xlsxwriter/3.1.7:py-xlwt/1.3.0:py-pandas/1.5.3:py-six/1.16.0:py-python-dateutil/2.8.2:g2c/1.8.0:netcdf-cxx4/4.3.1:met/9.1.3:metplus/3.1.1:py-packaging/23.1:py-xarray/2023.7.0:prepobs/1.1.0:fit2obs/1.1.7.1:hsi/9.3:module_base.gaeac6', '_ModuleTable048_': 'YSIsCmZ1bGxOYW1lID0gInBhcmFsbGVsLW5ldGNkZi8xLjEyLjIiLApsb2FkT3JkZXIgPSA0MSwKcHJvcFQgPSB7fSwKcmVmX2NvdW50ID0gMSwKc3RhY2tEZXB0aCA9IDMsCnN0YXR1cyA9ICJhY3RpdmUiLAp1c2VyTmFtZSA9ICJwYXJhbGxlbC1uZXRjZGYvMS4xMi4yIiwKd1YgPSAiMDAwMDAwMDAxLjAwMDAwMDAxMi4wMDAwMDAwMDIuKnpmaW5hbCIsCn0sCnBhcmFsbGVsaW8gPSB7CmZuID0gIi9hdXRvZnMvbmNyYy1zdm0xX3Byb2ovZXBpYy9zcGFjay1zdGFjay9jNi9zcGFjay1zdGFjay0xLjYuMC9lbnZzL2dzaS1hZGRvbi1kZXYtZm1zLTIwMjQuMDEvaW5zdGFsbC9tb2R1bGVmaWxlcy9jcmF5LW1waWNoLzguMS4yOS9pbnRlbC8yMDIzLjIuMC9wYXJhbGxlbGlvLzIu', 'py_pyyaml_ROOT': '/autofs/ncrc-svm1_proj/epic/spack-stack/c6/spack-stack-1.6.0/envs/gsi-addon-dev-fms-2024.01/install/intel/2023.2.0/py-pyyaml-6.0-g3ruzyd', 'FHCYC': 1, 'COM_ATMOS_HISTORY_TMPL': '${ROTDIR}/${RUN}.${YMD}/${HH}/${MEMDIR}/model/atmos/history', 'COM_OCEAN_BMATRIX_TMPL': '${ROTDIR}/${RUN}.${YMD}/${HH}/${MEMDIR}/bmatrix/ocean', 'ICERES': 25, '_ModuleTable058_': 'NjgsCnByb3BUID0ge30sCnN0YWNrRGVwdGggPSAxLApzdGF0dXMgPSAiYWN0aXZlIiwKdXNlck5hbWUgPSAicHktZjkwbm1sLzEuNC4zIiwKd1YgPSAiMDAwMDAwMDAxLjAwMDAwMDAwNC4wMDAwMDAwMDMuKnpmaW5hbCIsCn0sClsicHktamluamEyIl0gPSB7CmZuID0gIi9hdXRvZnMvbmNyYy1zdm0xX3Byb2ovZXBpYy9zcGFjay1zdGFjay9jNi9zcGFjay1zdGFjay0xLjYuMC9lbnZzL2dzaS1hZGRvbi1kZXYtZm1zLTIwMjQuMDEvaW5zdGFsbC9tb2R1bGVmaWxlcy9pbnRlbC8yMDIzLjIuMC9weS1qaW5qYTIvMy4xLjIubHVhIiwKZnVsbE5hbWUgPSAicHktamluamEyLzMuMS4yIiwKbG9hZE9yZGVyID0gNzIsCnByb3BUID0ge30sCnN0YWNrRGVwdGggPSAxLApzdGF0dXMg', 'CRAYPE_NETWORK_TARGET': 'ofi', 'DIAGUTIL_PATH': '/opt/intel/oneapi/compiler/2023.2.0/sys_check/sys_check.sh', 'FC': 'ftn', 'DO_METP': True, 'OFFSET_START_HOUR': 0, 'COM_ATMOS_GOES_TMPL': '${ROTDIR}/${RUN}.${YMD}/${HH}/${MEMDIR}/products/atmos/goes_sim', '__LMOD_REF_COUNT_ACLOCAL_PATH': '/usr/share/aclocal:6;/autofs/ncrc-svm1_proj/epic/spack-stack/c6/spack-stack-1.6.0/envs/unified-env/install/intel/2023.2.0/gsl-2.7.1-2xucf2r/share/aclocal:2;/autofs/ncrc-svm1_proj/epic/spack-stack/c6/spack-stack-1.6.0/envs/unified-env/install/intel/2023.2.0/curl-8.4.0-bgdh3ia/share/aclocal:2', 'gmake_ROOT': '/usr', 'FHOUT_AERO': 3, 'SENDDBN': False, '__LMOD_REF_COUNT_MANPATH': '/usr/share/man:7;/autofs/ncrc-svm1_proj/epic/spack-stack/c6/spack-stack-1.6.0/envs/unified-env/install/intel/2023.2.0/nco-5.0.6-va6qtou/share/man:2;/autofs/ncrc-svm1_proj/epic/spack-stack/c6/spack-stack-1.6.0/envs/unified-env/install/intel/2023.2.0/gsl-2.7.1-2xucf2r/share/man:2;/ncrc/usw/gfdl/perlbrew/perls/perl-5.38.2/man:1;/autofs/ncrc-svm1_proj/epic/spack-stack/c6/spack-stack-1.6.0/envs/unified-env/install/intel/2023.2.0/parallel-netcdf-1.12.2-kgalfuo/share/man:2;/autofs/ncrc-svm1_proj/epic/spack-stack/c6/spack-stack-1.6.0/envs/unified-env/install/intel/2023.2.0/netcdf-fortran-4.6.1-o5cmyfx/share/man:2;/autofs/ncrc-svm1_proj/epic/spack-stack/c6/spack-stack-1.6.0/envs/unified-env/install/intel/2023.2.0/netcdf-c-4.9.2-ltruqgg/share/man:2;/autofs/ncrc-svm1_proj/epic/spack-stack/c6/spack-stack-1.6.0/envs/unified-env/install/intel/2023.2.0/zstd-1.5.2-p2wyun5/share/man:2;/autofs/ncrc-svm1_proj/epic/spack-stack/c6/spack-stack-1.6.0/envs/unified-env/install/intel/2023.2.0/proj-9.2.1-pbreuhx/share/man:2;/autofs/ncrc-svm1_proj/epic/spack-stack/c6/spack-stack-1.6.0/envs/unified-env/install/intel/2023.2.0/curl-8.4.0-bgdh3ia/share/man:2;/autofs/ncrc-svm1_proj/epic/spack-stack/c6/spack-stack-1.6.0/envs/unified-env/install/intel/2023.2.0/nghttp2-1.57.0-syyxr2x/share/man:2;/autofs/ncrc-svm1_proj/epic/spack-stack/c6/spack-stack-1.6.0/envs/unified-env/install/intel/2023.2.0/fftw-3.3.10-o2cfgjr/share/man:2;/autofs/ncrc-svm1_proj/epic/spack-stack/c6/spack-stack-1.6.0/envs/unified-env/install/intel/2023.2.0/libpng-1.6.37-kb3ztui/share/man:2;/autofs/ncrc-svm1_proj/epic/spack-stack/c6/spack-stack-1.6.0/envs/unified-env/install/intel/2023.2.0/jasper-2.0.32-grcyfa6/share/man:2;/autofs/ncrc-svm1_proj/epic/spack-stack/c6/spack-stack-1.6.0/envs/unified-env/install/intel/2023.2.0/libjpeg-turbo-2.1.0-csq2v6y/share/man:2;/autofs/ncrc-svm1_proj/epic/spack-stack/c6/spack-stack-1.6.0/envs/gsi-addon-dev-fms-2024.01/install/intel/2023.2.0/python-3.11.6-czff3ln/share/man:2;/autofs/ncrc-svm1_proj/epic/spack-stack/c6/spack-stack-1.6.0/envs/unified-env/install/intel/2023.2.0/util-linux-uuid-2.38.1-ueu4wkj/share/man:2;/autofs/ncrc-svm1_proj/epic/spack-stack/c6/spack-stack-1.6.0/envs/unified-env/install/intel/2023.2.0/sqlite-3.43.2-zckjj2i/share/man:2;/autofs/ncrc-svm1_proj/epic/spack-stack/c6/spack-stack-1.6.0/envs/unified-env/install/intel/2023.2.0/zlib-1.2.13-jhw3a7j/share/man:2;/autofs/ncrc-svm1_proj/epic/spack-stack/c6/spack-stack-1.6.0/envs/unified-env/install/intel/2023.2.0/libxcrypt-4.4.35-khoghoj/share/man:2;/opt/cray/pe/mpich/8.1.29/ofi/man:1;/opt/cray/pe/mpich/8.1.29/man/mpich:1;/opt/cray/libfabric/1.20.1/share/man:1;/opt/cray/pe/craype/2.7.30/man:1;/opt/intel/oneapi/compiler/2023.2.0/documentation/en/man/common:1;/opt/cray/pe/dsmml/0.3.1/dsmml/man:1;/opt/cray/pe/pmi/6.1.15/man:1;/opt/cray/pe/perftools/25.03.0/man:1;/opt/cray/pe/papi/7.2.0.1/share/pdoc/man:1;/opt/cray/pe/lmod/lmod/share/man:1;/usr/local/man:1;/usr/man:1;/opt/c3/man:1;/opt/puppetlabs/puppet/share/man:1;/opt/clmgr/man:1;/opt/sgi/share/man:1;/opt/clmgr/share/man:1;/opt/clmgr/lib/cm-cli/man:1;:21', '_ModuleTable006_': 'LApzdGFja0RlcHRoID0gMywKc3RhdHVzID0gImFjdGl2ZSIsCnVzZXJOYW1lID0gImJhY2lvLzIuNC4xIiwKd1YgPSAiMDAwMDAwMDAyLjAwMDAwMDAwNC4wMDAwMDAwMDEuKnpmaW5hbCIsCn0sCmJ1ZnIgPSB7CmZuID0gIi9hdXRvZnMvbmNyYy1zdm0xX3Byb2ovZXBpYy9zcGFjay1zdGFjay9jNi9zcGFjay1zdGFjay0xLjYuMC9lbnZzL2dzaS1hZGRvbi1kZXYtZm1zLTIwMjQuMDEvaW5zdGFsbC9tb2R1bGVmaWxlcy9pbnRlbC8yMDIzLjIuMC9idWZyLzExLjcuMC5sdWEiLApmdWxsTmFtZSA9ICJidWZyLzExLjcuMCIsCmxvYWRPcmRlciA9IDYzLApwcm9wVCA9IHt9LApzdGFja0RlcHRoID0gMSwKc3RhdHVzID0gImFjdGl2ZSIsCnVzZXJOYW1lID0gImJ1ZnIvMTEuNy4w', 'SCRATCH': '/gpfs/f6/scratch/', '_ModuleTable003_': 'ciA9IDcsCnByb3BUID0ge30sCnN0YWNrRGVwdGggPSAwLApzdGF0dXMgPSAiYWN0aXZlIiwKdXNlck5hbWUgPSAiRGVmQXBwcyIsCndWID0gIipkZWZhdWx0Lip6ZmluYWwiLAp9LApbIlByZ0Vudi1pbnRlbCJdID0gewpmbiA9ICIvb3B0L2NyYXkvcGUvbG1vZC9tb2R1bGVmaWxlcy9jb3JlL1ByZ0Vudi1pbnRlbC84LjUuMC5sdWEiLApmdWxsTmFtZSA9ICJQcmdFbnYtaW50ZWwvOC41LjAiLApsb2FkT3JkZXIgPSA5LApwcm9wVCA9IHt9LApzdGFja0RlcHRoID0gMiwKc3RhdHVzID0gImFjdGl2ZSIsCnVzZXJOYW1lID0gIlByZ0Vudi1pbnRlbC84LjUuMCIsCndWID0gIjAwMDAwMDAwOC4wMDAwMDAwMDUuKnpmaW5hbCIsCn0sClRpbWVab25lRURUID0gewpmbiA9ICIvc3cv', 'HDF5_DIR': '/autofs/ncrc-svm1_proj/epic/spack-stack/c6/spack-stack-1.6.0/envs/unified-env/install/intel/2023.2.0/hdf5-1.14.0-qyuwquo', 'MPICC': 'mpicc', 'machine': 'GAEAC6', 'SLURM_JOB_QOS': 'hpss', 'LMOD_ROOT': '/opt/cray/pe/lmod', 'SLURM_TOPOLOGY_ADDR_PATTERN': 'node', 'G2_LIB4': '/autofs/ncrc-svm1_proj/epic/spack-stack/c6/spack-stack-1.6.0/envs/unified-env/install/intel/2023.2.0/g2-3.4.5-qm4a4gp/lib64/libg2_4.a', 'g2c_ROOT': '/autofs/ncrc-svm1_proj/epic/spack-stack/c6/spack-stack-1.6.0/envs/gsi-addon-dev-fms-2024.01/install/intel/2023.2.0/g2c-1.8.0-bo73v5x', '_ModuleTable083_': 'a0RlcHRoID0gMiwKc3RhdHVzID0gImFjdGl2ZSIsCnVzZXJOYW1lID0gInV0aWwtbGludXgtdXVpZC8yLjM4LjEiLAp3ViA9ICIwMDAwMDAwMDIuMDAwMDAwMDM4LjAwMDAwMDAwMS4qemZpbmFsIiwKfSwKdzNlbWMgPSB7CmZuID0gIi9hdXRvZnMvbmNyYy1zdm0xX3Byb2ovZXBpYy9zcGFjay1zdGFjay9jNi9zcGFjay1zdGFjay0xLjYuMC9lbnZzL2dzaS1hZGRvbi1kZXYtZm1zLTIwMjQuMDEvaW5zdGFsbC9tb2R1bGVmaWxlcy9pbnRlbC8yMDIzLjIuMC93M2VtYy8yLjEwLjAubHVhIiwKZnVsbE5hbWUgPSAidzNlbWMvMi4xMC4wIiwKbG9hZE9yZGVyID0gNDksCnByb3BUID0ge30sCnJlZl9jb3VudCA9IDIsCnN0YWNrRGVwdGggPSAyLApzdGF0dXMgPSAiYWN0aXZlIiwK', 'DO_GOES': False, 'crtm_fix_ROOT': '/autofs/ncrc-svm1_proj/epic/spack-stack/c6/spack-stack-1.6.0/envs/unified-env/install/intel/2023.2.0/crtm-fix-2.4.0.1_emc-shjhnzg', '_ModuleTable040_': 'b2xlLmdsb3BhcmEvZ2l0L0ZpdDJPYnMvdjEuMS43LjEvbW9kdWxlZmlsZXNcIikiLCAiYXBwZW5kX3BhdGgoXCJNT0RVTEVQQVRIXCIsXCIvdXN3L2hwc3MvbW9kdWxlZmlsZXNcIikiLAp9LApmbiA9ICIvZ3Bmcy9mNi9nZnMtY3B1L3NjcmF0Y2gvVHNlZ2FuZWguR2ljaGFtby9nbG9iYWwtd29ya2Zsb3cvbW9kdWxlZmlsZXMvbW9kdWxlX2Jhc2UuZ2FlYWM2Lmx1YSIsCmZ1bGxOYW1lID0gIm1vZHVsZV9iYXNlLmdhZWFjNiIsCmxvYWRPcmRlciA9IDk0LApwcm9wVCA9IHt9LApzdGFja0RlcHRoID0gMCwKc3RhdHVzID0gImFjdGl2ZSIsCnVzZXJOYW1lID0gIm1vZHVsZV9iYXNlLmdhZWFjNiIsCndWID0gIk0uKnpmaW5hbCIsCn0sCm5jbyA9IHsKZm4gPSAiL2F1dG9mcy9u', 'COM_ATMOS_MINMON_TMPL': '${ROTDIR}/${RUN}.${YMD}/${HH}/${MEMDIR}/products/atmos/minmon', 'CLUSTERS': 'c6', 'PAT_RT_PERFCTR_DISABLE_COMPONENTS': ['nvml', 'rocm_smi'], '_ModuleTable022_': 'SFwiLFwiL2F1dG9mcy9uY3JjLXN2bTFfcHJvai9lcGljL3NwYWNrLXN0YWNrL2M2L3NwYWNrLXN0YWNrLTEuNi4wL2VudnMvZ3NpLWFkZG9uLWRldi1mbXMtMjAyNC4wMS9pbnN0YWxsL21vZHVsZWZpbGVzL2cydG1wbC8xLjEzLjAvaW50ZWwvMjAyMy4yLjBcIikiLAp9LApmbiA9ICIvYXV0b2ZzL25jcmMtc3ZtMV9wcm9qL2VwaWMvc3BhY2stc3RhY2svYzYvc3BhY2stc3RhY2stMS42LjAvZW52cy9nc2ktYWRkb24tZGV2LWZtcy0yMDI0LjAxL2luc3RhbGwvbW9kdWxlZmlsZXMvaW50ZWwvMjAyMy4yLjAvZzJ0bXBsLzEuMTMuMC5sdWEiLApmdWxsTmFtZSA9ICJnMnRtcGwvMS4xMy4wIiwKbG9hZE9yZGVyID0gNTUsCnByb3BUID0ge30sCnN0YWNrRGVwdGggPSAxLApzdGF0', 'git_lfs_ROOT': 'None', 'py_pyyaml_ver': 6.0, '_ModuleTable050_': 'My4wLmx1YSIsCmZ1bGxOYW1lID0gInBlcmZ0b29scy1iYXNlLzI1LjAzLjAiLApsb2FkT3JkZXIgPSAyLApwcm9wVCA9IHt9LApzdGFja0RlcHRoID0gMCwKc3RhdHVzID0gImFjdGl2ZSIsCnVzZXJOYW1lID0gInBlcmZ0b29scy1iYXNlIiwKd1YgPSAiXjAwMDAwMDI1LjAwMDAwMDAwMy4qemZpbmFsIiwKfSwKcGVybGJyZXcgPSB7CmZuID0gIi9zdy9nYWVhLWM2L21vZHVsZWZpbGVzL3BlcmxicmV3LzUuMzguMiIsCmZ1bGxOYW1lID0gInBlcmxicmV3LzUuMzguMiIsCmxvYWRPcmRlciA9IDQ0LApwcm9wVCA9IHt9LApzdGFja0RlcHRoID0gMSwKc3RhdHVzID0gImFjdGl2ZSIsCnVzZXJOYW1lID0gInBlcmxicmV3LzUuMzguMiIsCndWID0gIl4wMDAwMDAwNS4wMDAwMDAw', 'FROM_HEADER': '', '_ModuleTable073_': 'dXNlck5hbWUgPSAicHkteGxyZC8yLjAuMSIsCndWID0gIjAwMDAwMDAwMi4wMDAwMDAwMDAuMDAwMDAwMDAxLip6ZmluYWwiLAp9LApbInB5LXhsc3h3cml0ZXIiXSA9IHsKZm4gPSAiL2F1dG9mcy9uY3JjLXN2bTFfcHJvai9lcGljL3NwYWNrLXN0YWNrL2M2L3NwYWNrLXN0YWNrLTEuNi4wL2VudnMvZ3NpLWFkZG9uLWRldi1mbXMtMjAyNC4wMS9pbnN0YWxsL21vZHVsZWZpbGVzL2ludGVsLzIwMjMuMi4wL3B5LXhsc3h3cml0ZXIvMy4xLjcubHVhIiwKZnVsbE5hbWUgPSAicHkteGxzeHdyaXRlci8zLjEuNyIsCmxvYWRPcmRlciA9IDgwLApwcm9wVCA9IHt9LApyZWZfY291bnQgPSAxLApzdGFja0RlcHRoID0gMiwKc3RhdHVzID0gImFjdGl2ZSIsCnVzZXJOYW1lID0gInB5', 'CRAY_MPICH_ROOTDIR': '/opt/cray/pe/mpich/8.1.29', 'openblas_ROOT': '/autofs/ncrc-svm1_proj/epic/spack-stack/c6/spack-stack-1.6.0/envs/unified-env/install/intel/2023.2.0/openblas-0.3.24-ctgqvko', '_ModuleTable013_': 'Cn0sClsiY3JheXBlLXg4Ni1nZW5vYSJdID0gewphY3Rpb25BID0gewoicHJlcGVuZF9wYXRoKFwiTU9EVUxFUEFUSFwiLFwiL29wdC9jcmF5L3BlL2xtb2QvbW9kdWxlZmlsZXMvY3B1L3g4Ni1nZW5vYS8xLjBcIikiLAp9LApmbiA9ICIvb3B0L2NyYXkvcGUvbG1vZC9tb2R1bGVmaWxlcy9jcmF5cGUtdGFyZ2V0cy9kZWZhdWx0L2NyYXlwZS14ODYtZ2Vub2EubHVhIiwKZnVsbE5hbWUgPSAiY3JheXBlLXg4Ni1nZW5vYSIsCmxvYWRPcmRlciA9IDEsCnByb3BUID0ge30sCnN0YWNrRGVwdGggPSAwLApzdGF0dXMgPSAiYWN0aXZlIiwKdXNlck5hbWUgPSAiY3JheXBlLXg4Ni1nZW5vYSIsCndWID0gIk0uKnpmaW5hbCIsCn0sCmNydG0gPSB7CmZuID0gIi9hdXRvZnMvbmNyYy1z', '_ModuleTable036_': 'ID0ge30sCnJlZl9jb3VudCA9IDEsCnN0YWNrRGVwdGggPSAyLApzdGF0dXMgPSAiYWN0aXZlIiwKdXNlck5hbWUgPSAibGlieGNyeXB0LzQuNC4zNSIsCndWID0gIjAwMDAwMDAwNC4wMDAwMDAwMDQuMDAwMDAwMDM1Lip6ZmluYWwiLAp9LApsaWJ5YW1sID0gewpmbiA9ICIvYXV0b2ZzL25jcmMtc3ZtMV9wcm9qL2VwaWMvc3BhY2stc3RhY2svYzYvc3BhY2stc3RhY2stMS42LjAvZW52cy9nc2ktYWRkb24tZGV2LWZtcy0yMDI0LjAxL2luc3RhbGwvbW9kdWxlZmlsZXMvaW50ZWwvMjAyMy4yLjAvbGlieWFtbC8wLjIuNS5sdWEiLApmdWxsTmFtZSA9ICJsaWJ5YW1sLzAuMi41IiwKbG9hZE9yZGVyID0gNjksCnByb3BUID0ge30sCnJlZl9jb3VudCA9IDEsCnN0YWNrRGVwdGgg', 'ILPOST': 3, 'MAIL': '/var/spool/mail/Tseganeh.Gichamo', 'g2tmpl_ROOT': '/autofs/ncrc-svm1_proj/epic/spack-stack/c6/spack-stack-1.6.0/envs/gsi-addon-dev-fms-2024.01/install/intel/2023.2.0/g2tmpl-1.13.0-4df57lb', 'parallel_netcdf_ROOT': '/autofs/ncrc-svm1_proj/epic/spack-stack/c6/spack-stack-1.6.0/envs/unified-env/install/intel/2023.2.0/parallel-netcdf-1.12.2-kgalfuo', 'netcdf_cxx4_ROOT': '/autofs/ncrc-svm1_proj/epic/spack-stack/c6/spack-stack-1.6.0/envs/unified-env/install/intel/2023.2.0/netcdf-cxx4-4.3.1-2nfkojj', 'PE_INTEL_FIXED_PKGCONFIG_PATH': '/opt/cray/pe/mpich/8.1.29/ofi/intel/2022.1/lib/pkgconfig', 'PERLBREW_HOME': '/ncrc/home2/Tseganeh.Gichamo/.perlbrew', 'SLURM_CPUS_ON_NODE': 2, '_ModuleTable088_': 'aWxlcyIKLCAiL2dwZnMvZjYvZHJzYS1wcmVjaXAzL3dvcmxkLXNoYXJlZC9yb2xlLmdsb3BhcmEvZ2l0L3ByZXBvYnMvdjEuMS4wL21vZHVsZWZpbGVzIgosICIvYXV0b2ZzL25jcmMtc3ZtMV9wcm9qL2VwaWMvc3BhY2stc3RhY2svYzYvc3BhY2stc3RhY2stMS42LjAvZW52cy9nc2ktYWRkb24tZGV2LWZtcy0yMDI0LjAxL2luc3RhbGwvbW9kdWxlZmlsZXMvZzJ0bXBsLzEuMTMuMC9pbnRlbC8yMDIzLjIuMCIKLCAiL2F1dG9mcy9uY3JjLXN2bTFfcHJvai9lcGljL3NwYWNrLXN0YWNrL2M2L3NwYWNrLXN0YWNrLTEuNi4wL2VudnMvZ3NpLWFkZG9uLWRldi1mbXMtMjAyNC4wMS9pbnN0YWxsL21vZHVsZWZpbGVzL2NyYXktbXBpY2gvOC4xLjI5L2ludGVsLzIwMjMuMi4wIgos', 'CXX': 'CC', 'zlib_ver': '1.2.13', '_ModuleTable027_': 'LjAvZW52cy9nc2ktYWRkb24tZGV2LWZtcy0yMDI0LjAxL2luc3RhbGwvbW9kdWxlZmlsZXMvY3JheS1tcGljaC84LjEuMjkvaW50ZWwvMjAyMy4yLjAvZ3NpLW5jZGlhZy8xLjEuMi5sdWEiLApmdWxsTmFtZSA9ICJnc2ktbmNkaWFnLzEuMS4yIiwKbG9hZE9yZGVyID0gNTYsCnByb3BUID0ge30sCnN0YWNrRGVwdGggPSAxLApzdGF0dXMgPSAiYWN0aXZlIiwKdXNlck5hbWUgPSAiZ3NpLW5jZGlhZy8xLjEuMiIsCndWID0gIjAwMDAwMDAwMS4wMDAwMDAwMDEuMDAwMDAwMDAyLip6ZmluYWwiLAp9LApnc2wgPSB7CmZuID0gIi9hdXRvZnMvbmNyYy1zdm0xX3Byb2ovZXBpYy9zcGFjay1zdGFjay9jNi9zcGFjay1zdGFjay0xLjYuMC9lbnZzL2dzaS1hZGRvbi1kZXYtZm1zLTIw', 'DO_GENESIS': True, 'COM_ATMOS_IMAGERY_TMPL': '${ROTDIR}/${RUN}.${YMD}/${HH}/${MEMDIR}/products/atmos/imagery', 'SLURM_JOB_NUM_NODES': 1, 'LMOD_FAMILY_METACOMPILER': 'stack-intel', '_ModuleTable076_': 'bmNyYy1zdm0xX3Byb2ovZXBpYy9zcGFjay1zdGFjay9jNi9zcGFjay1zdGFjay0xLjYuMC9lbnZzL2dzaS1hZGRvbi1kZXYtZm1zLTIwMjQuMDEvaW5zdGFsbC9tb2R1bGVmaWxlcy9pbnRlbC8yMDIzLjIuMC9zbmFwcHkvMS4xLjEwLmx1YSIsCmZ1bGxOYW1lID0gInNuYXBweS8xLjEuMTAiLApsb2FkT3JkZXIgPSAzNiwKcHJvcFQgPSB7fSwKcmVmX2NvdW50ID0gMSwKc3RhY2tEZXB0aCA9IDMsCnN0YXR1cyA9ICJhY3RpdmUiLAp1c2VyTmFtZSA9ICJzbmFwcHkvMS4xLjEwIiwKd1YgPSAiMDAwMDAwMDAxLjAwMDAwMDAwMS4wMDAwMDAwMTAuKnpmaW5hbCIsCn0sCnNwID0gewpmbiA9ICIvYXV0b2ZzL25jcmMtc3ZtMV9wcm9qL2VwaWMvc3BhY2stc3RhY2svYzYvc3BhY2st', 'FHMIN_GFS': 0, '_ModuleTable016_': 'dGFjay9jNi9zcGFjay1zdGFjay0xLjYuMC9lbnZzL2dzaS1hZGRvbi1kZXYtZm1zLTIwMjQuMDEvaW5zdGFsbC9tb2R1bGVmaWxlcy9pbnRlbC8yMDIzLjIuMC9jdXJsLzguNC4wLmx1YSIsCmZ1bGxOYW1lID0gImN1cmwvOC40LjAiLApsb2FkT3JkZXIgPSAzMCwKcHJvcFQgPSB7fSwKcmVmX2NvdW50ID0gMiwKc3RhY2tEZXB0aCA9IDMsCnN0YXR1cyA9ICJhY3RpdmUiLAp1c2VyTmFtZSA9ICJjdXJsLzguNC4wIiwKd1YgPSAiMDAwMDAwMDA4LjAwMDAwMDAwNC4qemZpbmFsIiwKfSwKZWNjb2RlcyA9IHsKZm4gPSAiL2F1dG9mcy9uY3JjLXN2bTFfcHJvai9lcGljL3NwYWNrLXN0YWNrL2M2L3NwYWNrLXN0YWNrLTEuNi4wL2VudnMvZ3NpLWFkZG9uLWRldi1mbXMtMjAyNC4w', 'binary_diag': False, 'ntiles': 6, 'HOMEcfs': '/gpfs/f6/drsa-precip3/world-shared/role.glopara/git/Fit2Obs/v1.1.7.1', 'ARCH_EXPDIR_FREQ': 0, 'DO_MERGENSST': False, 'LESSKEY': '/etc/lesskey.bin', '__LMOD_REF_COUNT_PE_MPICH_GENCOMPILERS_INTEL': '2022.1:1', 'ip_ver': '4.3.0', '_ModuleTable068_': 'ZXYtZm1zLTIwMjQuMDEvaW5zdGFsbC9tb2R1bGVmaWxlcy9pbnRlbC8yMDIzLjIuMC9weS1weXhsc2IvMS4wLjEwLmx1YSIsCmZ1bGxOYW1lID0gInB5LXB5eGxzYi8xLjAuMTAiLApsb2FkT3JkZXIgPSA3OCwKcHJvcFQgPSB7fSwKcmVmX2NvdW50ID0gMSwKc3RhY2tEZXB0aCA9IDIsCnN0YXR1cyA9ICJhY3RpdmUiLAp1c2VyTmFtZSA9ICJweS1weXhsc2IvMS4wLjEwIiwKd1YgPSAiMDAwMDAwMDAxLjAwMDAwMDAwMC4wMDAwMDAwMTAuKnpmaW5hbCIsCn0sClsicHktcHl5YW1sIl0gPSB7CmZuID0gIi9hdXRvZnMvbmNyYy1zdm0xX3Byb2ovZXBpYy9zcGFjay1zdGFjay9jNi9zcGFjay1zdGFjay0xLjYuMC9lbnZzL2dzaS1hZGRvbi1kZXYtZm1zLTIwMjQuMDEvaW5zdGFs', '_ModuleTable009_': 'dWxlZmlsZXMvY29yZS9jcmF5LWRzbW1sLzAuMy4xLmx1YSIsCmZ1bGxOYW1lID0gImNyYXktZHNtbWwvMC4zLjEiLApsb2FkT3JkZXIgPSA4LApwcm9wVCA9IHt9LApzdGFja0RlcHRoID0gMywKc3RhdHVzID0gImFjdGl2ZSIsCnVzZXJOYW1lID0gImNyYXktZHNtbWwiLAp3ViA9ICJeMDAwMDAwMDAuMDAwMDAwMDAzLjAwMDAwMDAwMS4qemZpbmFsIiwKfSwKWyJjcmF5LW1waWNoIl0gPSB7CmFjdGlvbkEgPSB7CiJwcmVwZW5kX3BhdGgoXCJNT0RVTEVQQVRIXCIsXCIvb3B0L2NyYXkvcGUvbG1vZC9tb2R1bGVmaWxlcy9tcGkvaW50ZWwvMjAyMy4yL29maS8xLjAvY3JheS1tcGljaC84LjBcIikiLAp9LApmbiA9ICIvb3B0L2NyYXkvcGUvbG1vZC9tb2R1bGVmaWxlcy9jb21u', 'YAML_LIB': '/autofs/ncrc-svm1_proj/epic/spack-stack/c6/spack-stack-1.6.0/envs/unified-env/install/intel/2023.2.0/libyaml-0.2.5-vnx5l76/lib', 'SHELL': '/bin/bash', 'nghttp2_ROOT': '/autofs/ncrc-svm1_proj/epic/spack-stack/c6/spack-stack-1.6.0/envs/unified-env/install/intel/2023.2.0/nghttp2-1.57.0-syyxr2x', 'DUMP_SUFFIX': '', 'CRAY_MPICH_VER': '8.1.29', 'FIXgsi': '/gpfs/f6/gfs-cpu/scratch/Tseganeh.Gichamo/global-workflow/fix/gsi', 'OCNRES': 25, 'COMROOT': '/gpfs/f6/gfs-cpu/scratch/Tseganeh.Gichamo/COMROOT/', 'XDG_SESSION_CLASS': 'background', 'G2C_INC': '/autofs/ncrc-svm1_proj/epic/spack-stack/c6/spack-stack-1.6.0/envs/gsi-addon-dev-fms-2024.01/install/intel/2023.2.0/g2c-1.8.0-bo73v5x/include', 'FIXgdas': '/gpfs/f6/gfs-cpu/scratch/Tseganeh.Gichamo/global-workflow/fix/gdas', 'COMIN_OCEAN_ANALYSIS_ENSSTAT': '/gpfs/f6/gfs-cpu/scratch/Tseganeh.Gichamo/COMROOT//maysoilda/enkfgdas.20220505/12/ensstat/analysis/ocean', 'NMV': '/bin/mv', 'PE_MPICH_FIXED_PRGENV': 'INTEL', 'FIXcice': '/gpfs/f6/gfs-cpu/scratch/Tseganeh.Gichamo/global-workflow/fix/cice', 'hdf5_ver': '1.14.0', 'G2_LIBd': '/autofs/ncrc-svm1_proj/epic/spack-stack/c6/spack-stack-1.6.0/envs/unified-env/install/intel/2023.2.0/g2-3.4.5-qm4a4gp/lib64/libg2_d.a', 'py_python_dateutil_ver': '2.8.2', 'CLIENT_GLOBUS_UUID': '{{ CLIENT_GLOBUS_UUID }}', 'COMINecmwf': '{{ COMINecmwf }}', 'proj_ROOT': '/autofs/ncrc-svm1_proj/epic/spack-stack/c6/spack-stack-1.6.0/envs/unified-env/install/intel/2023.2.0/proj-9.2.1-pbreuhx', 'TOCGRIB2': '/autofs/ncrc-svm1_proj/epic/spack-stack/c6/spack-stack-1.6.0/envs/gsi-addon-dev-fms-2024.01/install/intel/2023.2.0/grib-util-1.3.0-smauszx/bin/tocgrib2', 'restart_interval_gdas': 3, 'LMOD_FAMILY_PRGENV': 'PrgEnv-intel', '_ModuleTable065_': 'ID0gIi9hdXRvZnMvbmNyYy1zdm0xX3Byb2ovZXBpYy9zcGFjay1zdGFjay9jNi9zcGFjay1zdGFjay0xLjYuMC9lbnZzL2dzaS1hZGRvbi1kZXYtZm1zLTIwMjQuMDEvaW5zdGFsbC9tb2R1bGVmaWxlcy9pbnRlbC8yMDIzLjIuMC9weS1wYW5kYXMvMS41LjMubHVhIiwKZnVsbE5hbWUgPSAicHktcGFuZGFzLzEuNS4zIiwKbG9hZE9yZGVyID0gODIsCnByb3BUID0ge30sCnN0YWNrRGVwdGggPSAxLApzdGF0dXMgPSAiYWN0aXZlIiwKdXNlck5hbWUgPSAicHktcGFuZGFzLzEuNS4zIiwKd1YgPSAiMDAwMDAwMDAxLjAwMDAwMDAwNS4wMDAwMDAwMDMuKnpmaW5hbCIsCn0sClsicHktcHl0aG9uLWRhdGV1dGlsIl0gPSB7CmZuID0gIi9hdXRvZnMvbmNyYy1zdm0xX3Byb2ovZXBp', 'SDATE_GFS': datetime.datetime(2022, 5, 1, 6, 0), 'CASE': 'C384', 'SLURM_JOB_UID': 20579, '_ModuleTable_Sz_': 92, 'APP': 'ATM', 'DO_COUPLED': False, 'NCLEN': '/gpfs/f6/gfs-cpu/scratch/Tseganeh.Gichamo/global-workflow/ush/getncdimlen', '__LMOD_REF_COUNT_CPATH': '/autofs/ncrc-svm1_proj/epic/spack-stack/c6/spack-stack-1.6.0/envs/unified-env/install/intel/2023.2.0/netcdf-cxx4-4.3.1-2nfkojj/include:1;/autofs/ncrc-svm1_proj/epic/spack-stack/c6/spack-stack-1.6.0/envs/gsi-addon-dev-fms-2024.01/install/intel/2023.2.0/g2c-1.8.0-bo73v5x/include:1;/autofs/ncrc-svm1_proj/epic/spack-stack/c6/spack-stack-1.6.0/envs/unified-env/install/intel/2023.2.0/libyaml-0.2.5-vnx5l76/include:1;/autofs/ncrc-svm1_proj/epic/spack-stack/c6/spack-stack-1.6.0/envs/unified-env/install/intel/2023.2.0/wgrib2-2.0.8-ptvhuof/include:1;/autofs/ncrc-svm1_proj/epic/spack-stack/c6/spack-stack-1.6.0/envs/gsi-addon-dev-fms-2024.01/install/intel/2023.2.0/bufr-11.7.0-2pzpov2/include:1;/autofs/ncrc-svm1_proj/epic/spack-stack/c6/spack-stack-1.6.0/envs/unified-env/install/intel/2023.2.0/openblas-0.3.24-ctgqvko/include:1;/autofs/ncrc-svm1_proj/epic/spack-stack/c6/spack-stack-1.6.0/envs/unified-env/install/intel/2023.2.0/crtm-2.4.0.1-tmwgohs/include:1;/autofs/ncrc-svm1_proj/epic/spack-stack/c6/spack-stack-1.6.0/envs/unified-env/install/intel/2023.2.0/gsi-ncdiag-1.1.2-kja6biq/include:1;/autofs/ncrc-svm1_proj/epic/spack-stack/c6/spack-stack-1.6.0/envs/gsi-addon-dev-fms-2024.01/install/intel/2023.2.0/g2tmpl-1.13.0-4df57lb/include:1;/autofs/ncrc-svm1_proj/epic/spack-stack/c6/spack-stack-1.6.0/envs/unified-env/install/intel/2023.2.0/gsl-2.7.1-2xucf2r/include:1;/autofs/ncrc-svm1_proj/epic/spack-stack/c6/spack-stack-1.6.0/envs/unified-env/install/intel/2023.2.0/antlr-2.7.7-d6cugnw/include:1;/autofs/ncrc-svm1_proj/epic/spack-stack/c6/spack-stack-1.6.0/envs/unified-env/install/intel/2023.2.0/esmf-8.6.0-edn2jda/include:1;/autofs/ncrc-svm1_proj/epic/spack-stack/c6/spack-stack-1.6.0/envs/unified-env/install/intel/2023.2.0/parallelio-2.5.10-pshhbaa/include:1;/autofs/ncrc-svm1_proj/epic/spack-stack/c6/spack-stack-1.6.0/envs/unified-env/install/intel/2023.2.0/parallel-netcdf-1.12.2-kgalfuo/include:1;/autofs/ncrc-svm1_proj/epic/spack-stack/c6/spack-stack-1.6.0/envs/unified-env/install/intel/2023.2.0/netcdf-fortran-4.6.1-o5cmyfx/include:1;/autofs/ncrc-svm1_proj/epic/spack-stack/c6/spack-stack-1.6.0/envs/unified-env/install/intel/2023.2.0/netcdf-c-4.9.2-ltruqgg/include:1;/autofs/ncrc-svm1_proj/epic/spack-stack/c6/spack-stack-1.6.0/envs/unified-env/install/intel/2023.2.0/c-blosc-1.21.5-ndrg6bi/include:1;/autofs/ncrc-svm1_proj/epic/spack-stack/c6/spack-stack-1.6.0/envs/unified-env/install/intel/2023.2.0/zstd-1.5.2-p2wyun5/include:1;/autofs/ncrc-svm1_proj/epic/spack-stack/c6/spack-stack-1.6.0/envs/unified-env/install/intel/2023.2.0/snappy-1.1.10-frntitj/include:1;/autofs/ncrc-svm1_proj/epic/spack-stack/c6/spack-stack-1.6.0/envs/unified-env/install/intel/2023.2.0/hdf5-1.14.0-qyuwquo/include:1;/autofs/ncrc-svm1_proj/epic/spack-stack/c6/spack-stack-1.6.0/envs/unified-env/install/intel/2023.2.0/cdo-2.2.0-bvuijzr/include:1;/autofs/ncrc-svm1_proj/epic/spack-stack/c6/spack-stack-1.6.0/envs/unified-env/install/intel/2023.2.0/udunits-2.2.28-huyn2lv/include:1;/autofs/ncrc-svm1_proj/epic/spack-stack/c6/spack-stack-1.6.0/envs/unified-env/install/intel/2023.2.0/proj-9.2.1-pbreuhx/include:1;/autofs/ncrc-svm1_proj/epic/spack-stack/c6/spack-stack-1.6.0/envs/unified-env/install/intel/2023.2.0/curl-8.4.0-bgdh3ia/include:1;/autofs/ncrc-svm1_proj/epic/spack-stack/c6/spack-stack-1.6.0/envs/unified-env/install/intel/2023.2.0/nghttp2-1.57.0-syyxr2x/include:1;/autofs/ncrc-svm1_proj/epic/spack-stack/c6/spack-stack-1.6.0/envs/unified-env/install/intel/2023.2.0/fftw-3.3.10-o2cfgjr/include:1;/autofs/ncrc-svm1_proj/epic/spack-stack/c6/spack-stack-1.6.0/envs/unified-env/install/intel/2023.2.0/eccodes-2.32.0-eeho3p5/include:1;/autofs/ncrc-svm1_proj/epic/spack-stack/c6/spack-stack-1.6.0/envs/unified-env/install/intel/2023.2.0/openjpeg-2.3.1-x7lxvhz/include:1;/autofs/ncrc-svm1_proj/epic/spack-stack/c6/spack-stack-1.6.0/envs/unified-env/install/intel/2023.2.0/libpng-1.6.37-kb3ztui/include:1;/autofs/ncrc-svm1_proj/epic/spack-stack/c6/spack-stack-1.6.0/envs/unified-env/install/intel/2023.2.0/jasper-2.0.32-grcyfa6/include:1;/autofs/ncrc-svm1_proj/epic/spack-stack/c6/spack-stack-1.6.0/envs/unified-env/install/intel/2023.2.0/libjpeg-turbo-2.1.0-csq2v6y/include:1;/autofs/ncrc-svm1_proj/epic/spack-stack/c6/spack-stack-1.6.0/envs/gsi-addon-dev-fms-2024.01/install/intel/2023.2.0/python-3.11.6-czff3ln/include:1;/autofs/ncrc-svm1_proj/epic/spack-stack/c6/spack-stack-1.6.0/envs/unified-env/install/intel/2023.2.0/util-linux-uuid-2.38.1-ueu4wkj/include:1;/autofs/ncrc-svm1_proj/epic/spack-stack/c6/spack-stack-1.6.0/envs/unified-env/install/intel/2023.2.0/sqlite-3.43.2-zckjj2i/include:1;/autofs/ncrc-svm1_proj/epic/spack-stack/c6/spack-stack-1.6.0/envs/unified-env/install/intel/2023.2.0/zlib-1.2.13-jhw3a7j/include:1;/autofs/ncrc-svm1_proj/epic/spack-stack/c6/spack-stack-1.6.0/envs/unified-env/install/intel/2023.2.0/libxcrypt-4.4.35-khoghoj/include:1;/opt/intel/oneapi/mkl/2023.2.0/include:1;/opt/intel/oneapi/compiler/2023.2.0/linux/lib/oclfpga/include:1', 'COM_ICE_INPUT_TMPL': '${ROTDIR}/${RUN}.${YMD}/${HH}/${MEMDIR}/model/ice/input', 'DO_TEST_MODE': False, 'XCURSOR_THEME': 'DMZ', 'SLURM_JOB_PARTITION': 'dtn_f5_f6', 'gsi_ncdiag_ver': '1.1.2', '_ModuleTable092_': 'ZWZpbGVzL0NvcmU6L29wdC9jcmF5L3BlL2xtb2QvbW9kdWxlZmlsZXMvY29yZTovb3B0L2NyYXkvcGUvbG1vZC9tb2R1bGVmaWxlcy9jcmF5cGUtdGFyZ2V0cy9kZWZhdWx0Oi9zdy9nYWVhLWM2L21vZHVsZWZpbGVzOi9vcHQvY3JheS9tb2R1bGVmaWxlcyIsCn0K', 'COM_OCEAN_GRIB_GRID_TMPL': '${ROTDIR}/${RUN}.${YMD}/${HH}/${MEMDIR}/products/ocean/grib2/${GRID}', 'walltime': '06:00:00', 'l4densvar': True, 'pgm': '', '_ModuleTable055_': 'ICJweS1ib3R0bGVuZWNrLzEuMy43IiwKbG9hZE9yZGVyID0gNzMsCnByb3BUID0ge30sCnJlZl9jb3VudCA9IDEsCnN0YWNrRGVwdGggPSAyLApzdGF0dXMgPSAiYWN0aXZlIiwKdXNlck5hbWUgPSAicHktYm90dGxlbmVjay8xLjMuNyIsCndWID0gIjAwMDAwMDAwMS4wMDAwMDAwMDMuMDAwMDAwMDA3Lip6ZmluYWwiLAp9LApbInB5LWNmdGltZSJdID0gewpmbiA9ICIvYXV0b2ZzL25jcmMtc3ZtMV9wcm9qL2VwaWMvc3BhY2stc3RhY2svYzYvc3BhY2stc3RhY2stMS42LjAvZW52cy9nc2ktYWRkb24tZGV2LWZtcy0yMDI0LjAxL2luc3RhbGwvbW9kdWxlZmlsZXMvaW50ZWwvMjAyMy4yLjAvcHktY2Z0aW1lLzEuMC4zLjQubHVhIiwKZnVsbE5hbWUgPSAicHktY2Z0aW1lLzEu', 'wgrib2_ROOT': '/autofs/ncrc-svm1_proj/epic/spack-stack/c6/spack-stack-1.6.0/envs/unified-env/install/intel/2023.2.0/wgrib2-2.0.8-ptvhuof', 'USE_PCM_DB': 2, 'LMOD_FAMILY_COMPILER': 'intel-classic', 'COM_WAVE_GRID_TMPL': '${ROTDIR}/${RUN}.${YMD}/${HH}/${MEMDIR}/products/wave/gridded', 'USHcfs': '/gpfs/f6/drsa-precip3/world-shared/role.glopara/git/Fit2Obs/v1.1.7.1/ush', '_ModuleTable018_': 'MjAyMy4yLjAvZXNtZi84LjYuMC5sdWEiLApmdWxsTmFtZSA9ICJlc21mLzguNi4wIiwKbG9hZE9yZGVyID0gNDMsCnByb3BUID0ge30sCnN0YWNrRGVwdGggPSAxLApzdGF0dXMgPSAiYWN0aXZlIiwKdXNlck5hbWUgPSAiZXNtZi84LjYuMCIsCndWID0gIjAwMDAwMDAwOC4wMDAwMDAwMDYuKnpmaW5hbCIsCn0sCmZmdHcgPSB7CmZuID0gIi9hdXRvZnMvbmNyYy1zdm0xX3Byb2ovZXBpYy9zcGFjay1zdGFjay9jNi9zcGFjay1zdGFjay0xLjYuMC9lbnZzL2dzaS1hZGRvbi1kZXYtZm1zLTIwMjQuMDEvaW5zdGFsbC9tb2R1bGVmaWxlcy9jcmF5LW1waWNoLzguMS4yOS9pbnRlbC8yMDIzLjIuMC9mZnR3LzMuMy4xMC5sdWEiLApmdWxsTmFtZSA9ICJmZnR3LzMuMy4xMCIsCmxv', 'netcdf_fortran_ROOT': '/autofs/ncrc-svm1_proj/epic/spack-stack/c6/spack-stack-1.6.0/envs/unified-env/install/intel/2023.2.0/netcdf-fortran-4.6.1-o5cmyfx', 'spack_env': 'gsi-addon-dev-fms-2024.01', 'DO_CA': True, 'CRAY_DSMML_BASEDIR': '/opt/cray/pe/dsmml/0.3.1', 'FIXfit2obs': '/gpfs/f6/drsa-precip3/world-shared/role.glopara/git/Fit2Obs/v1.1.7.1/fix', 'CRAY_XPMEM_POST_LINK_OPTS': '-L/usr/lib64', 'SP_LIB8': '/autofs/ncrc-svm1_proj/epic/spack-stack/c6/spack-stack-1.6.0/envs/unified-env/install/intel/2023.2.0/sp-2.5.0-i4p7d75/lib64/libsp_8.a', 'py_f90nml_ROOT': '/autofs/ncrc-svm1_proj/epic/spack-stack/c6/spack-stack-1.6.0/envs/gsi-addon-dev-fms-2024.01/install/intel/2023.2.0/py-f90nml-1.4.3-sqdas3d', 'MAKE_NSSTBUFR': False, 'COM_OCEAN_INPUT_TMPL': '${ROTDIR}/${RUN}.${YMD}/${HH}/${MEMDIR}/model/ocean/input', 'SP_LIB4': '/autofs/ncrc-svm1_proj/epic/spack-stack/c6/spack-stack-1.6.0/envs/unified-env/install/intel/2023.2.0/sp-2.5.0-i4p7d75/lib64/libsp_4.a', 'DATAROOT': '/gpfs/f6/gfs-cpu/world-shared/Tseganeh.Gichamo/RUNDIRS/maysoilda/enkfgdas.2022050512', 'SLURM_JOB_USER': 'Tseganeh.Gichamo', 'LMOD_G2TMPLVIRT_VERSION': '1.13.0', 'DO_OCN': False, '_ModuleTable035_': 'bWUgPSAibGlicG5nLzEuNi4zNyIsCmxvYWRPcmRlciA9IDI1LApwcm9wVCA9IHt9LApzdGFja0RlcHRoID0gMSwKc3RhdHVzID0gImFjdGl2ZSIsCnVzZXJOYW1lID0gImxpYnBuZy8xLjYuMzciLAp3ViA9ICIwMDAwMDAwMDEuMDAwMDAwMDA2LjAwMDAwMDAzNy4qemZpbmFsIiwKfSwKbGlieGNyeXB0ID0gewpmbiA9ICIvYXV0b2ZzL25jcmMtc3ZtMV9wcm9qL2VwaWMvc3BhY2stc3RhY2svYzYvc3BhY2stc3RhY2stMS42LjAvZW52cy9nc2ktYWRkb24tZGV2LWZtcy0yMDI0LjAxL2luc3RhbGwvbW9kdWxlZmlsZXMvaW50ZWwvMjAyMy4yLjAvbGlieGNyeXB0LzQuNC4zNS5sdWEiLApmdWxsTmFtZSA9ICJsaWJ4Y3J5cHQvNC40LjM1IiwKbG9hZE9yZGVyID0gMTgsCnByb3BU', 'FIXaer': '/gpfs/f6/gfs-cpu/scratch/Tseganeh.Gichamo/global-workflow/fix/aer', 'DO_GEMPAK': False, 'PYTHONSTARTUP': '/etc/pythonstart', 'FHMAX_HF_WAV': 48, 'SLURM_NPROCS': 1, '_ModuleTable066_': 'Yy9zcGFjay1zdGFjay9jNi9zcGFjay1zdGFjay0xLjYuMC9lbnZzL2dzaS1hZGRvbi1kZXYtZm1zLTIwMjQuMDEvaW5zdGFsbC9tb2R1bGVmaWxlcy9pbnRlbC8yMDIzLjIuMC9weS1weXRob24tZGF0ZXV0aWwvMi44LjIubHVhIiwKZnVsbE5hbWUgPSAicHktcHl0aG9uLWRhdGV1dGlsLzIuOC4yIiwKbG9hZE9yZGVyID0gODQsCnByb3BUID0ge30sCnN0YWNrRGVwdGggPSAxLApzdGF0dXMgPSAiYWN0aXZlIiwKdXNlck5hbWUgPSAicHktcHl0aG9uLWRhdGV1dGlsLzIuOC4yIiwKd1YgPSAiMDAwMDAwMDAyLjAwMDAwMDAwOC4wMDAwMDAwMDIuKnpmaW5hbCIsCn0sClsicHktcHl0eiJdID0gewpmbiA9ICIvYXV0b2ZzL25jcmMtc3ZtMV9wcm9qL2VwaWMvc3BhY2stc3RhY2sv', 'SHLVL': 4, 'SCRIPTSfit2obs': '/gpfs/f6/drsa-precip3/world-shared/role.glopara/git/Fit2Obs/v1.1.7.1/scripts', 'LANGUAGE': 'en_US.UTF-8', 'libyaml_ROOT': '/autofs/ncrc-svm1_proj/epic/spack-stack/c6/spack-stack-1.6.0/envs/unified-env/install/intel/2023.2.0/libyaml-0.2.5-vnx5l76', 'ENKF_SPREAD': True, 'ARCHCOM_TO': 'hpss', 'HOMEgfs': '/gpfs/f6/gfs-cpu/scratch/Tseganeh.Gichamo/global-workflow', 'SLURM_SUBMIT_HOST': 'gaea66', 'IP_LIB8': '/autofs/ncrc-svm1_proj/epic/spack-stack/c6/spack-stack-1.6.0/envs/unified-env/install/intel/2023.2.0/ip-4.3.0-amaleyr/lib64/libip_8.a', 'DEBUG_POSTSCRIPT': False, 'G_FILENAME_ENCODING': ['@locale', 'UTF-8', 'ISO-8859-15', 'CP1252'], 'PYTHONPATH': '/autofs/ncrc-svm1_proj/epic/spack-stack/c6/spack-stack-1.6.0/envs/gsi-addon-dev-fms-2024.01/install/intel/2023.2.0/py-xarray-2023.7.0-ozoxbgs/lib/python3.11/site-packages:/autofs/ncrc-svm1_proj/epic/spack-stack/c6/spack-stack-1.6.0/envs/gsi-addon-dev-fms-2024.01/install/intel/2023.2.0/py-packaging-23.1-sep32z3/lib/python3.11/site-packages:/autofs/ncrc-svm1_proj/epic/spack-stack/c6/spack-stack-1.6.0/envs/gsi-addon-dev-fms-2024.01/install/intel/2023.2.0/py-python-dateutil-2.8.2-bxlqjfj/lib/python3.11/site-packages:/autofs/ncrc-svm1_proj/epic/spack-stack/c6/spack-stack-1.6.0/envs/gsi-addon-dev-fms-2024.01/install/intel/2023.2.0/py-six-1.16.0-j3lczkg/lib/python3.11/site-packages:/autofs/ncrc-svm1_proj/epic/spack-stack/c6/spack-stack-1.6.0/envs/gsi-addon-dev-fms-2024.01/install/intel/2023.2.0/py-pandas-1.5.3-wyb2e7x/lib/python3.11/site-packages:/autofs/ncrc-svm1_proj/epic/spack-stack/c6/spack-stack-1.6.0/envs/gsi-addon-dev-fms-2024.01/install/intel/2023.2.0/py-xlwt-1.3.0-tzgvwhp/lib/python3.11/site-packages:/autofs/ncrc-svm1_proj/epic/spack-stack/c6/spack-stack-1.6.0/envs/gsi-addon-dev-fms-2024.01/install/intel/2023.2.0/py-xlsxwriter-3.1.7-vsx375z/lib/python3.11/site-packages:/autofs/ncrc-svm1_proj/epic/spack-stack/c6/spack-stack-1.6.0/envs/gsi-addon-dev-fms-2024.01/install/intel/2023.2.0/py-xlrd-2.0.1-7f7n55b/lib/python3.11/site-packages:/autofs/ncrc-svm1_proj/epic/spack-stack/c6/spack-stack-1.6.0/envs/gsi-addon-dev-fms-2024.01/install/intel/2023.2.0/py-pyxlsb-1.0.10-yf2yish/lib/python3.11/site-packages:/autofs/ncrc-svm1_proj/epic/spack-stack/c6/spack-stack-1.6.0/envs/gsi-addon-dev-fms-2024.01/install/intel/2023.2.0/py-pytz-2023.3-wbjoep3/lib/python3.11/site-packages:/autofs/ncrc-svm1_proj/epic/spack-stack/c6/spack-stack-1.6.0/envs/gsi-addon-dev-fms-2024.01/install/intel/2023.2.0/py-openpyxl-3.1.2-3g7ehn2/lib/python3.11/site-packages:/autofs/ncrc-svm1_proj/epic/spack-stack/c6/spack-stack-1.6.0/envs/gsi-addon-dev-fms-2024.01/install/intel/2023.2.0/py-et-xmlfile-1.0.1-iprhnfe/lib/python3.11/site-packages:/autofs/ncrc-svm1_proj/epic/spack-stack/c6/spack-stack-1.6.0/envs/gsi-addon-dev-fms-2024.01/install/intel/2023.2.0/py-numexpr-2.8.4-svc4zzb/lib/python3.11/site-packages:/autofs/ncrc-svm1_proj/epic/spack-stack/c6/spack-stack-1.6.0/envs/gsi-addon-dev-fms-2024.01/install/intel/2023.2.0/py-bottleneck-1.3.7-w3cslfi/lib/python3.11/site-packages:/autofs/ncrc-svm1_proj/epic/spack-stack/c6/spack-stack-1.6.0/envs/gsi-addon-dev-fms-2024.01/install/intel/2023.2.0/py-jinja2-3.1.2-dziq6px/lib/python3.11/site-packages:/autofs/ncrc-svm1_proj/epic/spack-stack/c6/spack-stack-1.6.0/envs/gsi-addon-dev-fms-2024.01/install/intel/2023.2.0/py-markupsafe-2.1.3-izecrid/lib/python3.11/site-packages:/autofs/ncrc-svm1_proj/epic/spack-stack/c6/spack-stack-1.6.0/envs/gsi-addon-dev-fms-2024.01/install/intel/2023.2.0/py-pyyaml-6.0-g3ruzyd/lib/python3.11/site-packages:/autofs/ncrc-svm1_proj/epic/spack-stack/c6/spack-stack-1.6.0/envs/gsi-addon-dev-fms-2024.01/install/intel/2023.2.0/py-f90nml-1.4.3-sqdas3d/lib/python3.11/site-packages:/autofs/ncrc-svm1_proj/epic/spack-stack/c6/spack-stack-1.6.0/envs/gsi-addon-dev-fms-2024.01/install/intel/2023.2.0/py-netcdf4-1.5.8-444i5pm/lib/python3.11/site-packages:/autofs/ncrc-svm1_proj/epic/spack-stack/c6/spack-stack-1.6.0/envs/gsi-addon-dev-fms-2024.01/install/intel/2023.2.0/py-cftime-1.0.3.4-dgtglhq/lib/python3.11/site-packages:/autofs/ncrc-svm1_proj/epic/spack-stack/c6/spack-stack-1.6.0/envs/gsi-addon-dev-fms-2024.01/install/intel/2023.2.0/bufr-11.7.0-2pzpov2/lib64/python3.11/site-packages:/autofs/ncrc-svm1_proj/epic/spack-stack/c6/spack-stack-1.6.0/envs/gsi-addon-dev-fms-2024.01/install/intel/2023.2.0/bufr-11.7.0-2pzpov2/lib/python3.11/site-packages:/autofs/ncrc-svm1_proj/epic/spack-stack/c6/spack-stack-1.6.0/envs/gsi-addon-dev-fms-2024.01/install/intel/2023.2.0/py-numpy-1.23.4-ir4kiqb/lib/python3.11/site-packages:/autofs/ncrc-svm1_proj/epic/spack-stack/c6/spack-stack-1.6.0/envs/gsi-addon-dev-fms-2024.01/install/intel/2023.2.0/py-setuptools-63.4.3-qi6dp6j/lib/python3.11/site-packages:/gpfs/f6/gfs-cpu/scratch/Tseganeh.Gichamo/global-workflow/ush:/gpfs/f6/gfs-cpu/scratch/Tseganeh.Gichamo/global-workflow/ush/python', 'MPIF77': 'mpif77', 'SLURM_JOB_ACCOUNT': 'gfs-cpu', 'metplus_ver': '3.1.1', 'ACLOCAL_PATH': '/usr/share/aclocal:/autofs/ncrc-svm1_proj/epic/spack-stack/c6/spack-stack-1.6.0/envs/unified-env/install/intel/2023.2.0/gsl-2.7.1-2xucf2r/share/aclocal:/autofs/ncrc-svm1_proj/epic/spack-stack/c6/spack-stack-1.6.0/envs/unified-env/install/intel/2023.2.0/curl-8.4.0-bgdh3ia/share/aclocal', 'IP_LIB4': '/autofs/ncrc-svm1_proj/epic/spack-stack/c6/spack-stack-1.6.0/envs/unified-env/install/intel/2023.2.0/ip-4.3.0-amaleyr/lib64/libip_4.a', 'W3EMC_LIBd': '/autofs/ncrc-svm1_proj/epic/spack-stack/c6/spack-stack-1.6.0/envs/unified-env/install/intel/2023.2.0/w3emc-2.10.0-cqh37pl/lib64/libw3emc_d.a', 'FFLAGS': '-gcc-name=/usr/bin/gcc-12', 'netcdf_diag': True, 'DO_WAVE': False, 'MANPATH': '/usr/share/man:/autofs/ncrc-svm1_proj/epic/spack-stack/c6/spack-stack-1.6.0/envs/unified-env/install/intel/2023.2.0/nco-5.0.6-va6qtou/share/man:/autofs/ncrc-svm1_proj/epic/spack-stack/c6/spack-stack-1.6.0/envs/unified-env/install/intel/2023.2.0/gsl-2.7.1-2xucf2r/share/man:/ncrc/usw/gfdl/perlbrew/perls/perl-5.38.2/man:/autofs/ncrc-svm1_proj/epic/spack-stack/c6/spack-stack-1.6.0/envs/unified-env/install/intel/2023.2.0/parallel-netcdf-1.12.2-kgalfuo/share/man:/autofs/ncrc-svm1_proj/epic/spack-stack/c6/spack-stack-1.6.0/envs/unified-env/install/intel/2023.2.0/netcdf-fortran-4.6.1-o5cmyfx/share/man:/autofs/ncrc-svm1_proj/epic/spack-stack/c6/spack-stack-1.6.0/envs/unified-env/install/intel/2023.2.0/netcdf-c-4.9.2-ltruqgg/share/man:/autofs/ncrc-svm1_proj/epic/spack-stack/c6/spack-stack-1.6.0/envs/unified-env/install/intel/2023.2.0/zstd-1.5.2-p2wyun5/share/man:/autofs/ncrc-svm1_proj/epic/spack-stack/c6/spack-stack-1.6.0/envs/unified-env/install/intel/2023.2.0/proj-9.2.1-pbreuhx/share/man:/autofs/ncrc-svm1_proj/epic/spack-stack/c6/spack-stack-1.6.0/envs/unified-env/install/intel/2023.2.0/curl-8.4.0-bgdh3ia/share/man:/autofs/ncrc-svm1_proj/epic/spack-stack/c6/spack-stack-1.6.0/envs/unified-env/install/intel/2023.2.0/nghttp2-1.57.0-syyxr2x/share/man:/autofs/ncrc-svm1_proj/epic/spack-stack/c6/spack-stack-1.6.0/envs/unified-env/install/intel/2023.2.0/fftw-3.3.10-o2cfgjr/share/man:/autofs/ncrc-svm1_proj/epic/spack-stack/c6/spack-stack-1.6.0/envs/unified-env/install/intel/2023.2.0/libpng-1.6.37-kb3ztui/share/man:/autofs/ncrc-svm1_proj/epic/spack-stack/c6/spack-stack-1.6.0/envs/unified-env/install/intel/2023.2.0/jasper-2.0.32-grcyfa6/share/man:/autofs/ncrc-svm1_proj/epic/spack-stack/c6/spack-stack-1.6.0/envs/unified-env/install/intel/2023.2.0/libjpeg-turbo-2.1.0-csq2v6y/share/man:/autofs/ncrc-svm1_proj/epic/spack-stack/c6/spack-stack-1.6.0/envs/gsi-addon-dev-fms-2024.01/install/intel/2023.2.0/python-3.11.6-czff3ln/share/man:/autofs/ncrc-svm1_proj/epic/spack-stack/c6/spack-stack-1.6.0/envs/unified-env/install/intel/2023.2.0/util-linux-uuid-2.38.1-ueu4wkj/share/man:/autofs/ncrc-svm1_proj/epic/spack-stack/c6/spack-stack-1.6.0/envs/unified-env/install/intel/2023.2.0/sqlite-3.43.2-zckjj2i/share/man:/autofs/ncrc-svm1_proj/epic/spack-stack/c6/spack-stack-1.6.0/envs/unified-env/install/intel/2023.2.0/zlib-1.2.13-jhw3a7j/share/man:/autofs/ncrc-svm1_proj/epic/spack-stack/c6/spack-stack-1.6.0/envs/unified-env/install/intel/2023.2.0/libxcrypt-4.4.35-khoghoj/share/man:/opt/cray/pe/mpich/8.1.29/ofi/man:/opt/cray/pe/mpich/8.1.29/man/mpich:/opt/cray/libfabric/1.20.1/share/man:/opt/cray/pe/craype/2.7.30/man:/opt/intel/oneapi/compiler/2023.2.0/documentation/en/man/common:/opt/cray/pe/dsmml/0.3.1/dsmml/man:/opt/cray/pe/pmi/6.1.15/man:/opt/cray/pe/perftools/25.03.0/man:/opt/cray/pe/papi/7.2.0.1/share/pdoc/man:/opt/cray/pe/lmod/lmod/share/man:/usr/local/man:/usr/man:/opt/c3/man:/opt/puppetlabs/puppet/share/man:/opt/clmgr/man:/opt/sgi/share/man:/opt/clmgr/share/man:/opt/clmgr/lib/cm-cli/man::', 'SLURM_EXPORT_ENV': 'NONE', 'CRAY_DSMML_VERSION': '0.3.1', 'NET': 'gfs', 'INTEL_PATH': '/opt/intel/oneapi/compiler/2023.2.0', 'LMOD_FAMILY_METAMPI': 'stack-cray-mpich', 'CASE_ENS': 'C192', 'nemsio_ver': '2.5.4', 'SP_LIBd': '/autofs/ncrc-svm1_proj/epic/spack-stack/c6/spack-stack-1.6.0/envs/unified-env/install/intel/2023.2.0/sp-2.5.0-i4p7d75/lib64/libsp_d.a', 'DO_PREP_OBS_AERO': False, '_ModuleTable028_': 'MjQuMDEvaW5zdGFsbC9tb2R1bGVmaWxlcy9pbnRlbC8yMDIzLjIuMC9nc2wvMi43LjEubHVhIiwKZnVsbE5hbWUgPSAiZ3NsLzIuNy4xIiwKbG9hZE9yZGVyID0gNDYsCnByb3BUID0ge30sCnJlZl9jb3VudCA9IDIsCnN0YWNrRGVwdGggPSAyLApzdGF0dXMgPSAiYWN0aXZlIiwKdXNlck5hbWUgPSAiZ3NsLzIuNy4xIiwKd1YgPSAiMDAwMDAwMDAyLjAwMDAwMDAwNy4wMDAwMDAwMDEuKnpmaW5hbCIsCn0sCmhkZjUgPSB7CmZuID0gIi9hdXRvZnMvbmNyYy1zdm0xX3Byb2ovZXBpYy9zcGFjay1zdGFjay9jNi9zcGFjay1zdGFjay0xLjYuMC9lbnZzL2dzaS1hZGRvbi1kZXYtZm1zLTIwMjQuMDEvaW5zdGFsbC9tb2R1bGVmaWxlcy9jcmF5LW1waWNoLzguMS4yOS9pbnRlbC8y', 'SLURM_TRES_PER_TASK': 'cpu=1', 'INTEL_VERSION': '2023.2.0', 'MPICH_DIR': '/opt/cray/pe/mpich/8.1.29/ofi/intel/2022.1', 'OSCAR_HOME': '/opt/oscar', 'INCVARS_EFOLD': 5, 'HYDRA_BOOTSTRAP': 'slurm', 'python_ver': '3.11.6', 'c_blosc_ROOT': '/autofs/ncrc-svm1_proj/epic/spack-stack/c6/spack-stack-1.6.0/envs/unified-env/install/intel/2023.2.0/c-blosc-1.21.5-ndrg6bi', '_ModuleTable038_': 'IiwKd1YgPSAiMDAwMDAwMDA5LjAwMDAwMDAwMS4wMDAwMDAwMDMuKnpmaW5hbCIsCn0sCm1ldHBsdXMgPSB7CmZuID0gIi9hdXRvZnMvbmNyYy1zdm0xX3Byb2ovZXBpYy9zcGFjay1zdGFjay9jNi9zcGFjay1zdGFjay0xLjYuMC9lbnZzL2dzaS1hZGRvbi1kZXYtZm1zLTIwMjQuMDEvaW5zdGFsbC9tb2R1bGVmaWxlcy9jcmF5LW1waWNoLzguMS4yOS9pbnRlbC8yMDIzLjIuMC9tZXRwbHVzLzMuMS4xLmx1YSIsCmZ1bGxOYW1lID0gIm1ldHBsdXMvMy4xLjEiLApsb2FkT3JkZXIgPSA4OCwKcHJvcFQgPSB7fSwKc3RhY2tEZXB0aCA9IDEsCnN0YXR1cyA9ICJhY3RpdmUiLAp1c2VyTmFtZSA9ICJtZXRwbHVzLzMuMS4xIiwKd1YgPSAiMDAwMDAwMDAzLjAwMDAwMDAwMS4wMDAw', 'PE_MPICH_GTL_LIBS_nvidia90': '-lmpi_gtl_cuda', 'DOHYBVAR_OCN': False, 'COM_ICE_GRIB_GRID_TMPL': '${ROTDIR}/${RUN}.${YMD}/${HH}/${MEMDIR}/products/ice/grib2/${GRID}', 'FHMAX_WAV_GFS': 120, 'W3EMC_LIB8': '/autofs/ncrc-svm1_proj/epic/spack-stack/c6/spack-stack-1.6.0/envs/unified-env/install/intel/2023.2.0/w3emc-2.10.0-cqh37pl/lib64/libw3emc_8.a', 'CLUSTERS_DTN': 'es', 'MODULEPATH': '/gpfs/f6/drsa-precip3/world-shared/role.glopara/git/Fit2Obs/v1.1.7.1/modulefiles:/gpfs/f6/drsa-precip3/world-shared/role.glopara/git/prepobs/v1.1.0/modulefiles:/autofs/ncrc-svm1_proj/epic/spack-stack/c6/spack-stack-1.6.0/envs/gsi-addon-dev-fms-2024.01/install/modulefiles/g2tmpl/1.13.0/intel/2023.2.0:/autofs/ncrc-svm1_proj/epic/spack-stack/c6/spack-stack-1.6.0/envs/gsi-addon-dev-fms-2024.01/install/modulefiles/cray-mpich/8.1.29/intel/2023.2.0:/opt/cray/pe/lmod/modulefiles/mpi/intel/2023.2/ofi/1.0/cray-mpich/8.0:/opt/cray/pe/lmod/modulefiles/comnet/intel/2023.2/ofi/1.0:/opt/cray/pe/lmod/modulefiles/net/ofi/1.0:/autofs/ncrc-svm1_proj/epic/spack-stack/c6/spack-stack-1.6.0/envs/gsi-addon-dev-fms-2024.01/install/modulefiles/intel/2023.2.0:/opt/cray/pe/lmod/modulefiles/compiler/intel/2023.2:/opt/cray/pe/lmod/modulefiles/mix_compilers:/ncrc/proj/epic/spack-stack/c6/spack-stack-1.6.0/envs/gsi-addon-dev-fms-2024.01/install/modulefiles/Core:/gpfs/f6/gfs-cpu/scratch/Tseganeh.Gichamo/global-workflow/modulefiles:/sw/gaea-c6/spack-envs/base/modules/spack/Core:/opt/cray/pe/lmod/modulefiles/perftools/25.03.0:/opt/cray/pe/lmod/modulefiles/cpu/x86-genoa/1.0:/opt/cray/pe/modulefiles/Linux:/opt/cray/pe/modulefiles/Core:/opt/cray/pe/lmod/lmod/modulefiles/Core:/opt/cray/pe/lmod/modulefiles/core:/opt/cray/pe/lmod/modulefiles/craype-targets/default:/sw/gaea-c6/modulefiles:/opt/cray/modulefiles:/usw/hpss/modulefiles', 'CRTM_LIB': '/autofs/ncrc-svm1_proj/epic/spack-stack/c6/spack-stack-1.6.0/envs/unified-env/install/intel/2023.2.0/crtm-2.4.0.1-tmwgohs/lib/libcrtm.a', 'CRAY_MPICH_DIR': '/opt/cray/pe/mpich/8.1.29/ofi/intel/2022.1', 'jasper_ver': '2.0.32', 'restart_interval_gfs': 12, 'COM_ATMOS_INPUT_TMPL': '${ROTDIR}/${RUN}.${YMD}/${HH}/${MEMDIR}/model/atmos/input', 'IP_LIBd': '/autofs/ncrc-svm1_proj/epic/spack-stack/c6/spack-stack-1.6.0/envs/unified-env/install/intel/2023.2.0/ip-4.3.0-amaleyr/lib64/libip_d.a', 'W3EMC_LIB4': '/autofs/ncrc-svm1_proj/epic/spack-stack/c6/spack-stack-1.6.0/envs/unified-env/install/intel/2023.2.0/w3emc-2.10.0-cqh37pl/lib64/libw3emc_4.a', 'SCRIPTScfs': '/gpfs/f6/drsa-precip3/world-shared/role.glopara/git/Fit2Obs/v1.1.7.1/scripts', 'SLURM_GTIDS': 0, 'LMOD_FAMILY_CRAYPE': 'craype', 'LOGNAME': 'Tseganeh.Gichamo', 'FSYNC': '/autofs/ncrc-svm1_proj/epic/spack-stack/c6/spack-stack-1.6.0/envs/unified-env/install/intel/2023.2.0/prod-util-2.1.1-ynnwpz3/bin/fsync_file', 'crtm_ver': '2.4.0.1', 'DBUS_SESSION_BUS_ADDRESS': 'unix:path=/run/user/20579/bus', 'COM_MED_RESTART_TMPL': '${ROTDIR}/${RUN}.${YMD}/${HH}/${MEMDIR}/model/med/restart', 'DO_CALC_INCREMENT': False, 'CRAY_PMI_VERSION': '6.1.15', 'CRAY_MPICH_VERSION': '8.1.29', 'COM_ATMOS_OZNMON_TMPL': '${ROTDIR}/${RUN}.${YMD}/${HH}/${MEMDIR}/products/atmos/oznmon', 'XDG_RUNTIME_DIR': '/run/user/20579', 'netcdf_fortran_ver': '4.6.1', 'CRTM_INC': '/autofs/ncrc-svm1_proj/epic/spack-stack/c6/spack-stack-1.6.0/envs/unified-env/install/intel/2023.2.0/crtm-2.4.0.1-tmwgohs/include', 'COM_ATMOS_WMO_TMPL': '${ROTDIR}/${RUN}.${YMD}/${HH}/${MEMDIR}/products/atmos/wmo', 'MKLROOT': '/opt/intel/oneapi/mkl/2023.2.0', 'MODE': 'cycled', 'CNVGRIB': '/autofs/ncrc-svm1_proj/epic/spack-stack/c6/spack-stack-1.6.0/envs/gsi-addon-dev-fms-2024.01/install/intel/2023.2.0/grib-util-1.3.0-smauszx/bin/cnvgrib', 'NOSCRUB': '/gpfs/f6/gfs-cpu/world-shared/Tseganeh.Gichamo', 'FIXgfs': '/gpfs/f6/gfs-cpu/scratch/Tseganeh.Gichamo/global-workflow/fix', 'err': 0, 'MODULEPATH_ROOT': '/opt/cray/pe/modulefiles', 'FHOUT_WAV_GFS': 3, 'FHOUT_GOES': 3, '__LMOD_REF_COUNT_PE_INTEL_FIXED_PKGCONFIG_PATH': '/opt/cray/pe/mpich/8.1.29/ofi/intel/2022.1/lib/pkgconfig:1', 'USHgfs': '/gpfs/f6/gfs-cpu/scratch/Tseganeh.Gichamo/global-workflow/ush', 'esmf_ver': '8.6.0', 'FHOUT_HF_GFS': 1, 'SENDECF': False, 'PE_MPICH_GTL_LIBS_amd_gfx906': '-lmpi_gtl_hsa', 'COM_OCEAN_GRIB_TMPL': '${ROTDIR}/${RUN}.${YMD}/${HH}/${MEMDIR}/products/ocean/grib2', 'JRE_HOME': '/usr/lib64/jvm/java-11-openjdk-11', 'PE_DSMML_PKGCONFIG_LIBS': 'dsmml', 'COM_OCEAN_ANLMON_TMPL': '${ROTDIR}/${RUN}.${YMD}/${HH}/${MEMDIR}/products/ocean/anlmon', 'py_pytz_ROOT': '/autofs/ncrc-svm1_proj/epic/spack-stack/c6/spack-stack-1.6.0/envs/gsi-addon-dev-fms-2024.01/install/intel/2023.2.0/py-pytz-2023.3-wbjoep3', 'SP_INC4': 'include_4', 'gettext_ROOT': '/usr', 'PARTITION_DTN': 'dtn_f5_f6', 'ENSGRP': 4, '_ModuleTable025_': 'aW5hbCIsCn0sCmdtYWtlID0gewpmbiA9ICIvYXV0b2ZzL25jcmMtc3ZtMV9wcm9qL2VwaWMvc3BhY2stc3RhY2svYzYvc3BhY2stc3RhY2stMS42LjAvZW52cy9nc2ktYWRkb24tZGV2LWZtcy0yMDI0LjAxL2luc3RhbGwvbW9kdWxlZmlsZXMvaW50ZWwvMjAyMy4yLjAvZ21ha2UvNC4yLjEubHVhIiwKZnVsbE5hbWUgPSAiZ21ha2UvNC4yLjEiLApsb2FkT3JkZXIgPSA2NCwKcHJvcFQgPSB7fSwKcmVmX2NvdW50ID0gMSwKc3RhY2tEZXB0aCA9IDIsCnN0YXR1cyA9ICJhY3RpdmUiLAp1c2VyTmFtZSA9ICJnbWFrZS80LjIuMSIsCndWID0gIjAwMDAwMDAwNC4wMDAwMDAwMDIuMDAwMDAwMDAxLip6ZmluYWwiLAp9LApbImdyaWItdXRpbCJdID0gewpmbiA9ICIvYXV0b2ZzL25j', 'py_setuptools_ROOT': '/autofs/ncrc-svm1_proj/epic/spack-stack/c6/spack-stack-1.6.0/envs/gsi-addon-dev-fms-2024.01/install/intel/2023.2.0/py-setuptools-63.4.3-qi6dp6j', 'DO_JEDIATMENS': False, 'SP_INC8': 'include_8', 'BUFR_INCd': '/autofs/ncrc-svm1_proj/epic/spack-stack/c6/spack-stack-1.6.0/envs/gsi-addon-dev-fms-2024.01/install/intel/2023.2.0/bufr-11.7.0-2pzpov2/include/bufr_d', 'KEEPDATA': False, 'XDG_CONFIG_DIRS': '/etc/xdg', 'MAKE_ACFTBUFR': False, '_ModuleTable059_': 'PSAiYWN0aXZlIiwKdXNlck5hbWUgPSAicHktamluamEyLzMuMS4yIiwKd1YgPSAiMDAwMDAwMDAzLjAwMDAwMDAwMS4wMDAwMDAwMDIuKnpmaW5hbCIsCn0sClsicHktbWFya3Vwc2FmZSJdID0gewpmbiA9ICIvYXV0b2ZzL25jcmMtc3ZtMV9wcm9qL2VwaWMvc3BhY2stc3RhY2svYzYvc3BhY2stc3RhY2stMS42LjAvZW52cy9nc2ktYWRkb24tZGV2LWZtcy0yMDI0LjAxL2luc3RhbGwvbW9kdWxlZmlsZXMvaW50ZWwvMjAyMy4yLjAvcHktbWFya3Vwc2FmZS8yLjEuMy5sdWEiLApmdWxsTmFtZSA9ICJweS1tYXJrdXBzYWZlLzIuMS4zIiwKbG9hZE9yZGVyID0gNzEsCnByb3BUID0ge30sCnJlZl9jb3VudCA9IDEsCnN0YWNrRGVwdGggPSAyLApzdGF0dXMgPSAiYWN0aXZlIiwK', 'SLURM_RESTART_COUNT': 65, 'PATH': '/usw/hpss/9.3/bin:/autofs/ncrc-svm1_proj/epic/spack-stack/c6/spack-stack-1.6.0/envs/gsi-addon-dev-fms-2024.01/install/intel/2023.2.0/metplus-3.1.1-dpwuzh3/ush:/autofs/ncrc-svm1_proj/epic/spack-stack/c6/spack-stack-1.6.0/envs/gsi-addon-dev-fms-2024.01/install/intel/2023.2.0/met-9.1.3-kwvpto3/bin:/autofs/ncrc-svm1_proj/epic/spack-stack/c6/spack-stack-1.6.0/envs/unified-env/install/intel/2023.2.0/netcdf-cxx4-4.3.1-2nfkojj/bin:/autofs/ncrc-svm1_proj/epic/spack-stack/c6/spack-stack-1.6.0/envs/gsi-addon-dev-fms-2024.01/install/intel/2023.2.0/py-xlsxwriter-3.1.7-vsx375z/bin:/autofs/ncrc-svm1_proj/epic/spack-stack/c6/spack-stack-1.6.0/envs/gsi-addon-dev-fms-2024.01/install/intel/2023.2.0/py-xlrd-2.0.1-7f7n55b/bin:/autofs/ncrc-svm1_proj/epic/spack-stack/c6/spack-stack-1.6.0/envs/gsi-addon-dev-fms-2024.01/install/intel/2023.2.0/py-f90nml-1.4.3-sqdas3d/bin:/autofs/ncrc-svm1_proj/epic/spack-stack/c6/spack-stack-1.6.0/envs/gsi-addon-dev-fms-2024.01/install/intel/2023.2.0/py-netcdf4-1.5.8-444i5pm/bin:/autofs/ncrc-svm1_proj/epic/spack-stack/c6/spack-stack-1.6.0/envs/unified-env/install/intel/2023.2.0/wgrib2-2.0.8-ptvhuof/bin:/autofs/ncrc-svm1_proj/epic/spack-stack/c6/spack-stack-1.6.0/envs/gsi-addon-dev-fms-2024.01/install/intel/2023.2.0/bufr-11.7.0-2pzpov2/bin:/autofs/ncrc-svm1_proj/epic/spack-stack/c6/spack-stack-1.6.0/envs/gsi-addon-dev-fms-2024.01/install/intel/2023.2.0/py-numpy-1.23.4-ir4kiqb/bin:/autofs/ncrc-svm1_proj/epic/spack-stack/c6/spack-stack-1.6.0/envs/unified-env/install/intel/2023.2.0/openblas-0.3.24-ctgqvko/bin:/autofs/ncrc-svm1_proj/epic/spack-stack/c6/spack-stack-1.6.0/envs/unified-env/install/intel/2023.2.0/gsi-ncdiag-1.1.2-kja6biq/bin:/autofs/ncrc-svm1_proj/epic/spack-stack/c6/spack-stack-1.6.0/envs/gsi-addon-dev-fms-2024.01/install/intel/2023.2.0/grib-util-1.3.0-smauszx/bin:/autofs/ncrc-svm1_proj/epic/spack-stack/c6/spack-stack-1.6.0/envs/unified-env/install/intel/2023.2.0/prod-util-2.1.1-ynnwpz3/bin:/autofs/ncrc-svm1_proj/epic/spack-stack/c6/spack-stack-1.6.0/envs/unified-env/install/intel/2023.2.0/nco-5.0.6-va6qtou/bin:/autofs/ncrc-svm1_proj/epic/spack-stack/c6/spack-stack-1.6.0/envs/unified-env/install/intel/2023.2.0/gsl-2.7.1-2xucf2r/bin:/autofs/ncrc-svm1_proj/epic/spack-stack/c6/spack-stack-1.6.0/envs/unified-env/install/intel/2023.2.0/antlr-2.7.7-d6cugnw/bin:/ncrc/usw/gfdl/perlbrew/bin:/ncrc/usw/gfdl/perlbrew/perls/perl-5.38.2/bin:/autofs/ncrc-svm1_proj/epic/spack-stack/c6/spack-stack-1.6.0/envs/unified-env/install/intel/2023.2.0/esmf-8.6.0-edn2jda/bin:/autofs/ncrc-svm1_proj/epic/spack-stack/c6/spack-stack-1.6.0/envs/unified-env/install/intel/2023.2.0/parallel-netcdf-1.12.2-kgalfuo/bin:/autofs/ncrc-svm1_proj/epic/spack-stack/c6/spack-stack-1.6.0/envs/unified-env/install/intel/2023.2.0/netcdf-fortran-4.6.1-o5cmyfx/bin:/autofs/ncrc-svm1_proj/epic/spack-stack/c6/spack-stack-1.6.0/envs/unified-env/install/intel/2023.2.0/netcdf-c-4.9.2-ltruqgg/bin:/autofs/ncrc-svm1_proj/epic/spack-stack/c6/spack-stack-1.6.0/envs/unified-env/install/intel/2023.2.0/zstd-1.5.2-p2wyun5/bin:/autofs/ncrc-svm1_proj/epic/spack-stack/c6/spack-stack-1.6.0/envs/unified-env/install/intel/2023.2.0/hdf5-1.14.0-qyuwquo/bin:/autofs/ncrc-svm1_proj/epic/spack-stack/c6/spack-stack-1.6.0/envs/unified-env/install/intel/2023.2.0/cdo-2.2.0-bvuijzr/bin:/autofs/ncrc-svm1_proj/epic/spack-stack/c6/spack-stack-1.6.0/envs/unified-env/install/intel/2023.2.0/udunits-2.2.28-huyn2lv/bin:/autofs/ncrc-svm1_proj/epic/spack-stack/c6/spack-stack-1.6.0/envs/unified-env/install/intel/2023.2.0/proj-9.2.1-pbreuhx/bin:/autofs/ncrc-svm1_proj/epic/spack-stack/c6/spack-stack-1.6.0/envs/unified-env/install/intel/2023.2.0/curl-8.4.0-bgdh3ia/bin:/autofs/ncrc-svm1_proj/epic/spack-stack/c6/spack-stack-1.6.0/envs/unified-env/install/intel/2023.2.0/nghttp2-1.57.0-syyxr2x/bin:/autofs/ncrc-svm1_proj/epic/spack-stack/c6/spack-stack-1.6.0/envs/unified-env/install/intel/2023.2.0/fftw-3.3.10-o2cfgjr/bin:/autofs/ncrc-svm1_proj/epic/spack-stack/c6/spack-stack-1.6.0/envs/unified-env/install/intel/2023.2.0/libpng-1.6.37-kb3ztui/bin:/autofs/ncrc-svm1_proj/epic/spack-stack/c6/spack-stack-1.6.0/envs/unified-env/install/intel/2023.2.0/jasper-2.0.32-grcyfa6/bin:/autofs/ncrc-svm1_proj/epic/spack-stack/c6/spack-stack-1.6.0/envs/unified-env/install/intel/2023.2.0/libjpeg-turbo-2.1.0-csq2v6y/bin:/autofs/ncrc-svm1_proj/epic/spack-stack/c6/spack-stack-1.6.0/envs/gsi-addon-dev-fms-2024.01/install/intel/2023.2.0/python-3.11.6-czff3ln/bin:/autofs/ncrc-svm1_proj/epic/spack-stack/c6/spack-stack-1.6.0/envs/unified-env/install/intel/2023.2.0/util-linux-uuid-2.38.1-ueu4wkj/bin:/autofs/ncrc-svm1_proj/epic/spack-stack/c6/spack-stack-1.6.0/envs/unified-env/install/intel/2023.2.0/sqlite-3.43.2-zckjj2i/bin:/opt/cray/pe/mpich/8.1.29/ofi/intel/2022.1/bin:/opt/cray/pe/mpich/8.1.29/bin:/opt/cray/libfabric/1.20.1/bin:/opt/cray/pe/craype/2.7.30/bin:/opt/intel/oneapi/mkl/2023.2.0/bin/intel64:/opt/intel/oneapi/compiler/2023.2.0/linux/lib/oclfpga/bin:/opt/intel/oneapi/compiler/2023.2.0/linux/bin/intel64:/opt/intel/oneapi/compiler/2023.2.0/linux/bin:/opt/cray/pe/perftools/25.03.0/bin:/opt/cray/pe/papi/7.2.0.1/bin:/ncrc/home2/Tseganeh.Gichamo/bin:/opt/clmgr/sbin:/opt/clmgr/bin:/opt/sgi/sbin:/opt/sgi/bin:/usr/local/bin:/usr/bin:/bin:/opt/bin:/opt/c3/bin:/usr/lib/mit/bin:/usr/lib/mit/sbin:/opt/puppetlabs/bin:/sbin:/usr/lpp/mmfs/bin:/opt/cray/pe/bin', '_ModuleTable078_': 'L2ludGVsLzIwMjMuMi4wL3NxbGl0ZS8zLjQzLjIubHVhIiwKZnVsbE5hbWUgPSAic3FsaXRlLzMuNDMuMiIsCmxvYWRPcmRlciA9IDIwLApwcm9wVCA9IHt9LApyZWZfY291bnQgPSAyLApzdGFja0RlcHRoID0gMiwKc3RhdHVzID0gImFjdGl2ZSIsCnVzZXJOYW1lID0gInNxbGl0ZS8zLjQzLjIiLAp3ViA9ICIwMDAwMDAwMDMuMDAwMDAwMDQzLjAwMDAwMDAwMi4qemZpbmFsIiwKfSwKWyJzdGFjay1jcmF5LW1waWNoIl0gPSB7CmFjdGlvbkEgPSB7CiJwcmVwZW5kX3BhdGgoXCJNT0RVTEVQQVRIXCIsXCIvYXV0b2ZzL25jcmMtc3ZtMV9wcm9qL2VwaWMvc3BhY2stc3RhY2svYzYvc3BhY2stc3RhY2stMS42LjAvZW52cy9nc2ktYWRkb24tZGV2LWZtcy0yMDI0LjAxL2luc3Rh', 'DO_TRACKER': True, 'PE_MPICH_GTL_LIBS_amd_gfx908': '-lmpi_gtl_hsa', 'SLURM_JOB_ID': 70069749, 'JAVA_BINDIR': '/usr/lib64/jvm/java-11-openjdk-11/bin', '_ModuleTable014_': 'dm0xX3Byb2ovZXBpYy9zcGFjay1zdGFjay9jNi9zcGFjay1zdGFjay0xLjYuMC9lbnZzL2dzaS1hZGRvbi1kZXYtZm1zLTIwMjQuMDEvaW5zdGFsbC9tb2R1bGVmaWxlcy9jcmF5LW1waWNoLzguMS4yOS9pbnRlbC8yMDIzLjIuMC9jcnRtLzIuNC4wLjEubHVhIiwKZnVsbE5hbWUgPSAiY3J0bS8yLjQuMC4xIiwKbG9hZE9yZGVyID0gNTksCnByb3BUID0ge30sCnN0YWNrRGVwdGggPSAxLApzdGF0dXMgPSAiYWN0aXZlIiwKdXNlck5hbWUgPSAiY3J0bS8yLjQuMC4xIiwKd1YgPSAiMDAwMDAwMDAyLjAwMDAwMDAwNC4wMDAwMDAwMDAuMDAwMDAwMDAxLip6ZmluYWwiLAp9LApbImNydG0tZml4Il0gPSB7CmZuID0gIi9hdXRvZnMvbmNyYy1zdm0xX3Byb2ovZXBpYy9zcGFjay1z', 'PE_MPICH_GTL_DIR_nvidia90': '-L/opt/cray/pe/mpich/8.1.29/gtl/lib', '__LMOD_REF_COUNT_PE_PRODUCT_LIST': 'CRAYPE:1;CRAY_PMI:1;CRAYPE_X86_GENOA:1;PERFTOOLS:1;CRAYPAT:1', 'py_xarray_ver': '2023.7.0', 'ARCH_GAUSSIAN': True, '_LMFILES_': '/opt/cray/pe/lmod/modulefiles/craype-targets/default/craype-x86-genoa.lua:/opt/cray/pe/lmod/modulefiles/core/perftools-base/25.03.0.lua:/opt/cray/modulefiles/xpmem/2.9.6-1.1_20240510205610__g087dc11fc19d:/opt/cray/pe/lmod/modulefiles/core/cray-pmi/6.1.15.lua:/sw/gaea-c6/modulefiles/CmrsEnv/default:/sw/gaea-c6/modulefiles/TimeZoneEDT/default:/sw/gaea-c6/modulefiles/DefApps/default.lua:/opt/cray/pe/lmod/modulefiles/core/cray-dsmml/0.3.1.lua:/opt/cray/pe/lmod/modulefiles/core/PrgEnv-intel/8.5.0.lua:/opt/cray/pe/lmod/modulefiles/core/intel-classic/2023.2.0.lua:/opt/cray/pe/lmod/modulefiles/core/craype/2.7.30.lua:/ncrc/proj/epic/spack-stack/c6/spack-stack-1.6.0/envs/gsi-addon-dev-fms-2024.01/install/modulefiles/Core/stack-intel/2023.2.0.lua:/opt/cray/modulefiles/libfabric/1.20.1:/opt/cray/pe/lmod/modulefiles/craype-targets/default/craype-network-ofi.lua:/opt/cray/pe/lmod/modulefiles/comnet/intel/2023.2/ofi/1.0/cray-mpich/8.1.29.lua:/autofs/ncrc-svm1_proj/epic/spack-stack/c6/spack-stack-1.6.0/envs/gsi-addon-dev-fms-2024.01/install/modulefiles/intel/2023.2.0/stack-cray-mpich/8.1.29.lua:/autofs/ncrc-svm1_proj/epic/spack-stack/c6/spack-stack-1.6.0/envs/gsi-addon-dev-fms-2024.01/install/modulefiles/intel/2023.2.0/gettext/0.20.2.lua:/autofs/ncrc-svm1_proj/epic/spack-stack/c6/spack-stack-1.6.0/envs/gsi-addon-dev-fms-2024.01/install/modulefiles/intel/2023.2.0/libxcrypt/4.4.35.lua:/autofs/ncrc-svm1_proj/epic/spack-stack/c6/spack-stack-1.6.0/envs/gsi-addon-dev-fms-2024.01/install/modulefiles/intel/2023.2.0/zlib/1.2.13.lua:/autofs/ncrc-svm1_proj/epic/spack-stack/c6/spack-stack-1.6.0/envs/gsi-addon-dev-fms-2024.01/install/modulefiles/intel/2023.2.0/sqlite/3.43.2.lua:/autofs/ncrc-svm1_proj/epic/spack-stack/c6/spack-stack-1.6.0/envs/gsi-addon-dev-fms-2024.01/install/modulefiles/intel/2023.2.0/util-linux-uuid/2.38.1.lua:/autofs/ncrc-svm1_proj/epic/spack-stack/c6/spack-stack-1.6.0/envs/gsi-addon-dev-fms-2024.01/install/modulefiles/intel/2023.2.0/python/3.11.6.lua:/autofs/ncrc-svm1_proj/epic/spack-stack/c6/spack-stack-1.6.0/envs/gsi-addon-dev-fms-2024.01/install/modulefiles/intel/2023.2.0/libjpeg/2.1.0.lua:/autofs/ncrc-svm1_proj/epic/spack-stack/c6/spack-stack-1.6.0/envs/gsi-addon-dev-fms-2024.01/install/modulefiles/intel/2023.2.0/jasper/2.0.32.lua:/autofs/ncrc-svm1_proj/epic/spack-stack/c6/spack-stack-1.6.0/envs/gsi-addon-dev-fms-2024.01/install/modulefiles/intel/2023.2.0/libpng/1.6.37.lua:/autofs/ncrc-svm1_proj/epic/spack-stack/c6/spack-stack-1.6.0/envs/gsi-addon-dev-fms-2024.01/install/modulefiles/intel/2023.2.0/openjpeg/2.3.1.lua:/autofs/ncrc-svm1_proj/epic/spack-stack/c6/spack-stack-1.6.0/envs/gsi-addon-dev-fms-2024.01/install/modulefiles/intel/2023.2.0/eccodes/2.32.0.lua:/autofs/ncrc-svm1_proj/epic/spack-stack/c6/spack-stack-1.6.0/envs/gsi-addon-dev-fms-2024.01/install/modulefiles/cray-mpich/8.1.29/intel/2023.2.0/fftw/3.3.10.lua:/autofs/ncrc-svm1_proj/epic/spack-stack/c6/spack-stack-1.6.0/envs/gsi-addon-dev-fms-2024.01/install/modulefiles/intel/2023.2.0/nghttp2/1.57.0.lua:/autofs/ncrc-svm1_proj/epic/spack-stack/c6/spack-stack-1.6.0/envs/gsi-addon-dev-fms-2024.01/install/modulefiles/intel/2023.2.0/curl/8.4.0.lua:/autofs/ncrc-svm1_proj/epic/spack-stack/c6/spack-stack-1.6.0/envs/gsi-addon-dev-fms-2024.01/install/modulefiles/intel/2023.2.0/proj/9.2.1.lua:/autofs/ncrc-svm1_proj/epic/spack-stack/c6/spack-stack-1.6.0/envs/gsi-addon-dev-fms-2024.01/install/modulefiles/intel/2023.2.0/udunits/2.2.28.lua:/autofs/ncrc-svm1_proj/epic/spack-stack/c6/spack-stack-1.6.0/envs/gsi-addon-dev-fms-2024.01/install/modulefiles/cray-mpich/8.1.29/intel/2023.2.0/cdo/2.2.0.lua:/autofs/ncrc-svm1_proj/epic/spack-stack/c6/spack-stack-1.6.0/envs/gsi-addon-dev-fms-2024.01/install/modulefiles/intel/2023.2.0/pkg-config/0.29.2.lua:/autofs/ncrc-svm1_proj/epic/spack-stack/c6/spack-stack-1.6.0/envs/gsi-addon-dev-fms-2024.01/install/modulefiles/cray-mpich/8.1.29/intel/2023.2.0/hdf5/1.14.0.lua:/autofs/ncrc-svm1_proj/epic/spack-stack/c6/spack-stack-1.6.0/envs/gsi-addon-dev-fms-2024.01/install/modulefiles/intel/2023.2.0/snappy/1.1.10.lua:/autofs/ncrc-svm1_proj/epic/spack-stack/c6/spack-stack-1.6.0/envs/gsi-addon-dev-fms-2024.01/install/modulefiles/intel/2023.2.0/zstd/1.5.2.lua:/autofs/ncrc-svm1_proj/epic/spack-stack/c6/spack-stack-1.6.0/envs/gsi-addon-dev-fms-2024.01/install/modulefiles/intel/2023.2.0/c-blosc/1.21.5.lua:/autofs/ncrc-svm1_proj/epic/spack-stack/c6/spack-stack-1.6.0/envs/gsi-addon-dev-fms-2024.01/install/modulefiles/cray-mpich/8.1.29/intel/2023.2.0/netcdf-c/4.9.2.lua:/autofs/ncrc-svm1_proj/epic/spack-stack/c6/spack-stack-1.6.0/envs/gsi-addon-dev-fms-2024.01/install/modulefiles/cray-mpich/8.1.29/intel/2023.2.0/netcdf-fortran/4.6.1.lua:/autofs/ncrc-svm1_proj/epic/spack-stack/c6/spack-stack-1.6.0/envs/gsi-addon-dev-fms-2024.01/install/modulefiles/cray-mpich/8.1.29/intel/2023.2.0/parallel-netcdf/1.12.2.lua:/autofs/ncrc-svm1_proj/epic/spack-stack/c6/spack-stack-1.6.0/envs/gsi-addon-dev-fms-2024.01/install/modulefiles/cray-mpich/8.1.29/intel/2023.2.0/parallelio/2.5.10.lua:/autofs/ncrc-svm1_proj/epic/spack-stack/c6/spack-stack-1.6.0/envs/gsi-addon-dev-fms-2024.01/install/modulefiles/cray-mpich/8.1.29/intel/2023.2.0/esmf/8.6.0.lua:/sw/gaea-c6/modulefiles/perlbrew/5.38.2:/autofs/ncrc-svm1_proj/epic/spack-stack/c6/spack-stack-1.6.0/envs/gsi-addon-dev-fms-2024.01/install/modulefiles/intel/2023.2.0/antlr/2.7.7.lua:/autofs/ncrc-svm1_proj/epic/spack-stack/c6/spack-stack-1.6.0/envs/gsi-addon-dev-fms-2024.01/install/modulefiles/intel/2023.2.0/gsl/2.7.1.lua:/autofs/ncrc-svm1_proj/epic/spack-stack/c6/spack-stack-1.6.0/envs/gsi-addon-dev-fms-2024.01/install/modulefiles/cray-mpich/8.1.29/intel/2023.2.0/nco/5.0.6.lua:/autofs/ncrc-svm1_proj/epic/spack-stack/c6/spack-stack-1.6.0/envs/gsi-addon-dev-fms-2024.01/install/modulefiles/intel/2023.2.0/bacio/2.4.1.lua:/autofs/ncrc-svm1_proj/epic/spack-stack/c6/spack-stack-1.6.0/envs/gsi-addon-dev-fms-2024.01/install/modulefiles/intel/2023.2.0/w3emc/2.10.0.lua:/autofs/ncrc-svm1_proj/epic/spack-stack/c6/spack-stack-1.6.0/envs/gsi-addon-dev-fms-2024.01/install/modulefiles/intel/2023.2.0/prod_util/2.1.1.lua:/autofs/ncrc-svm1_proj/epic/spack-stack/c6/spack-stack-1.6.0/envs/gsi-addon-dev-fms-2024.01/install/modulefiles/intel/2023.2.0/g2/3.4.5.lua:/autofs/ncrc-svm1_proj/epic/spack-stack/c6/spack-stack-1.6.0/envs/gsi-addon-dev-fms-2024.01/install/modulefiles/intel/2023.2.0/sp/2.5.0.lua:/autofs/ncrc-svm1_proj/epic/spack-stack/c6/spack-stack-1.6.0/envs/gsi-addon-dev-fms-2024.01/install/modulefiles/intel/2023.2.0/ip/4.3.0.lua:/autofs/ncrc-svm1_proj/epic/spack-stack/c6/spack-stack-1.6.0/envs/gsi-addon-dev-fms-2024.01/install/modulefiles/intel/2023.2.0/grib-util/1.3.0.lua:/autofs/ncrc-svm1_proj/epic/spack-stack/c6/spack-stack-1.6.0/envs/gsi-addon-dev-fms-2024.01/install/modulefiles/intel/2023.2.0/g2tmpl/1.13.0.lua:/autofs/ncrc-svm1_proj/epic/spack-stack/c6/spack-stack-1.6.0/envs/gsi-addon-dev-fms-2024.01/install/modulefiles/cray-mpich/8.1.29/intel/2023.2.0/gsi-ncdiag/1.1.2.lua:/autofs/ncrc-svm1_proj/epic/spack-stack/c6/spack-stack-1.6.0/envs/gsi-addon-dev-fms-2024.01/install/modulefiles/intel/2023.2.0/crtm-fix/2.4.0.1_emc.lua:/autofs/ncrc-svm1_proj/epic/spack-stack/c6/spack-stack-1.6.0/envs/gsi-addon-dev-fms-2024.01/install/modulefiles/intel/2023.2.0/git-lfs/2.11.0.lua:/autofs/ncrc-svm1_proj/epic/spack-stack/c6/spack-stack-1.6.0/envs/gsi-addon-dev-fms-2024.01/install/modulefiles/cray-mpich/8.1.29/intel/2023.2.0/crtm/2.4.0.1.lua:/autofs/ncrc-svm1_proj/epic/spack-stack/c6/spack-stack-1.6.0/envs/gsi-addon-dev-fms-2024.01/install/modulefiles/intel/2023.2.0/openblas/0.3.24.lua:/autofs/ncrc-svm1_proj/epic/spack-stack/c6/spack-stack-1.6.0/envs/gsi-addon-dev-fms-2024.01/install/modulefiles/intel/2023.2.0/py-setuptools/63.4.3.lua:/autofs/ncrc-svm1_proj/epic/spack-stack/c6/spack-stack-1.6.0/envs/gsi-addon-dev-fms-2024.01/install/modulefiles/intel/2023.2.0/py-numpy/1.23.4.lua:/autofs/ncrc-svm1_proj/epic/spack-stack/c6/spack-stack-1.6.0/envs/gsi-addon-dev-fms-2024.01/install/modulefiles/intel/2023.2.0/bufr/11.7.0.lua:/autofs/ncrc-svm1_proj/epic/spack-stack/c6/spack-stack-1.6.0/envs/gsi-addon-dev-fms-2024.01/install/modulefiles/intel/2023.2.0/gmake/4.2.1.lua:/autofs/ncrc-svm1_proj/epic/spack-stack/c6/spack-stack-1.6.0/envs/gsi-addon-dev-fms-2024.01/install/modulefiles/intel/2023.2.0/wgrib2/2.0.8.lua:/autofs/ncrc-svm1_proj/epic/spack-stack/c6/spack-stack-1.6.0/envs/gsi-addon-dev-fms-2024.01/install/modulefiles/intel/2023.2.0/py-cftime/1.0.3.4.lua:/autofs/ncrc-svm1_proj/epic/spack-stack/c6/spack-stack-1.6.0/envs/gsi-addon-dev-fms-2024.01/install/modulefiles/cray-mpich/8.1.29/intel/2023.2.0/py-netcdf4/1.5.8.lua:/autofs/ncrc-svm1_proj/epic/spack-stack/c6/spack-stack-1.6.0/envs/gsi-addon-dev-fms-2024.01/install/modulefiles/intel/2023.2.0/py-f90nml/1.4.3.lua:/autofs/ncrc-svm1_proj/epic/spack-stack/c6/spack-stack-1.6.0/envs/gsi-addon-dev-fms-2024.01/install/modulefiles/intel/2023.2.0/libyaml/0.2.5.lua:/autofs/ncrc-svm1_proj/epic/spack-stack/c6/spack-stack-1.6.0/envs/gsi-addon-dev-fms-2024.01/install/modulefiles/intel/2023.2.0/py-pyyaml/6.0.lua:/autofs/ncrc-svm1_proj/epic/spack-stack/c6/spack-stack-1.6.0/envs/gsi-addon-dev-fms-2024.01/install/modulefiles/intel/2023.2.0/py-markupsafe/2.1.3.lua:/autofs/ncrc-svm1_proj/epic/spack-stack/c6/spack-stack-1.6.0/envs/gsi-addon-dev-fms-2024.01/install/modulefiles/intel/2023.2.0/py-jinja2/3.1.2.lua:/autofs/ncrc-svm1_proj/epic/spack-stack/c6/spack-stack-1.6.0/envs/gsi-addon-dev-fms-2024.01/install/modulefiles/intel/2023.2.0/py-bottleneck/1.3.7.lua:/autofs/ncrc-svm1_proj/epic/spack-stack/c6/spack-stack-1.6.0/envs/gsi-addon-dev-fms-2024.01/install/modulefiles/intel/2023.2.0/py-numexpr/2.8.4.lua:/autofs/ncrc-svm1_proj/epic/spack-stack/c6/spack-stack-1.6.0/envs/gsi-addon-dev-fms-2024.01/install/modulefiles/intel/2023.2.0/py-et-xmlfile/1.0.1.lua:/autofs/ncrc-svm1_proj/epic/spack-stack/c6/spack-stack-1.6.0/envs/gsi-addon-dev-fms-2024.01/install/modulefiles/intel/2023.2.0/py-openpyxl/3.1.2.lua:/autofs/ncrc-svm1_proj/epic/spack-stack/c6/spack-stack-1.6.0/envs/gsi-addon-dev-fms-2024.01/install/modulefiles/intel/2023.2.0/py-pytz/2023.3.lua:/autofs/ncrc-svm1_proj/epic/spack-stack/c6/spack-stack-1.6.0/envs/gsi-addon-dev-fms-2024.01/install/modulefiles/intel/2023.2.0/py-pyxlsb/1.0.10.lua:/autofs/ncrc-svm1_proj/epic/spack-stack/c6/spack-stack-1.6.0/envs/gsi-addon-dev-fms-2024.01/install/modulefiles/intel/2023.2.0/py-xlrd/2.0.1.lua:/autofs/ncrc-svm1_proj/epic/spack-stack/c6/spack-stack-1.6.0/envs/gsi-addon-dev-fms-2024.01/install/modulefiles/intel/2023.2.0/py-xlsxwriter/3.1.7.lua:/autofs/ncrc-svm1_proj/epic/spack-stack/c6/spack-stack-1.6.0/envs/gsi-addon-dev-fms-2024.01/install/modulefiles/intel/2023.2.0/py-xlwt/1.3.0.lua:/autofs/ncrc-svm1_proj/epic/spack-stack/c6/spack-stack-1.6.0/envs/gsi-addon-dev-fms-2024.01/install/modulefiles/intel/2023.2.0/py-pandas/1.5.3.lua:/autofs/ncrc-svm1_proj/epic/spack-stack/c6/spack-stack-1.6.0/envs/gsi-addon-dev-fms-2024.01/install/modulefiles/intel/2023.2.0/py-six/1.16.0.lua:/autofs/ncrc-svm1_proj/epic/spack-stack/c6/spack-stack-1.6.0/envs/gsi-addon-dev-fms-2024.01/install/modulefiles/intel/2023.2.0/py-python-dateutil/2.8.2.lua:/autofs/ncrc-svm1_proj/epic/spack-stack/c6/spack-stack-1.6.0/envs/gsi-addon-dev-fms-2024.01/install/modulefiles/intel/2023.2.0/g2c/1.8.0.lua:/autofs/ncrc-svm1_proj/epic/spack-stack/c6/spack-stack-1.6.0/envs/gsi-addon-dev-fms-2024.01/install/modulefiles/cray-mpich/8.1.29/intel/2023.2.0/netcdf-cxx4/4.3.1.lua:/autofs/ncrc-svm1_proj/epic/spack-stack/c6/spack-stack-1.6.0/envs/gsi-addon-dev-fms-2024.01/install/modulefiles/cray-mpich/8.1.29/intel/2023.2.0/met/9.1.3.lua:/autofs/ncrc-svm1_proj/epic/spack-stack/c6/spack-stack-1.6.0/envs/gsi-addon-dev-fms-2024.01/install/modulefiles/cray-mpich/8.1.29/intel/2023.2.0/metplus/3.1.1.lua:/autofs/ncrc-svm1_proj/epic/spack-stack/c6/spack-stack-1.6.0/envs/gsi-addon-dev-fms-2024.01/install/modulefiles/intel/2023.2.0/py-packaging/23.1.lua:/autofs/ncrc-svm1_proj/epic/spack-stack/c6/spack-stack-1.6.0/envs/gsi-addon-dev-fms-2024.01/install/modulefiles/intel/2023.2.0/py-xarray/2023.7.0.lua:/gpfs/f6/drsa-precip3/world-shared/role.glopara/git/prepobs/v1.1.0/modulefiles/prepobs/1.1.0.lua:/gpfs/f6/drsa-precip3/world-shared/role.glopara/git/Fit2Obs/v1.1.7.1/modulefiles/fit2obs/1.1.7.1.lua:/usw/hpss/modulefiles/hsi/9.3:/gpfs/f6/gfs-cpu/scratch/Tseganeh.Gichamo/global-workflow/modulefiles/module_base.gaeac6.lua', 'BACIO_LIB4': '/autofs/ncrc-svm1_proj/epic/spack-stack/c6/spack-stack-1.6.0/envs/unified-env/install/intel/2023.2.0/bacio-2.4.1-65566nh/lib/libbacio_4.a', 'LMOD_FAMILY_G2TMPLVIRT_VERSION': '1.13.0', 'EXECgfs': '/gpfs/f6/gfs-cpu/scratch/Tseganeh.Gichamo/global-workflow/exec', 'cycle': 't12z', 'w3emc_ROOT': '/autofs/ncrc-svm1_proj/epic/spack-stack/c6/spack-stack-1.6.0/envs/unified-env/install/intel/2023.2.0/w3emc-2.10.0-cqh37pl', 'LEVS': 128, 'pgmerr': 'errfile', 'PS4': '+ $(basename ${BASH_SOURCE[0]:-${FUNCNAME[0]:-"Unknown"}})[${LINENO}]', 'BACIO_LIB8': '/autofs/ncrc-svm1_proj/epic/spack-stack/c6/spack-stack-1.6.0/envs/unified-env/install/intel/2023.2.0/bacio-2.4.1-65566nh/lib/libbacio_8.a', 'py_f90nml_ver': '1.4.3', 'EXECfit2obs': '/gpfs/f6/drsa-precip3/world-shared/role.glopara/git/Fit2Obs/v1.1.7.1/exec', 'perl_ver': '5.38.2', 'w3emc_ver': '2.10.0', 'BUFR_LIBd': '/autofs/ncrc-svm1_proj/epic/spack-stack/c6/spack-stack-1.6.0/envs/gsi-addon-dev-fms-2024.01/install/intel/2023.2.0/bufr-11.7.0-2pzpov2/lib64/libbufr_d.so', 'BASE_GIT': '/gpfs/f6/drsa-precip3/world-shared/role.glopara/git', 'MODULESHOME': '/opt/cray/pe/lmod/lmod', 'COM_CHEM_ANLMON_TMPL': '${ROTDIR}/${RUN}.${YMD}/${HH}/${MEMDIR}/products/chem/anlmon', 'LMOD_SETTARG_FULL_SUPPORT': False, 'PKG_CONFIG_PATH': '/autofs/ncrc-svm1_proj/epic/spack-stack/c6/spack-stack-1.6.0/envs/unified-env/install/intel/2023.2.0/netcdf-cxx4-4.3.1-2nfkojj/lib/pkgconfig:/autofs/ncrc-svm1_proj/epic/spack-stack/c6/spack-stack-1.6.0/envs/unified-env/install/intel/2023.2.0/libyaml-0.2.5-vnx5l76/lib/pkgconfig:/usr/share/pkgconfig:/usr/lib64/pkgconfig:/usr/lib/pkgconfig:/autofs/ncrc-svm1_proj/epic/spack-stack/c6/spack-stack-1.6.0/envs/unified-env/install/intel/2023.2.0/openblas-0.3.24-ctgqvko/lib/pkgconfig:/autofs/ncrc-svm1_proj/epic/spack-stack/c6/spack-stack-1.6.0/envs/unified-env/install/intel/2023.2.0/gsl-2.7.1-2xucf2r/lib/pkgconfig:/autofs/ncrc-svm1_proj/epic/spack-stack/c6/spack-stack-1.6.0/envs/unified-env/install/intel/2023.2.0/parallel-netcdf-1.12.2-kgalfuo/lib/pkgconfig:/autofs/ncrc-svm1_proj/epic/spack-stack/c6/spack-stack-1.6.0/envs/unified-env/install/intel/2023.2.0/netcdf-fortran-4.6.1-o5cmyfx/lib/pkgconfig:/autofs/ncrc-svm1_proj/epic/spack-stack/c6/spack-stack-1.6.0/envs/unified-env/install/intel/2023.2.0/netcdf-c-4.9.2-ltruqgg/lib/pkgconfig:/autofs/ncrc-svm1_proj/epic/spack-stack/c6/spack-stack-1.6.0/envs/unified-env/install/intel/2023.2.0/c-blosc-1.21.5-ndrg6bi/lib64/pkgconfig:/autofs/ncrc-svm1_proj/epic/spack-stack/c6/spack-stack-1.6.0/envs/unified-env/install/intel/2023.2.0/zstd-1.5.2-p2wyun5/lib/pkgconfig:/autofs/ncrc-svm1_proj/epic/spack-stack/c6/spack-stack-1.6.0/envs/unified-env/install/intel/2023.2.0/snappy-1.1.10-frntitj/lib/pkgconfig:/autofs/ncrc-svm1_proj/epic/spack-stack/c6/spack-stack-1.6.0/envs/unified-env/install/intel/2023.2.0/hdf5-1.14.0-qyuwquo/lib/pkgconfig:/autofs/ncrc-svm1_proj/epic/spack-stack/c6/spack-stack-1.6.0/envs/unified-env/install/intel/2023.2.0/cdo-2.2.0-bvuijzr/lib/pkgconfig:/autofs/ncrc-svm1_proj/epic/spack-stack/c6/spack-stack-1.6.0/envs/unified-env/install/intel/2023.2.0/proj-9.2.1-pbreuhx/lib64/pkgconfig:/autofs/ncrc-svm1_proj/epic/spack-stack/c6/spack-stack-1.6.0/envs/unified-env/install/intel/2023.2.0/curl-8.4.0-bgdh3ia/lib/pkgconfig:/autofs/ncrc-svm1_proj/epic/spack-stack/c6/spack-stack-1.6.0/envs/unified-env/install/intel/2023.2.0/nghttp2-1.57.0-syyxr2x/lib/pkgconfig:/autofs/ncrc-svm1_proj/epic/spack-stack/c6/spack-stack-1.6.0/envs/unified-env/install/intel/2023.2.0/fftw-3.3.10-o2cfgjr/lib/pkgconfig:/autofs/ncrc-svm1_proj/epic/spack-stack/c6/spack-stack-1.6.0/envs/unified-env/install/intel/2023.2.0/eccodes-2.32.0-eeho3p5/lib64/pkgconfig:/autofs/ncrc-svm1_proj/epic/spack-stack/c6/spack-stack-1.6.0/envs/unified-env/install/intel/2023.2.0/openjpeg-2.3.1-x7lxvhz/lib/pkgconfig:/autofs/ncrc-svm1_proj/epic/spack-stack/c6/spack-stack-1.6.0/envs/unified-env/install/intel/2023.2.0/libpng-1.6.37-kb3ztui/lib64/pkgconfig:/autofs/ncrc-svm1_proj/epic/spack-stack/c6/spack-stack-1.6.0/envs/unified-env/install/intel/2023.2.0/jasper-2.0.32-grcyfa6/lib64/pkgconfig:/autofs/ncrc-svm1_proj/epic/spack-stack/c6/spack-stack-1.6.0/envs/unified-env/install/intel/2023.2.0/libjpeg-turbo-2.1.0-csq2v6y/lib64/pkgconfig:/autofs/ncrc-svm1_proj/epic/spack-stack/c6/spack-stack-1.6.0/envs/gsi-addon-dev-fms-2024.01/install/intel/2023.2.0/python-3.11.6-czff3ln/lib/pkgconfig:/autofs/ncrc-svm1_proj/epic/spack-stack/c6/spack-stack-1.6.0/envs/unified-env/install/intel/2023.2.0/util-linux-uuid-2.38.1-ueu4wkj/lib/pkgconfig:/autofs/ncrc-svm1_proj/epic/spack-stack/c6/spack-stack-1.6.0/envs/unified-env/install/intel/2023.2.0/sqlite-3.43.2-zckjj2i/lib/pkgconfig:/autofs/ncrc-svm1_proj/epic/spack-stack/c6/spack-stack-1.6.0/envs/unified-env/install/intel/2023.2.0/zlib-1.2.13-jhw3a7j/lib/pkgconfig:/autofs/ncrc-svm1_proj/epic/spack-stack/c6/spack-stack-1.6.0/envs/unified-env/install/intel/2023.2.0/libxcrypt-4.4.35-khoghoj/lib/pkgconfig:/opt/cray/libfabric/1.20.1/lib64/pkgconfig:/opt/cray/pe/craype/2.7.30/pkg-config:/opt/intel/oneapi/mkl/2023.2.0/lib/pkgconfig:/opt/intel/oneapi/compiler/2023.2.0/lib/pkgconfig:/opt/cray/pe/dsmml/0.3.1/dsmml/lib/pkgconfig:/opt/cray/pe/pmi/6.1.15/lib/pkgconfig', 'ARCH_DIFFS': False, 'G_BROKEN_FILENAMES': 1, 'FHOUT_OCN': 3, 'COM_ATMOS_GENESIS_TMPL': '${ROTDIR}/${RUN}.${YMD}/${HH}/${MEMDIR}/products/atmos/cyclone/genesis_vital', '_ModuleTable011_': 'PSAiYWN0aXZlIiwKdXNlck5hbWUgPSAiY3JheS1wbWkiLAp3ViA9ICJeMDAwMDAwMDYuMDAwMDAwMDAxLjAwMDAwMDAxNS4qemZpbmFsIiwKfSwKY3JheXBlID0gewpmbiA9ICIvb3B0L2NyYXkvcGUvbG1vZC9tb2R1bGVmaWxlcy9jb3JlL2NyYXlwZS8yLjcuMzAubHVhIiwKZnVsbE5hbWUgPSAiY3JheXBlLzIuNy4zMCIsCmxvYWRPcmRlciA9IDExLApwcm9wVCA9IHt9LApzdGFja0RlcHRoID0gMiwKc3RhdHVzID0gImFjdGl2ZSIsCnVzZXJOYW1lID0gImNyYXlwZS8yLjcuMzAiLAp3ViA9ICIwMDAwMDAwMDIuMDAwMDAwMDA3LjAwMDAwMDAzMC4qemZpbmFsIiwKfSwKWyJjcmF5cGUtbmV0d29yay1vZmkiXSA9IHsKYWN0aW9uQSA9IHsKInByZXBlbmRfcGF0aChcIk1PRFVM', 'IAUFHRS_ENKF': [3, 6, 9], '_ModuleTable030_': 'c2ljIl0gPSB7CmFjdGlvbkEgPSB7CiJwcmVwZW5kX3BhdGgoXCJNT0RVTEVQQVRIXCIsXCIvb3B0L2NyYXkvcGUvbG1vZC9tb2R1bGVmaWxlcy9taXhfY29tcGlsZXJzXCIpIgosICJwcmVwZW5kX3BhdGgoXCJNT0RVTEVQQVRIXCIsXCIvb3B0L2NyYXkvcGUvbG1vZC9tb2R1bGVmaWxlcy9jb21waWxlci9pbnRlbC8yMDIzLjJcIikiLCAicHJlcGVuZF9wYXRoKFwiTU9EVUxFUEFUSFwiLFwiL29wdC9jcmF5L3BlL2xtb2QvbW9kdWxlZmlsZXMvY29tbmV0L2ludGVsLzIwMjMuMi9vZmkvMS4wXCIpIiwKfSwKZm4gPSAiL29wdC9jcmF5L3BlL2xtb2QvbW9kdWxlZmlsZXMvY29yZS9pbnRlbC1jbGFzc2ljLzIwMjMuMi4wLmx1YSIsCmZ1bGxOYW1lID0gImludGVsLWNsYXNzaWMv', 'SP_INCd': 'include_d', 'SENDAWIP': False, 'BUFR_INC8': '/autofs/ncrc-svm1_proj/epic/spack-stack/c6/spack-stack-1.6.0/envs/gsi-addon-dev-fms-2024.01/install/intel/2023.2.0/bufr-11.7.0-2pzpov2/include/bufr_8', 'HISTSIZE': 1000, 'PE_MPICH_GTL_LIBS_amd_gfx90a': '-lmpi_gtl_hsa', 'CRAYPE_DIR': '/opt/cray/pe/craype/2.7.30', '_ModuleTable063_': 'MDAwMDAwNC4qemZpbmFsIiwKfSwKWyJweS1vcGVucHl4bCJdID0gewpmbiA9ICIvYXV0b2ZzL25jcmMtc3ZtMV9wcm9qL2VwaWMvc3BhY2stc3RhY2svYzYvc3BhY2stc3RhY2stMS42LjAvZW52cy9nc2ktYWRkb24tZGV2LWZtcy0yMDI0LjAxL2luc3RhbGwvbW9kdWxlZmlsZXMvaW50ZWwvMjAyMy4yLjAvcHktb3BlbnB5eGwvMy4xLjIubHVhIiwKZnVsbE5hbWUgPSAicHktb3BlbnB5eGwvMy4xLjIiLApsb2FkT3JkZXIgPSA3NiwKcHJvcFQgPSB7fSwKcmVmX2NvdW50ID0gMSwKc3RhY2tEZXB0aCA9IDIsCnN0YXR1cyA9ICJhY3RpdmUiLAp1c2VyTmFtZSA9ICJweS1vcGVucHl4bC8zLjEuMiIsCndWID0gIjAwMDAwMDAwMy4wMDAwMDAwMDEuMDAwMDAwMDAyLip6ZmluYWwi', 'BUFR_INC4': '/autofs/ncrc-svm1_proj/epic/spack-stack/c6/spack-stack-1.6.0/envs/gsi-addon-dev-fms-2024.01/install/intel/2023.2.0/bufr-11.7.0-2pzpov2/include/bufr_4', 'INCREMENTS_TO_ZERO': ["'liq_wat_inc'", "'icmr_inc'", "'rwmr_inc'", "'snmr_inc'", "'grle_inc'"], 'LMOD_PKG': '/opt/cray/pe/lmod/lmod', '__LMOD_REF_COUNT_PE_MPICH_PKGCONFIG_LIBS': 'mpich:1', 'IAU_OFFSET': 6, 'DO_GENESIS_FSU': False, 'prod_util_ver': '2.1.1', 'antlr_ROOT': '/autofs/ncrc-svm1_proj/epic/spack-stack/c6/spack-stack-1.6.0/envs/unified-env/install/intel/2023.2.0/antlr-2.7.7-d6cugnw', 'sigio_ver': '2.3.2', '_ModuleTable080_': 'MDAwMDAwMDI5Lip6ZmluYWwiLAp9LApbInN0YWNrLWludGVsIl0gPSB7CmFjdGlvbkEgPSB7CiJwcmVwZW5kX3BhdGgoXCJNT0RVTEVQQVRIXCIsXCIvYXV0b2ZzL25jcmMtc3ZtMV9wcm9qL2VwaWMvc3BhY2stc3RhY2svYzYvc3BhY2stc3RhY2stMS42LjAvZW52cy9nc2ktYWRkb24tZGV2LWZtcy0yMDI0LjAxL2luc3RhbGwvbW9kdWxlZmlsZXMvaW50ZWwvMjAyMy4yLjBcIikiLAp9LApmbiA9ICIvbmNyYy9wcm9qL2VwaWMvc3BhY2stc3RhY2svYzYvc3BhY2stc3RhY2stMS42LjAvZW52cy9nc2ktYWRkb24tZGV2LWZtcy0yMDI0LjAxL2luc3RhbGwvbW9kdWxlZmlsZXMvQ29yZS9zdGFjay1pbnRlbC8yMDIzLjIuMC5sdWEiLApmdWxsTmFtZSA9ICJzdGFjay1pbnRlbC8y', 'COMIN_ATMOS_ANALYSIS_ENSSTAT': '/gpfs/f6/gfs-cpu/scratch/Tseganeh.Gichamo/COMROOT//maysoilda/enkfgdas.20220505/12/ensstat/analysis/atmos', '_ModuleTable045_': 'di1mbXMtMjAyNC4wMS9pbnN0YWxsL21vZHVsZWZpbGVzL2ludGVsLzIwMjMuMi4wL25naHR0cDIvMS41Ny4wLmx1YSIsCmZ1bGxOYW1lID0gIm5naHR0cDIvMS41Ny4wIiwKbG9hZE9yZGVyID0gMjksCnByb3BUID0ge30sCnJlZl9jb3VudCA9IDEsCnN0YWNrRGVwdGggPSA0LApzdGF0dXMgPSAiYWN0aXZlIiwKdXNlck5hbWUgPSAibmdodHRwMi8xLjU3LjAiLAp3ViA9ICIwMDAwMDAwMDEuMDAwMDAwMDU3Lip6ZmluYWwiLAp9LApvcGVuYmxhcyA9IHsKZm4gPSAiL2F1dG9mcy9uY3JjLXN2bTFfcHJvai9lcGljL3NwYWNrLXN0YWNrL2M2L3NwYWNrLXN0YWNrLTEuNi4wL2VudnMvZ3NpLWFkZG9uLWRldi1mbXMtMjAyNC4wMS9pbnN0YWxsL21vZHVsZWZpbGVzL2ludGVsLzIw', 'FHMAX_HF_GFS': 48, 'COM_WAVE_STATION_TMPL': '${ROTDIR}/${RUN}.${YMD}/${HH}/${MEMDIR}/products/wave/station', 'py_cftime_ROOT': '/autofs/ncrc-svm1_proj/epic/spack-stack/c6/spack-stack-1.6.0/envs/gsi-addon-dev-fms-2024.01/install/intel/2023.2.0/py-cftime-1.0.3.4-dgtglhq', 'OFFLOAD_INIT': 'on_start', 'PERLBREW_ROOT': '/ncrc/usw/gfdl/perlbrew', '_ModuleTable090_': 'bG1vZC9tb2R1bGVmaWxlcy9taXhfY29tcGlsZXJzIgosICIvbmNyYy9wcm9qL2VwaWMvc3BhY2stc3RhY2svYzYvc3BhY2stc3RhY2stMS42LjAvZW52cy9nc2ktYWRkb24tZGV2LWZtcy0yMDI0LjAxL2luc3RhbGwvbW9kdWxlZmlsZXMvQ29yZSIKLCAiL2dwZnMvZjYvZ2ZzLWNwdS9zY3JhdGNoL1RzZWdhbmVoLkdpY2hhbW8vZ2xvYmFsLXdvcmtmbG93L21vZHVsZWZpbGVzIgosICIvc3cvZ2FlYS1jNi9zcGFjay1lbnZzL2Jhc2UvbW9kdWxlcy9zcGFjay9Db3JlIgosICIvb3B0L2NyYXkvcGUvbG1vZC9tb2R1bGVmaWxlcy9wZXJmdG9vbHMvMjUuMDMuMCIKLCAiL29wdC9jcmF5L3BlL2xtb2QvbW9kdWxlZmlsZXMvY3B1L3g4Ni1nZW5vYS8xLjAiCiwgIi9vcHQvY3JheS9w', 'gsi_ncdiag_ROOT': '/autofs/ncrc-svm1_proj/epic/spack-stack/c6/spack-stack-1.6.0/envs/unified-env/install/intel/2023.2.0/gsi-ncdiag-1.1.2-kja6biq', 'COM_CONF_TMPL': '${ROTDIR}/${RUN}.${YMD}/${HH}/${MEMDIR}/conf', 'CPU': 'x86_64', '__LMOD_REF_COUNT_PE_PKGCONFIG_LIBS': 'mpich:1;dsmml:1', '_ModuleTable053_': 'Zm1zLTIwMjQuMDEvaW5zdGFsbC9tb2R1bGVmaWxlcy9pbnRlbC8yMDIzLjIuMC9wcm9kX3V0aWwvMi4xLjEubHVhIiwKZnVsbE5hbWUgPSAicHJvZF91dGlsLzIuMS4xIiwKbG9hZE9yZGVyID0gNTAsCnByb3BUID0ge30sCnN0YWNrRGVwdGggPSAxLApzdGF0dXMgPSAiYWN0aXZlIiwKdXNlck5hbWUgPSAicHJvZF91dGlsLzIuMS4xIiwKd1YgPSAiMDAwMDAwMDAyLjAwMDAwMDAwMS4wMDAwMDAwMDEuKnpmaW5hbCIsCn0sCnByb2ogPSB7CmZuID0gIi9hdXRvZnMvbmNyYy1zdm0xX3Byb2ovZXBpYy9zcGFjay1zdGFjay9jNi9zcGFjay1zdGFjay0xLjYuMC9lbnZzL2dzaS1hZGRvbi1kZXYtZm1zLTIwMjQuMDEvaW5zdGFsbC9tb2R1bGVmaWxlcy9pbnRlbC8yMDIzLjIuMC9w', 'SLURM_OOM_KILL_STEP': 0, 'CRAYPE_VERSION': '2.7.30', 'BUFR_LIB4': '/autofs/ncrc-svm1_proj/epic/spack-stack/c6/spack-stack-1.6.0/envs/gsi-addon-dev-fms-2024.01/install/intel/2023.2.0/bufr-11.7.0-2pzpov2/lib64/libbufr_4.so', 'COM_ATMOS_TRACK_TMPL': '${ROTDIR}/${RUN}.${YMD}/${HH}/${MEMDIR}/products/atmos/cyclone/tracks', 'PTMP': '/gpfs/f6/gfs-cpu/world-shared/Tseganeh.Gichamo', 'FHOUT_HF_WAV': 1, 'DONST': True, 'LMOD_CMD': '/opt/cray/pe/lmod/lmod/libexec/lmod', '_ModuleTable005_': 'IiwKbG9hZE9yZGVyID0gNDUsCnByb3BUID0ge30sCnJlZl9jb3VudCA9IDEsCnN0YWNrRGVwdGggPSAyLApzdGF0dXMgPSAiYWN0aXZlIiwKdXNlck5hbWUgPSAiYW50bHIvMi43LjciLAp3ViA9ICIwMDAwMDAwMDIuMDAwMDAwMDA3LjAwMDAwMDAwNy4qemZpbmFsIiwKfSwKYmFjaW8gPSB7CmZuID0gIi9hdXRvZnMvbmNyYy1zdm0xX3Byb2ovZXBpYy9zcGFjay1zdGFjay9jNi9zcGFjay1zdGFjay0xLjYuMC9lbnZzL2dzaS1hZGRvbi1kZXYtZm1zLTIwMjQuMDEvaW5zdGFsbC9tb2R1bGVmaWxlcy9pbnRlbC8yMDIzLjIuMC9iYWNpby8yLjQuMS5sdWEiLApmdWxsTmFtZSA9ICJiYWNpby8yLjQuMSIsCmxvYWRPcmRlciA9IDQ4LApwcm9wVCA9IHt9LApyZWZfY291bnQgPSAy', 'SCRIPTSprepobs': '/gpfs/f6/drsa-precip3/world-shared/role.glopara/git/prepobs/v1.1.0/scripts', 'CRAY_PMI_POST_LINK_OPTS': '-L/opt/cray/pe/pmi/6.1.15/lib', 'ens_tracker_ver': 'v1.2.0', 'BUFR_LIB8': '/autofs/ncrc-svm1_proj/epic/spack-stack/c6/spack-stack-1.6.0/envs/gsi-addon-dev-fms-2024.01/install/intel/2023.2.0/bufr-11.7.0-2pzpov2/lib64/libbufr_8.so', 'STMP': '/gpfs/f6/gfs-cpu/world-shared/Tseganeh.Gichamo', 'SLURM_LOCALID': 0, 'CRAY_MPICH_PREFIX': '/opt/cray/pe/mpich/8.1.29/ofi/intel/2022.1', '_ModuleTable085_': 'ZmluYWwiLAp9LAp4cG1lbSA9IHsKZm4gPSAiL29wdC9jcmF5L21vZHVsZWZpbGVzL3hwbWVtLzIuOS42LTEuMV8yMDI0MDUxMDIwNTYxMF9fZzA4N2RjMTFmYzE5ZCIsCmZ1bGxOYW1lID0gInhwbWVtLzIuOS42LTEuMV8yMDI0MDUxMDIwNTYxMF9fZzA4N2RjMTFmYzE5ZCIsCmxvYWRPcmRlciA9IDMsCnByb3BUID0ge30sCnN0YWNrRGVwdGggPSAwLApzdGF0dXMgPSAiYWN0aXZlIiwKdXNlck5hbWUgPSAieHBtZW0iLAp3ViA9ICIwMDAwMDAwMDIuMDAwMDAwMDA5LjAwMDAwMDAwNi4qemZpbmFsLS4wMDAwMDAwMDEuMDAwMDAwMDAxLipfLjIwMjQwNTEwMjA1NjEwLipfLipfLipnLjAwMDAwMDA4Ny4qZGMuMDAwMDAwMDExLipmYy4wMDAwMDAwMTkuKmQuKnpmaW5hbCIsCn0s', 'python_ROOT': '/autofs/ncrc-svm1_proj/epic/spack-stack/c6/spack-stack-1.6.0/envs/gsi-addon-dev-fms-2024.01/install/intel/2023.2.0/python-3.11.6-czff3ln', 'CHGRP_RSTPROD': False, 'DBNROOT': '/autofs/ncrc-svm1_proj/epic/spack-stack/c6/spack-stack-1.6.0/envs/unified-env/install/intel/2023.2.0/prod-util-2.1.1-ynnwpz3/fakedbn', '_ModuleTable042_': 'c3RhY2stMS42LjAvZW52cy9nc2ktYWRkb24tZGV2LWZtcy0yMDI0LjAxL2luc3RhbGwvbW9kdWxlZmlsZXMvY3JheS1tcGljaC84LjEuMjkvaW50ZWwvMjAyMy4yLjAvbmV0Y2RmLWMvNC45LjIubHVhIiwKZnVsbE5hbWUgPSAibmV0Y2RmLWMvNC45LjIiLApsb2FkT3JkZXIgPSAzOSwKcHJvcFQgPSB7fSwKc3RhY2tEZXB0aCA9IDEsCnN0YXR1cyA9ICJhY3RpdmUiLAp1c2VyTmFtZSA9ICJuZXRjZGYtYy80LjkuMiIsCndWID0gIjAwMDAwMDAwNC4wMDAwMDAwMDkuMDAwMDAwMDAyLip6ZmluYWwiLAp9LApbIm5ldGNkZi1jeHg0Il0gPSB7CmZuID0gIi9hdXRvZnMvbmNyYy1zdm0xX3Byb2ovZXBpYy9zcGFjay1zdGFjay9jNi9zcGFjay1zdGFjay0xLjYuMC9lbnZzL2dzaS1h', 'WGRIB2': 'wgrib2', 'LESSOPEN': 'lessopen.sh %s', 'CRAYPAT_OPTS_EXECUTABLE': 'libexec64/opts', '_ModuleTable020_': 'LzEuMS43LjEiLAp3ViA9ICIwMDAwMDAwMDEuMDAwMDAwMDAxLjAwMDAwMDAwNy4wMDAwMDAwMDEuKnpmaW5hbCIsCn0sCmcyID0gewpmbiA9ICIvYXV0b2ZzL25jcmMtc3ZtMV9wcm9qL2VwaWMvc3BhY2stc3RhY2svYzYvc3BhY2stc3RhY2stMS42LjAvZW52cy9nc2ktYWRkb24tZGV2LWZtcy0yMDI0LjAxL2luc3RhbGwvbW9kdWxlZmlsZXMvaW50ZWwvMjAyMy4yLjAvZzIvMy40LjUubHVhIiwKZnVsbE5hbWUgPSAiZzIvMy40LjUiLApsb2FkT3JkZXIgPSA1MSwKcHJvcFQgPSB7fSwKcmVmX2NvdW50ID0gMSwKc3RhY2tEZXB0aCA9IDIsCnN0YXR1cyA9ICJhY3RpdmUiLAp1c2VyTmFtZSA9ICJnMi8zLjQuNSIsCndWID0gIjAwMDAwMDAwMy4wMDAwMDAwMDQuMDAwMDAwMDA1', 'COM_OCEAN_HISTORY_TMPL': '${ROTDIR}/${RUN}.${YMD}/${HH}/${MEMDIR}/model/ocean/history', 'EXP_WARM_START': False, 'FHMAX_WAV': 9, 'CRAY_XPMEM_INCLUDE_OPTS': '-I/usr/include', 'LMOD_DIR': '/opt/cray/pe/lmod/lmod/libexec', 'py_openpyxl_ROOT': '/autofs/ncrc-svm1_proj/epic/spack-stack/c6/spack-stack-1.6.0/envs/gsi-addon-dev-fms-2024.01/install/intel/2023.2.0/py-openpyxl-3.1.2-3g7ehn2', 'SCRgfs': '/gpfs/f6/gfs-cpu/scratch/Tseganeh.Gichamo/global-workflow/scripts', 'LMOD_FAMILY_MPI': 'cray-mpich', 'HOMEprepobs': '/gpfs/f6/drsa-precip3/world-shared/role.glopara/git/prepobs/v1.1.0', '_ModuleTable075_': 'MDAxLjAwMDAwMDAwMy4qemZpbmFsIiwKfSwKcHl0aG9uID0gewpmbiA9ICIvYXV0b2ZzL25jcmMtc3ZtMV9wcm9qL2VwaWMvc3BhY2stc3RhY2svYzYvc3BhY2stc3RhY2stMS42LjAvZW52cy9nc2ktYWRkb24tZGV2LWZtcy0yMDI0LjAxL2luc3RhbGwvbW9kdWxlZmlsZXMvaW50ZWwvMjAyMy4yLjAvcHl0aG9uLzMuMTEuNi5sdWEiLApmdWxsTmFtZSA9ICJweXRob24vMy4xMS42IiwKbG9hZE9yZGVyID0gMjIsCnByb3BUID0ge30sCnN0YWNrRGVwdGggPSAxLApzdGF0dXMgPSAiYWN0aXZlIiwKdXNlck5hbWUgPSAicHl0aG9uLzMuMTEuNiIsCndWID0gIjAwMDAwMDAwMy4wMDAwMDAwMTEuMDAwMDAwMDA2Lip6ZmluYWwiLAp9LApzbmFwcHkgPSB7CmZuID0gIi9hdXRvZnMv', 'fit2obs_ver': '1.1.7.1', 'BASH_FUNC_postamble%%': '() {  set +x;\n script="${1}";\n start_time="${2}";\n rc="${3}";\n if [[ -v \'POSTAMBLE_CMD\' ]]; then\n ${POSTAMBLE_CMD};\n fi;\n end_time=$(date +%s);\n end_time_human=$(date -d@"${end_time}" -u +%H:%M:%S);\n elapsed_sec=$((end_time - start_time));\n elapsed=$(date -d@"${elapsed_sec}" -u +%H:%M:%S);\n echo "End ${script} at ${end_time_human} with error code ${rc:-0} (time elapsed: ${elapsed})";\n exit "${rc}"\n}', 'BASH_FUNC_set_strict%%': '() {  if [[ ${STRICT:-"YES"} == "YES" ]]; then\n set -eu;\n fi\n}', 'BASH_FUNC_module%%': '() {  if [ -z "${LMOD_SH_DBG_ON+x}" ]; then\n case "$-" in \n *v*x*)\n __lmod_sh_dbg=\'vx\'\n ;;\n *v*)\n __lmod_sh_dbg=\'v\'\n ;;\n *x*)\n __lmod_sh_dbg=\'x\'\n ;;\n esac;\n fi;\n if [ -n "${__lmod_sh_dbg:-}" ]; then\n set +$__lmod_sh_dbg;\n echo "Shell debugging temporarily silenced: export LMOD_SH_DBG_ON=1 for Lmod\'s output" 1>&2;\n fi;\n eval "$($LMOD_CMD shell "$@")" && eval "$(${LMOD_SETTARG_CMD:-:} -s sh)";\n __lmod_my_status=$?;\n if [ -n "${__lmod_sh_dbg:-}" ]; then\n echo "Shell debugging restarted" 1>&2;\n set -$__lmod_sh_dbg;\n fi;\n unset __lmod_sh_dbg;\n return $__lmod_my_status\n}', 'BASH_FUNC_set_trace%%': '() {  if [[ ${TRACE:-"YES"} == "YES" ]]; then\n set -x;\n fi\n}', 'BASH_FUNC_declare_from_tmpl%%': '() {  if [[ ${DEBUG_WORKFLOW:-"NO"} == "NO" ]]; then\n set +x;\n fi;\n local opts="-g";\n local OPTIND=1;\n while getopts "rx" option; do\n opts="${opts}${option}";\n done;\n shift $((OPTIND-1));\n for input in "$@";\n do\n IFS=\':\' read -ra args <<< "${input}";\n local com_var="${args[0]}";\n local template;\n local value;\n if (( ${#args[@]} > 1 )); then\n template="${args[1]}";\n else\n template="${com_var}_TMPL";\n fi;\n if [[ ! -v "${template}" ]]; then\n echo "FATAL ERROR in declare_from_tmpl: Requested template ${template} not defined!";\n exit 2;\n fi;\n value=$(echo "${!template}" | envsubst);\n declare ${opts} "${com_var}"="${value}";\n echo "declare_from_tmpl :: ${com_var}=${value}";\n done;\n set_trace\n}', 'BASH_FUNC_wait_for_file%%': '() {  set +x;\n local file_name=${1:?"wait_for_file() requires a file name"};\n local sleep_interval=${2:-60};\n local max_tries=${3:-100};\n for ((iter=0; iter<max_tries; iter++ ))\n do\n if [[ -r ${file_name} ]]; then\n set_trace;\n return 0;\n fi;\n sleep "${sleep_interval}";\n done;\n set_trace;\n return 1\n}', 'BASH_FUNC_err_exit%%': ['() {  set +eux;\n msg1=${*:-Job ${jobid} failed};\n if [[ -n "${pgm}" ]]; then\n msg1+="', 'ERROR IN ${pgm}";\n fi;\n if [[ -n "${err}" ]]; then\n msg1+=" RETURN CODE ${err}";\n fi;\n msg2="\n    -------------------------------------------------------------\n    -- FATAL ERROR: ${msg1}\n    -- ABNORMAL EXIT at $(date) on ${HOSTNAME}\n    -------------------------------------------------------------\n    ";\n echo "${msg2}" 1>&2;\n module list;\n echo "" 1>&2;\n echo "${msg1}" 1>&2;\n if [[ -n "${DATA}" ]]; then\n echo "${DATA}" 1>&2;\n ls -ltr "${DATA}" 1>&2;\n else\n echo "WARNING: DATA variable not defined" 1>&2;\n fi;\n if [[ -n "${pgmout}" ]]; then\n if [[ -s errfile ]]; then\n echo "----- contents of errfile -----" >> "${pgmout}";\n cat errfile >> "${pgmout}";\n fi;\n cat "${pgmout}" 1>&2;\n else\n if [[ -s errfile ]]; then\n cat errfile 1>&2;\n fi;\n fi;\n if [[ "${SENDECF}" == "YES" ]]; then\n timeout 30 ecflow_client --msg "${ECF_NAME}: ${msg1}";\n timeout 30 ssh "${ECF_HOST}" "echo \\"${msg}2\\" >> ${ECF_JOBOUT:?}";\n fi;\n if [[ "${SENDECF}" == "YES" ]]; then\n ecflow_client --kill="${ECF_NAME:?}";\n fi;\n if [[ -n "${PBS_JOBID}" ]]; then\n qdel "${PBS_JOBID}";\n else\n if [[ -n "${SLURM_JOB_ID}" ]]; then\n scancel "${SLURM_JOB_ID}";\n fi;\n fi\n}'], 'BASH_FUNC_ml%%': '() {  eval "$($LMOD_DIR/ml_cmd "$@")"\n}', '_': '/gpfs/f6/gfs-cpu/scratch/Tseganeh.Gichamo/global-workflow/scripts/exgdas_enkf_earc_tars.py'} )[0m
[38;5;39m2025-07-16 02:00:35,778 - DEBUG    - task        : current cycle: 2022-05-05 12:00:00[0m
[38;5;39m2025-07-16 02:00:35,778 - DEBUG    - task        : previous cycle: 2022-05-05 06:00:00[0m
[38;21m2025-07-16 02:00:35,778 - INFO     - archive     : BEGIN: pygfs.task.archive._gen_relative_paths[0m
[38;5;39m2025-07-16 02:00:35,778 - DEBUG    - archive     : ( <pygfs.task.archive.Archive object at 0x151e70401d90>, '/gpfs/f6/gfs-cpu/scratch/Tseganeh.Gichamo/COMROOT//maysoilda/' )[0m
[38;21m2025-07-16 02:00:35,779 - INFO     - archive     :   END: pygfs.task.archive._gen_relative_paths[0m
[38;5;39m2025-07-16 02:00:35,779 - DEBUG    - archive     :  returning: {'comout_conf_dir': 'enkfgdas.20220505/12/ensstat/conf', 'n_atmos_history_ensstat_dir': 'enkfgdas.20220505/12/ensstat/model/atmos/history', 'n_snow_analysis_ensstat_dir': 'enkfgdas.20220505/12/ensstat/analysis/snow', 'n_ice_analysis_ensstat_dir': 'enkfgdas.20220505/12/ensstat/analysis/ice', 'n_ocean_analysis_ensstat_dir': 'enkfgdas.20220505/12/ensstat/analysis/ocean', 'n_atmos_analysis_ensstat_dir': 'enkfgdas.20220505/12/ensstat/analysis/atmos'}[0m
[38;21m2025-07-16 02:00:35,782 - INFO     - archive     :   END: Archive.__init__[0m
[38;5;39m2025-07-16 02:00:35,782 - DEBUG    - archive     :  returning: None[0m
[38;21m2025-07-16 02:00:35,782 - INFO     - archive     : BEGIN: pygfs.task.archive.configure_tars[0m
[38;5;39m2025-07-16 02:00:35,783 - DEBUG    - archive     : ( <pygfs.task.archive.Archive object at 0x151e70401d90>, {'ATARDIR': '/NCEPDEV/emc-da/1year/Tseganeh.Gichamo/GAEAC6/scratch/maysoilda', 'current_cycle': datetime.datetime(2022, 5, 5, 12, 0), 'IAUFHRS': [3, 6, 9], 'RUN': 'enkfgdas', 'PDY': datetime.datetime(2022, 5, 5, 0, 0), 'PSLOT': 'maysoilda', 'DO_ARCHCOM': True, 'ARCHCOM_TO': 'hpss', 'ROTDIR': '/gpfs/f6/gfs-cpu/scratch/Tseganeh.Gichamo/COMROOT//maysoilda', 'PARMgfs': '/gpfs/f6/gfs-cpu/scratch/Tseganeh.Gichamo/global-workflow/parm', 'ARCDIR': '/gpfs/f6/gfs-cpu/world-shared/Tseganeh.Gichamo/archive/maysoilda', 'SDATE': datetime.datetime(2022, 5, 1, 0, 0), 'MODE': 'cycled', 'ENSGRP': 4, 'NMEM_EARCGRP': 20, 'NMEM_ENS': 80, 'DO_CALC_INCREMENT_ENKF_GFS': False, 'DO_JEDIATMENS': False, 'lobsdiag_forenkf': True, 'FHMIN_ENKF': 3, 'FHMAX_ENKF_GFS': 12, 'FHOUT_ENKF_GFS': 3, 'FHMAX_ENKF': 9, 'FHOUT_ENKF': 1, 'ENKF_SPREAD': True, 'restart_interval_enkfgdas': 3, 'restart_interval_enkfgfs': 3, 'DOHYBVAR': True, 'DOIAU_ENKF': True, 'IAU_OFFSET': 6, 'DOIAU': True, 'DO_CA': True, 'DO_CALC_INCREMENT': False, 'assim_freq': 6, 'ARCH_CYC': 0, 'DO_JEDISNOWDA': False, 'ARCH_WARMICFREQ': 4, 'ARCH_FCSTICFREQ': 1, 'DOHYBVAR_OCN': False, 'DOLETKF_OCN': False, 'IAUFHRS_ENKF': [3, 6, 9], 'NET': 'gfs', 'NMEM_ENS_GFS': 30, 'DO_GSISOILDA': True, 'COM_SNOW_ANALYSIS_TMPL': '${ROTDIR}/${RUN}.${YMD}/${HH}/${MEMDIR}/analysis/snow', 'COM_ATMOS_RADMON_TMPL': '${ROTDIR}/${RUN}.${YMD}/${HH}/${MEMDIR}/products/atmos/radmon', 'COM_ICE_GRIB_TMPL': '${ROTDIR}/${RUN}.${YMD}/${HH}/${MEMDIR}/products/ice/grib2', 'COM_RTOFS_TMPL': '${DMPDIR}', 'COM_ATMOS_GRIB_GRID_TMPL': '${ROTDIR}/${RUN}.${YMD}/${HH}/${MEMDIR}/products/atmos/grib2/${GRID}', 'COM_ICE_RESTART_TMPL': '${ROTDIR}/${RUN}.${YMD}/${HH}/${MEMDIR}/model/ice/restart', 'COM_ICE_ANLMON_TMPL': '${ROTDIR}/${RUN}.${YMD}/${HH}/${MEMDIR}/products/ice/anlmon', 'COM_SNOW_ANLMON_TMPL': '${ROTDIR}/${RUN}.${YMD}/${HH}/${MEMDIR}/products/snow/anlmon', 'COM_ICE_NETCDF_TMPL': '${ROTDIR}/${RUN}.${YMD}/${HH}/${MEMDIR}/products/ice/netcdf', 'COM_ATMOS_GRIB_TMPL': '${ROTDIR}/${RUN}.${YMD}/${HH}/${MEMDIR}/products/atmos/grib2', 'COM_ICE_LETKF_TMPL': '${ROTDIR}/${RUN}.${YMD}/${HH}/${MEMDIR}/analysis/ice/letkf', 'COMIN_ATMOS_HISTORY_ENSSTAT': '/gpfs/f6/gfs-cpu/scratch/Tseganeh.Gichamo/COMROOT//maysoilda/enkfgdas.20220505/12/ensstat/model/atmos/history', 'COM_WAVE_RESTART_TMPL': '${ROTDIR}/${RUN}.${YMD}/${HH}/${MEMDIR}/model/wave/restart', 'COM_ATMOS_RESTART_TMPL': '${ROTDIR}/${RUN}.${YMD}/${HH}/${MEMDIR}/model/atmos/restart', 'COM_ATMOS_BUFR_TMPL': '${ROTDIR}/${RUN}.${YMD}/${HH}/${MEMDIR}/products/atmos/bufr', 'COM_WAVE_PREP_TMPL': '${ROTDIR}/${RUN}.${YMD}/${HH}/${MEMDIR}/model/wave/prep', 'COM_CHEM_HISTORY_TMPL': '${ROTDIR}/${RUN}.${YMD}/${HH}/${MEMDIR}/model/chem/history', 'COM_OBSPROC_TMPL': '${DMPDIR}/${RUN}${DUMP_SUFFIX}.${YMD}/${HH}/atmos', 'COM_OBS_JEDI': '${ROTDIR}/${RUN}.${YMD}/${HH}/${MEMDIR}/obs_jedi', 'COM_WAVE_GEMPAK_TMPL': '${ROTDIR}/${RUN}.${YMD}/${HH}/${MEMDIR}/products/wave/gempak', 'COM_OCEAN_LETKF_TMPL': '${ROTDIR}/${RUN}.${YMD}/${HH}/${MEMDIR}/analysis/ocean/letkf', 'COM_ICE_ANALYSIS_TMPL': '${ROTDIR}/${RUN}.${YMD}/${HH}/${MEMDIR}/analysis/ice', 'COMIN_SNOW_ANALYSIS_ENSSTAT': '/gpfs/f6/gfs-cpu/scratch/Tseganeh.Gichamo/COMROOT//maysoilda/enkfgdas.20220505/12/ensstat/analysis/snow', 'COM_ATMOS_ANLMON_TMPL': '${ROTDIR}/${RUN}.${YMD}/${HH}/${MEMDIR}/products/atmos/anlmon', 'COM_CHEM_BMAT_TMPL': '${ROTDIR}/${RUN}.${YMD}/${HH}/${MEMDIR}/analysis/chem/bmatrix', 'COM_WAVE_HISTORY_TMPL': '${ROTDIR}/${RUN}.${YMD}/${HH}/${MEMDIR}/model/wave/history', 'COM_OBS_TMPL': '${ROTDIR}/${RUN}.${YMD}/${HH}/obs', 'COM_ATMOS_ANALYSIS_TMPL': '${ROTDIR}/${RUN}.${YMD}/${HH}/${MEMDIR}/analysis/atmos', 'COM_WAVE_WMO_TMPL': '${ROTDIR}/${RUN}.${YMD}/${HH}/${MEMDIR}/products/wave/wmo', 'COM_ATMOS_MASTER_TMPL': '${ROTDIR}/${RUN}.${YMD}/${HH}/${MEMDIR}/model/atmos/master', 'COM_ICE_HISTORY_TMPL': '${ROTDIR}/${RUN}.${YMD}/${HH}/${MEMDIR}/model/ice/history', 'COM_OCEAN_RESTART_TMPL': '${ROTDIR}/${RUN}.${YMD}/${HH}/${MEMDIR}/model/ocean/restart', 'COM_ICE_BMATRIX_TMPL': '${ROTDIR}/${RUN}.${YMD}/${HH}/${MEMDIR}/bmatrix/ice', 'COM_ATMOS_GEMPAK_TMPL': '${ROTDIR}/${RUN}.${YMD}/${HH}/${MEMDIR}/products/atmos/gempak/${GRID}', 'COM_TOP_TMPL': '${ROTDIR}/${RUN}.${YMD}/${HH}', 'COM_OCEAN_NETCDF_TMPL': '${ROTDIR}/${RUN}.${YMD}/${HH}/${MEMDIR}/products/ocean/netcdf', 'COM_CHEM_ANALYSIS_TMPL': '${ROTDIR}/${RUN}.${YMD}/${HH}/${MEMDIR}/analysis/chem', 'COMIN_ICE_ANALYSIS_ENSSTAT': '/gpfs/f6/gfs-cpu/scratch/Tseganeh.Gichamo/COMROOT//maysoilda/enkfgdas.20220505/12/ensstat/analysis/ice', 'COM_WAVE_GRID_RES_TMPL': '${ROTDIR}/${RUN}.${YMD}/${HH}/${MEMDIR}/products/wave/gridded/${GRDRESNAME}', 'COM_OCEAN_ANALYSIS_TMPL': '${ROTDIR}/${RUN}.${YMD}/${HH}/${MEMDIR}/analysis/ocean', 'COM_ATMOS_HISTORY_TMPL': '${ROTDIR}/${RUN}.${YMD}/${HH}/${MEMDIR}/model/atmos/history', 'COM_OCEAN_BMATRIX_TMPL': '${ROTDIR}/${RUN}.${YMD}/${HH}/${MEMDIR}/bmatrix/ocean', 'COM_ATMOS_GOES_TMPL': '${ROTDIR}/${RUN}.${YMD}/${HH}/${MEMDIR}/products/atmos/goes_sim', 'COM_ATMOS_MINMON_TMPL': '${ROTDIR}/${RUN}.${YMD}/${HH}/${MEMDIR}/products/atmos/minmon', 'COM_ATMOS_IMAGERY_TMPL': '${ROTDIR}/${RUN}.${YMD}/${HH}/${MEMDIR}/products/atmos/imagery', 'COMIN_OCEAN_ANALYSIS_ENSSTAT': '/gpfs/f6/gfs-cpu/scratch/Tseganeh.Gichamo/COMROOT//maysoilda/enkfgdas.20220505/12/ensstat/analysis/ocean', 'COM_ICE_INPUT_TMPL': '${ROTDIR}/${RUN}.${YMD}/${HH}/${MEMDIR}/model/ice/input', 'COM_OCEAN_GRIB_GRID_TMPL': '${ROTDIR}/${RUN}.${YMD}/${HH}/${MEMDIR}/products/ocean/grib2/${GRID}', 'COM_WAVE_GRID_TMPL': '${ROTDIR}/${RUN}.${YMD}/${HH}/${MEMDIR}/products/wave/gridded', 'COM_OCEAN_INPUT_TMPL': '${ROTDIR}/${RUN}.${YMD}/${HH}/${MEMDIR}/model/ocean/input', 'COM_ICE_GRIB_GRID_TMPL': '${ROTDIR}/${RUN}.${YMD}/${HH}/${MEMDIR}/products/ice/grib2/${GRID}', 'COM_ATMOS_INPUT_TMPL': '${ROTDIR}/${RUN}.${YMD}/${HH}/${MEMDIR}/model/atmos/input', 'COM_MED_RESTART_TMPL': '${ROTDIR}/${RUN}.${YMD}/${HH}/${MEMDIR}/model/med/restart', 'COM_ATMOS_OZNMON_TMPL': '${ROTDIR}/${RUN}.${YMD}/${HH}/${MEMDIR}/products/atmos/oznmon', 'COM_ATMOS_WMO_TMPL': '${ROTDIR}/${RUN}.${YMD}/${HH}/${MEMDIR}/products/atmos/wmo', 'COM_OCEAN_GRIB_TMPL': '${ROTDIR}/${RUN}.${YMD}/${HH}/${MEMDIR}/products/ocean/grib2', 'COM_OCEAN_ANLMON_TMPL': '${ROTDIR}/${RUN}.${YMD}/${HH}/${MEMDIR}/products/ocean/anlmon', 'COM_CHEM_ANLMON_TMPL': '${ROTDIR}/${RUN}.${YMD}/${HH}/${MEMDIR}/products/chem/anlmon', 'COM_ATMOS_GENESIS_TMPL': '${ROTDIR}/${RUN}.${YMD}/${HH}/${MEMDIR}/products/atmos/cyclone/genesis_vital', 'COMIN_ATMOS_ANALYSIS_ENSSTAT': '/gpfs/f6/gfs-cpu/scratch/Tseganeh.Gichamo/COMROOT//maysoilda/enkfgdas.20220505/12/ensstat/analysis/atmos', 'COM_WAVE_STATION_TMPL': '${ROTDIR}/${RUN}.${YMD}/${HH}/${MEMDIR}/products/wave/station', 'COM_CONF_TMPL': '${ROTDIR}/${RUN}.${YMD}/${HH}/${MEMDIR}/conf', 'COM_ATMOS_TRACK_TMPL': '${ROTDIR}/${RUN}.${YMD}/${HH}/${MEMDIR}/products/atmos/cyclone/tracks', 'COM_OCEAN_HISTORY_TMPL': '${ROTDIR}/${RUN}.${YMD}/${HH}/${MEMDIR}/model/ocean/history'} )[0m
[38;21m2025-07-16 02:00:35,914 - INFO     - archive     : BEGIN: pygfs.task.archive._create_fileset[0m
[38;5;39m2025-07-16 02:00:35,914 - DEBUG    - archive     : ( {'name': 'ENKF_GRP', 'target': '/NCEPDEV/emc-da/1year/Tseganeh.Gichamo/GAEAC6/scratch/maysoilda/2022050512/enkfgdas_grp4.tar', 'required': ['enkfgdas.20220505/12/mem061/model/atmos/history/enkfgdas.t12z.atmf003.nc', 'enkfgdas.20220505/12/mem061/model/atmos/history/enkfgdas.t12z.sfcf003.nc', 'enkfgdas.20220505/12/mem061/model/atmos/history/enkfgdas.t12z.atmf006.nc', 'enkfgdas.20220505/12/mem061/model/atmos/history/enkfgdas.t12z.sfcf006.nc', 'enkfgdas.20220505/12/mem061/model/atmos/history/enkfgdas.t12z.atmf009.nc', 'enkfgdas.20220505/12/mem061/model/atmos/history/enkfgdas.t12z.sfcf009.nc', 'enkfgdas.20220505/12/mem061/analysis/atmos/enkfgdas.t12z.ratminc.nc', 'enkfgdas.20220505/12/mem061/analysis/atmos/enkfgdas.t12z.sfci006.nc', 'enkfgdas.20220505/12/mem062/model/atmos/history/enkfgdas.t12z.atmf003.nc', 'enkfgdas.20220505/12/mem062/model/atmos/history/enkfgdas.t12z.sfcf003.nc', 'enkfgdas.20220505/12/mem062/model/atmos/history/enkfgdas.t12z.atmf006.nc', 'enkfgdas.20220505/12/mem062/model/atmos/history/enkfgdas.t12z.sfcf006.nc', 'enkfgdas.20220505/12/mem062/model/atmos/history/enkfgdas.t12z.atmf009.nc', 'enkfgdas.20220505/12/mem062/model/atmos/history/enkfgdas.t12z.sfcf009.nc', 'enkfgdas.20220505/12/mem062/analysis/atmos/enkfgdas.t12z.ratminc.nc', 'enkfgdas.20220505/12/mem062/analysis/atmos/enkfgdas.t12z.sfci006.nc', 'enkfgdas.20220505/12/mem063/model/atmos/history/enkfgdas.t12z.atmf003.nc', 'enkfgdas.20220505/12/mem063/model/atmos/history/enkfgdas.t12z.sfcf003.nc', 'enkfgdas.20220505/12/mem063/model/atmos/history/enkfgdas.t12z.atmf006.nc', 'enkfgdas.20220505/12/mem063/model/atmos/history/enkfgdas.t12z.sfcf006.nc', 'enkfgdas.20220505/12/mem063/model/atmos/history/enkfgdas.t12z.atmf009.nc', 'enkfgdas.20220505/12/mem063/model/atmos/history/enkfgdas.t12z.sfcf009.nc', 'enkfgdas.20220505/12/mem063/analysis/atmos/enkfgdas.t12z.ratminc.nc', 'enkfgdas.20220505/12/mem063/analysis/atmos/enkfgdas.t12z.sfci006.nc', 'enkfgdas.20220505/12/mem064/model/atmos/history/enkfgdas.t12z.atmf003.nc', 'enkfgdas.20220505/12/mem064/model/atmos/history/enkfgdas.t12z.sfcf003.nc', 'enkfgdas.20220505/12/mem064/model/atmos/history/enkfgdas.t12z.atmf006.nc', 'enkfgdas.20220505/12/mem064/model/atmos/history/enkfgdas.t12z.sfcf006.nc', 'enkfgdas.20220505/12/mem064/model/atmos/history/enkfgdas.t12z.atmf009.nc', 'enkfgdas.20220505/12/mem064/model/atmos/history/enkfgdas.t12z.sfcf009.nc', 'enkfgdas.20220505/12/mem064/analysis/atmos/enkfgdas.t12z.ratminc.nc', 'enkfgdas.20220505/12/mem064/analysis/atmos/enkfgdas.t12z.sfci006.nc', 'enkfgdas.20220505/12/mem065/model/atmos/history/enkfgdas.t12z.atmf003.nc', 'enkfgdas.20220505/12/mem065/model/atmos/history/enkfgdas.t12z.sfcf003.nc', 'enkfgdas.20220505/12/mem065/model/atmos/history/enkfgdas.t12z.atmf006.nc', 'enkfgdas.20220505/12/mem065/model/atmos/history/enkfgdas.t12z.sfcf006.nc', 'enkfgdas.20220505/12/mem065/model/atmos/history/enkfgdas.t12z.atmf009.nc', 'enkfgdas.20220505/12/mem065/model/atmos/history/enkfgdas.t12z.sfcf009.nc', 'enkfgdas.20220505/12/mem065/analysis/atmos/enkfgdas.t12z.ratminc.nc', 'enkfgdas.20220505/12/mem065/analysis/atmos/enkfgdas.t12z.sfci006.nc', 'enkfgdas.20220505/12/mem066/model/atmos/history/enkfgdas.t12z.atmf003.nc', 'enkfgdas.20220505/12/mem066/model/atmos/history/enkfgdas.t12z.sfcf003.nc', 'enkfgdas.20220505/12/mem066/model/atmos/history/enkfgdas.t12z.atmf006.nc', 'enkfgdas.20220505/12/mem066/model/atmos/history/enkfgdas.t12z.sfcf006.nc', 'enkfgdas.20220505/12/mem066/model/atmos/history/enkfgdas.t12z.atmf009.nc', 'enkfgdas.20220505/12/mem066/model/atmos/history/enkfgdas.t12z.sfcf009.nc', 'enkfgdas.20220505/12/mem066/analysis/atmos/enkfgdas.t12z.ratminc.nc', 'enkfgdas.20220505/12/mem066/analysis/atmos/enkfgdas.t12z.sfci006.nc', 'enkfgdas.20220505/12/mem067/model/atmos/history/enkfgdas.t12z.atmf003.nc', 'enkfgdas.20220505/12/mem067/model/atmos/history/enkfgdas.t12z.sfcf003.nc', 'enkfgdas.20220505/12/mem067/model/atmos/history/enkfgdas.t12z.atmf006.nc', 'enkfgdas.20220505/12/mem067/model/atmos/history/enkfgdas.t12z.sfcf006.nc', 'enkfgdas.20220505/12/mem067/model/atmos/history/enkfgdas.t12z.atmf009.nc', 'enkfgdas.20220505/12/mem067/model/atmos/history/enkfgdas.t12z.sfcf009.nc', 'enkfgdas.20220505/12/mem067/analysis/atmos/enkfgdas.t12z.ratminc.nc', 'enkfgdas.20220505/12/mem067/analysis/atmos/enkfgdas.t12z.sfci006.nc', 'enkfgdas.20220505/12/mem068/model/atmos/history/enkfgdas.t12z.atmf003.nc', 'enkfgdas.20220505/12/mem068/model/atmos/history/enkfgdas.t12z.sfcf003.nc', 'enkfgdas.20220505/12/mem068/model/atmos/history/enkfgdas.t12z.atmf006.nc', 'enkfgdas.20220505/12/mem068/model/atmos/history/enkfgdas.t12z.sfcf006.nc', 'enkfgdas.20220505/12/mem068/model/atmos/history/enkfgdas.t12z.atmf009.nc', 'enkfgdas.20220505/12/mem068/model/atmos/history/enkfgdas.t12z.sfcf009.nc', 'enkfgdas.20220505/12/mem068/analysis/atmos/enkfgdas.t12z.ratminc.nc', 'enkfgdas.20220505/12/mem068/analysis/atmos/enkfgdas.t12z.sfci006.nc', 'enkfgdas.20220505/12/mem069/model/atmos/history/enkfgdas.t12z.atmf003.nc', 'enkfgdas.20220505/12/mem069/model/atmos/history/enkfgdas.t12z.sfcf003.nc', 'enkfgdas.20220505/12/mem069/model/atmos/history/enkfgdas.t12z.atmf006.nc', 'enkfgdas.20220505/12/mem069/model/atmos/history/enkfgdas.t12z.sfcf006.nc', 'enkfgdas.20220505/12/mem069/model/atmos/history/enkfgdas.t12z.atmf009.nc', 'enkfgdas.20220505/12/mem069/model/atmos/history/enkfgdas.t12z.sfcf009.nc', 'enkfgdas.20220505/12/mem069/analysis/atmos/enkfgdas.t12z.ratminc.nc', 'enkfgdas.20220505/12/mem069/analysis/atmos/enkfgdas.t12z.sfci006.nc', 'enkfgdas.20220505/12/mem070/model/atmos/history/enkfgdas.t12z.atmf003.nc', 'enkfgdas.20220505/12/mem070/model/atmos/history/enkfgdas.t12z.sfcf003.nc', 'enkfgdas.20220505/12/mem070/model/atmos/history/enkfgdas.t12z.atmf006.nc', 'enkfgdas.20220505/12/mem070/model/atmos/history/enkfgdas.t12z.sfcf006.nc', 'enkfgdas.20220505/12/mem070/model/atmos/history/enkfgdas.t12z.atmf009.nc', 'enkfgdas.20220505/12/mem070/model/atmos/history/enkfgdas.t12z.sfcf009.nc', 'enkfgdas.20220505/12/mem070/analysis/atmos/enkfgdas.t12z.ratminc.nc', 'enkfgdas.20220505/12/mem070/analysis/atmos/enkfgdas.t12z.sfci006.nc', 'enkfgdas.20220505/12/mem071/model/atmos/history/enkfgdas.t12z.atmf003.nc', 'enkfgdas.20220505/12/mem071/model/atmos/history/enkfgdas.t12z.sfcf003.nc', 'enkfgdas.20220505/12/mem071/model/atmos/history/enkfgdas.t12z.atmf006.nc', 'enkfgdas.20220505/12/mem071/model/atmos/history/enkfgdas.t12z.sfcf006.nc', 'enkfgdas.20220505/12/mem071/model/atmos/history/enkfgdas.t12z.atmf009.nc', 'enkfgdas.20220505/12/mem071/model/atmos/history/enkfgdas.t12z.sfcf009.nc', 'enkfgdas.20220505/12/mem071/analysis/atmos/enkfgdas.t12z.ratminc.nc', 'enkfgdas.20220505/12/mem071/analysis/atmos/enkfgdas.t12z.sfci006.nc', 'enkfgdas.20220505/12/mem072/model/atmos/history/enkfgdas.t12z.atmf003.nc', 'enkfgdas.20220505/12/mem072/model/atmos/history/enkfgdas.t12z.sfcf003.nc', 'enkfgdas.20220505/12/mem072/model/atmos/history/enkfgdas.t12z.atmf006.nc', 'enkfgdas.20220505/12/mem072/model/atmos/history/enkfgdas.t12z.sfcf006.nc', 'enkfgdas.20220505/12/mem072/model/atmos/history/enkfgdas.t12z.atmf009.nc', 'enkfgdas.20220505/12/mem072/model/atmos/history/enkfgdas.t12z.sfcf009.nc', 'enkfgdas.20220505/12/mem072/analysis/atmos/enkfgdas.t12z.ratminc.nc', 'enkfgdas.20220505/12/mem072/analysis/atmos/enkfgdas.t12z.sfci006.nc', 'enkfgdas.20220505/12/mem073/model/atmos/history/enkfgdas.t12z.atmf003.nc', 'enkfgdas.20220505/12/mem073/model/atmos/history/enkfgdas.t12z.sfcf003.nc', 'enkfgdas.20220505/12/mem073/model/atmos/history/enkfgdas.t12z.atmf006.nc', 'enkfgdas.20220505/12/mem073/model/atmos/history/enkfgdas.t12z.sfcf006.nc', 'enkfgdas.20220505/12/mem073/model/atmos/history/enkfgdas.t12z.atmf009.nc', 'enkfgdas.20220505/12/mem073/model/atmos/history/enkfgdas.t12z.sfcf009.nc', 'enkfgdas.20220505/12/mem073/analysis/atmos/enkfgdas.t12z.ratminc.nc', 'enkfgdas.20220505/12/mem073/analysis/atmos/enkfgdas.t12z.sfci006.nc', 'enkfgdas.20220505/12/mem074/model/atmos/history/enkfgdas.t12z.atmf003.nc', 'enkfgdas.20220505/12/mem074/model/atmos/history/enkfgdas.t12z.sfcf003.nc', 'enkfgdas.20220505/12/mem074/model/atmos/history/enkfgdas.t12z.atmf006.nc', 'enkfgdas.20220505/12/mem074/model/atmos/history/enkfgdas.t12z.sfcf006.nc', 'enkfgdas.20220505/12/mem074/model/atmos/history/enkfgdas.t12z.atmf009.nc', 'enkfgdas.20220505/12/mem074/model/atmos/history/enkfgdas.t12z.sfcf009.nc', 'enkfgdas.20220505/12/mem074/analysis/atmos/enkfgdas.t12z.ratminc.nc', 'enkfgdas.20220505/12/mem074/analysis/atmos/enkfgdas.t12z.sfci006.nc', 'enkfgdas.20220505/12/mem075/model/atmos/history/enkfgdas.t12z.atmf003.nc', 'enkfgdas.20220505/12/mem075/model/atmos/history/enkfgdas.t12z.sfcf003.nc', 'enkfgdas.20220505/12/mem075/model/atmos/history/enkfgdas.t12z.atmf006.nc', 'enkfgdas.20220505/12/mem075/model/atmos/history/enkfgdas.t12z.sfcf006.nc', 'enkfgdas.20220505/12/mem075/model/atmos/history/enkfgdas.t12z.atmf009.nc', 'enkfgdas.20220505/12/mem075/model/atmos/history/enkfgdas.t12z.sfcf009.nc', 'enkfgdas.20220505/12/mem075/analysis/atmos/enkfgdas.t12z.ratminc.nc', 'enkfgdas.20220505/12/mem075/analysis/atmos/enkfgdas.t12z.sfci006.nc', 'enkfgdas.20220505/12/mem076/model/atmos/history/enkfgdas.t12z.atmf003.nc', 'enkfgdas.20220505/12/mem076/model/atmos/history/enkfgdas.t12z.sfcf003.nc', 'enkfgdas.20220505/12/mem076/model/atmos/history/enkfgdas.t12z.atmf006.nc', 'enkfgdas.20220505/12/mem076/model/atmos/history/enkfgdas.t12z.sfcf006.nc', 'enkfgdas.20220505/12/mem076/model/atmos/history/enkfgdas.t12z.atmf009.nc', 'enkfgdas.20220505/12/mem076/model/atmos/history/enkfgdas.t12z.sfcf009.nc', 'enkfgdas.20220505/12/mem076/analysis/atmos/enkfgdas.t12z.ratminc.nc', 'enkfgdas.20220505/12/mem076/analysis/atmos/enkfgdas.t12z.sfci006.nc', 'enkfgdas.20220505/12/mem077/model/atmos/history/enkfgdas.t12z.atmf003.nc', 'enkfgdas.20220505/12/mem077/model/atmos/history/enkfgdas.t12z.sfcf003.nc', 'enkfgdas.20220505/12/mem077/model/atmos/history/enkfgdas.t12z.atmf006.nc', 'enkfgdas.20220505/12/mem077/model/atmos/history/enkfgdas.t12z.sfcf006.nc', 'enkfgdas.20220505/12/mem077/model/atmos/history/enkfgdas.t12z.atmf009.nc', 'enkfgdas.20220505/12/mem077/model/atmos/history/enkfgdas.t12z.sfcf009.nc', 'enkfgdas.20220505/12/mem077/analysis/atmos/enkfgdas.t12z.ratminc.nc', 'enkfgdas.20220505/12/mem077/analysis/atmos/enkfgdas.t12z.sfci006.nc', 'enkfgdas.20220505/12/mem078/model/atmos/history/enkfgdas.t12z.atmf003.nc', 'enkfgdas.20220505/12/mem078/model/atmos/history/enkfgdas.t12z.sfcf003.nc', 'enkfgdas.20220505/12/mem078/model/atmos/history/enkfgdas.t12z.atmf006.nc', 'enkfgdas.20220505/12/mem078/model/atmos/history/enkfgdas.t12z.sfcf006.nc', 'enkfgdas.20220505/12/mem078/model/atmos/history/enkfgdas.t12z.atmf009.nc', 'enkfgdas.20220505/12/mem078/model/atmos/history/enkfgdas.t12z.sfcf009.nc', 'enkfgdas.20220505/12/mem078/analysis/atmos/enkfgdas.t12z.ratminc.nc', 'enkfgdas.20220505/12/mem078/analysis/atmos/enkfgdas.t12z.sfci006.nc', 'enkfgdas.20220505/12/mem079/model/atmos/history/enkfgdas.t12z.atmf003.nc', 'enkfgdas.20220505/12/mem079/model/atmos/history/enkfgdas.t12z.sfcf003.nc', 'enkfgdas.20220505/12/mem079/model/atmos/history/enkfgdas.t12z.atmf006.nc', 'enkfgdas.20220505/12/mem079/model/atmos/history/enkfgdas.t12z.sfcf006.nc', 'enkfgdas.20220505/12/mem079/model/atmos/history/enkfgdas.t12z.atmf009.nc', 'enkfgdas.20220505/12/mem079/model/atmos/history/enkfgdas.t12z.sfcf009.nc', 'enkfgdas.20220505/12/mem079/analysis/atmos/enkfgdas.t12z.ratminc.nc', 'enkfgdas.20220505/12/mem079/analysis/atmos/enkfgdas.t12z.sfci006.nc', 'enkfgdas.20220505/12/mem080/model/atmos/history/enkfgdas.t12z.atmf003.nc', 'enkfgdas.20220505/12/mem080/model/atmos/history/enkfgdas.t12z.sfcf003.nc', 'enkfgdas.20220505/12/mem080/model/atmos/history/enkfgdas.t12z.atmf006.nc', 'enkfgdas.20220505/12/mem080/model/atmos/history/enkfgdas.t12z.sfcf006.nc', 'enkfgdas.20220505/12/mem080/model/atmos/history/enkfgdas.t12z.atmf009.nc', 'enkfgdas.20220505/12/mem080/model/atmos/history/enkfgdas.t12z.sfcf009.nc', 'enkfgdas.20220505/12/mem080/analysis/atmos/enkfgdas.t12z.ratminc.nc', 'enkfgdas.20220505/12/mem080/analysis/atmos/enkfgdas.t12z.sfci006.nc']} )[0m
[38;21m2025-07-16 02:00:36,273 - INFO     - archive     :   END: pygfs.task.archive._create_fileset[0m
[38;5;39m2025-07-16 02:00:36,273 - DEBUG    - archive     :  returning: ['enkfgdas.20220505/12/mem061/model/atmos/history/enkfgdas.t12z.atmf003.nc', 'enkfgdas.20220505/12/mem061/model/atmos/history/enkfgdas.t12z.sfcf003.nc', 'enkfgdas.20220505/12/mem061/model/atmos/history/enkfgdas.t12z.atmf006.nc', 'enkfgdas.20220505/12/mem061/model/atmos/history/enkfgdas.t12z.sfcf006.nc', 'enkfgdas.20220505/12/mem061/model/atmos/history/enkfgdas.t12z.atmf009.nc', 'enkfgdas.20220505/12/mem061/model/atmos/history/enkfgdas.t12z.sfcf009.nc', 'enkfgdas.20220505/12/mem061/analysis/atmos/enkfgdas.t12z.ratminc.nc', 'enkfgdas.20220505/12/mem061/analysis/atmos/enkfgdas.t12z.sfci006.nc', 'enkfgdas.20220505/12/mem062/model/atmos/history/enkfgdas.t12z.atmf003.nc', 'enkfgdas.20220505/12/mem062/model/atmos/history/enkfgdas.t12z.sfcf003.nc', 'enkfgdas.20220505/12/mem062/model/atmos/history/enkfgdas.t12z.atmf006.nc', 'enkfgdas.20220505/12/mem062/model/atmos/history/enkfgdas.t12z.sfcf006.nc', 'enkfgdas.20220505/12/mem062/model/atmos/history/enkfgdas.t12z.atmf009.nc', 'enkfgdas.20220505/12/mem062/model/atmos/history/enkfgdas.t12z.sfcf009.nc', 'enkfgdas.20220505/12/mem062/analysis/atmos/enkfgdas.t12z.ratminc.nc', 'enkfgdas.20220505/12/mem062/analysis/atmos/enkfgdas.t12z.sfci006.nc', 'enkfgdas.20220505/12/mem063/model/atmos/history/enkfgdas.t12z.atmf003.nc', 'enkfgdas.20220505/12/mem063/model/atmos/history/enkfgdas.t12z.sfcf003.nc', 'enkfgdas.20220505/12/mem063/model/atmos/history/enkfgdas.t12z.atmf006.nc', 'enkfgdas.20220505/12/mem063/model/atmos/history/enkfgdas.t12z.sfcf006.nc', 'enkfgdas.20220505/12/mem063/model/atmos/history/enkfgdas.t12z.atmf009.nc', 'enkfgdas.20220505/12/mem063/model/atmos/history/enkfgdas.t12z.sfcf009.nc', 'enkfgdas.20220505/12/mem063/analysis/atmos/enkfgdas.t12z.ratminc.nc', 'enkfgdas.20220505/12/mem063/analysis/atmos/enkfgdas.t12z.sfci006.nc', 'enkfgdas.20220505/12/mem064/model/atmos/history/enkfgdas.t12z.atmf003.nc', 'enkfgdas.20220505/12/mem064/model/atmos/history/enkfgdas.t12z.sfcf003.nc', 'enkfgdas.20220505/12/mem064/model/atmos/history/enkfgdas.t12z.atmf006.nc', 'enkfgdas.20220505/12/mem064/model/atmos/history/enkfgdas.t12z.sfcf006.nc', 'enkfgdas.20220505/12/mem064/model/atmos/history/enkfgdas.t12z.atmf009.nc', 'enkfgdas.20220505/12/mem064/model/atmos/history/enkfgdas.t12z.sfcf009.nc', 'enkfgdas.20220505/12/mem064/analysis/atmos/enkfgdas.t12z.ratminc.nc', 'enkfgdas.20220505/12/mem064/analysis/atmos/enkfgdas.t12z.sfci006.nc', 'enkfgdas.20220505/12/mem065/model/atmos/history/enkfgdas.t12z.atmf003.nc', 'enkfgdas.20220505/12/mem065/model/atmos/history/enkfgdas.t12z.sfcf003.nc', 'enkfgdas.20220505/12/mem065/model/atmos/history/enkfgdas.t12z.atmf006.nc', 'enkfgdas.20220505/12/mem065/model/atmos/history/enkfgdas.t12z.sfcf006.nc', 'enkfgdas.20220505/12/mem065/model/atmos/history/enkfgdas.t12z.atmf009.nc', 'enkfgdas.20220505/12/mem065/model/atmos/history/enkfgdas.t12z.sfcf009.nc', 'enkfgdas.20220505/12/mem065/analysis/atmos/enkfgdas.t12z.ratminc.nc', 'enkfgdas.20220505/12/mem065/analysis/atmos/enkfgdas.t12z.sfci006.nc', 'enkfgdas.20220505/12/mem066/model/atmos/history/enkfgdas.t12z.atmf003.nc', 'enkfgdas.20220505/12/mem066/model/atmos/history/enkfgdas.t12z.sfcf003.nc', 'enkfgdas.20220505/12/mem066/model/atmos/history/enkfgdas.t12z.atmf006.nc', 'enkfgdas.20220505/12/mem066/model/atmos/history/enkfgdas.t12z.sfcf006.nc', 'enkfgdas.20220505/12/mem066/model/atmos/history/enkfgdas.t12z.atmf009.nc', 'enkfgdas.20220505/12/mem066/model/atmos/history/enkfgdas.t12z.sfcf009.nc', 'enkfgdas.20220505/12/mem066/analysis/atmos/enkfgdas.t12z.ratminc.nc', 'enkfgdas.20220505/12/mem066/analysis/atmos/enkfgdas.t12z.sfci006.nc', 'enkfgdas.20220505/12/mem067/model/atmos/history/enkfgdas.t12z.atmf003.nc', 'enkfgdas.20220505/12/mem067/model/atmos/history/enkfgdas.t12z.sfcf003.nc', 'enkfgdas.20220505/12/mem067/model/atmos/history/enkfgdas.t12z.atmf006.nc', 'enkfgdas.20220505/12/mem067/model/atmos/history/enkfgdas.t12z.sfcf006.nc', 'enkfgdas.20220505/12/mem067/model/atmos/history/enkfgdas.t12z.atmf009.nc', 'enkfgdas.20220505/12/mem067/model/atmos/history/enkfgdas.t12z.sfcf009.nc', 'enkfgdas.20220505/12/mem067/analysis/atmos/enkfgdas.t12z.ratminc.nc', 'enkfgdas.20220505/12/mem067/analysis/atmos/enkfgdas.t12z.sfci006.nc', 'enkfgdas.20220505/12/mem068/model/atmos/history/enkfgdas.t12z.atmf003.nc', 'enkfgdas.20220505/12/mem068/model/atmos/history/enkfgdas.t12z.sfcf003.nc', 'enkfgdas.20220505/12/mem068/model/atmos/history/enkfgdas.t12z.atmf006.nc', 'enkfgdas.20220505/12/mem068/model/atmos/history/enkfgdas.t12z.sfcf006.nc', 'enkfgdas.20220505/12/mem068/model/atmos/history/enkfgdas.t12z.atmf009.nc', 'enkfgdas.20220505/12/mem068/model/atmos/history/enkfgdas.t12z.sfcf009.nc', 'enkfgdas.20220505/12/mem068/analysis/atmos/enkfgdas.t12z.ratminc.nc', 'enkfgdas.20220505/12/mem068/analysis/atmos/enkfgdas.t12z.sfci006.nc', 'enkfgdas.20220505/12/mem069/model/atmos/history/enkfgdas.t12z.atmf003.nc', 'enkfgdas.20220505/12/mem069/model/atmos/history/enkfgdas.t12z.sfcf003.nc', 'enkfgdas.20220505/12/mem069/model/atmos/history/enkfgdas.t12z.atmf006.nc', 'enkfgdas.20220505/12/mem069/model/atmos/history/enkfgdas.t12z.sfcf006.nc', 'enkfgdas.20220505/12/mem069/model/atmos/history/enkfgdas.t12z.atmf009.nc', 'enkfgdas.20220505/12/mem069/model/atmos/history/enkfgdas.t12z.sfcf009.nc', 'enkfgdas.20220505/12/mem069/analysis/atmos/enkfgdas.t12z.ratminc.nc', 'enkfgdas.20220505/12/mem069/analysis/atmos/enkfgdas.t12z.sfci006.nc', 'enkfgdas.20220505/12/mem070/model/atmos/history/enkfgdas.t12z.atmf003.nc', 'enkfgdas.20220505/12/mem070/model/atmos/history/enkfgdas.t12z.sfcf003.nc', 'enkfgdas.20220505/12/mem070/model/atmos/history/enkfgdas.t12z.atmf006.nc', 'enkfgdas.20220505/12/mem070/model/atmos/history/enkfgdas.t12z.sfcf006.nc', 'enkfgdas.20220505/12/mem070/model/atmos/history/enkfgdas.t12z.atmf009.nc', 'enkfgdas.20220505/12/mem070/model/atmos/history/enkfgdas.t12z.sfcf009.nc', 'enkfgdas.20220505/12/mem070/analysis/atmos/enkfgdas.t12z.ratminc.nc', 'enkfgdas.20220505/12/mem070/analysis/atmos/enkfgdas.t12z.sfci006.nc', 'enkfgdas.20220505/12/mem071/model/atmos/history/enkfgdas.t12z.atmf003.nc', 'enkfgdas.20220505/12/mem071/model/atmos/history/enkfgdas.t12z.sfcf003.nc', 'enkfgdas.20220505/12/mem071/model/atmos/history/enkfgdas.t12z.atmf006.nc', 'enkfgdas.20220505/12/mem071/model/atmos/history/enkfgdas.t12z.sfcf006.nc', 'enkfgdas.20220505/12/mem071/model/atmos/history/enkfgdas.t12z.atmf009.nc', 'enkfgdas.20220505/12/mem071/model/atmos/history/enkfgdas.t12z.sfcf009.nc', 'enkfgdas.20220505/12/mem071/analysis/atmos/enkfgdas.t12z.ratminc.nc', 'enkfgdas.20220505/12/mem071/analysis/atmos/enkfgdas.t12z.sfci006.nc', 'enkfgdas.20220505/12/mem072/model/atmos/history/enkfgdas.t12z.atmf003.nc', 'enkfgdas.20220505/12/mem072/model/atmos/history/enkfgdas.t12z.sfcf003.nc', 'enkfgdas.20220505/12/mem072/model/atmos/history/enkfgdas.t12z.atmf006.nc', 'enkfgdas.20220505/12/mem072/model/atmos/history/enkfgdas.t12z.sfcf006.nc', 'enkfgdas.20220505/12/mem072/model/atmos/history/enkfgdas.t12z.atmf009.nc', 'enkfgdas.20220505/12/mem072/model/atmos/history/enkfgdas.t12z.sfcf009.nc', 'enkfgdas.20220505/12/mem072/analysis/atmos/enkfgdas.t12z.ratminc.nc', 'enkfgdas.20220505/12/mem072/analysis/atmos/enkfgdas.t12z.sfci006.nc', 'enkfgdas.20220505/12/mem073/model/atmos/history/enkfgdas.t12z.atmf003.nc', 'enkfgdas.20220505/12/mem073/model/atmos/history/enkfgdas.t12z.sfcf003.nc', 'enkfgdas.20220505/12/mem073/model/atmos/history/enkfgdas.t12z.atmf006.nc', 'enkfgdas.20220505/12/mem073/model/atmos/history/enkfgdas.t12z.sfcf006.nc', 'enkfgdas.20220505/12/mem073/model/atmos/history/enkfgdas.t12z.atmf009.nc', 'enkfgdas.20220505/12/mem073/model/atmos/history/enkfgdas.t12z.sfcf009.nc', 'enkfgdas.20220505/12/mem073/analysis/atmos/enkfgdas.t12z.ratminc.nc', 'enkfgdas.20220505/12/mem073/analysis/atmos/enkfgdas.t12z.sfci006.nc', 'enkfgdas.20220505/12/mem074/model/atmos/history/enkfgdas.t12z.atmf003.nc', 'enkfgdas.20220505/12/mem074/model/atmos/history/enkfgdas.t12z.sfcf003.nc', 'enkfgdas.20220505/12/mem074/model/atmos/history/enkfgdas.t12z.atmf006.nc', 'enkfgdas.20220505/12/mem074/model/atmos/history/enkfgdas.t12z.sfcf006.nc', 'enkfgdas.20220505/12/mem074/model/atmos/history/enkfgdas.t12z.atmf009.nc', 'enkfgdas.20220505/12/mem074/model/atmos/history/enkfgdas.t12z.sfcf009.nc', 'enkfgdas.20220505/12/mem074/analysis/atmos/enkfgdas.t12z.ratminc.nc', 'enkfgdas.20220505/12/mem074/analysis/atmos/enkfgdas.t12z.sfci006.nc', 'enkfgdas.20220505/12/mem075/model/atmos/history/enkfgdas.t12z.atmf003.nc', 'enkfgdas.20220505/12/mem075/model/atmos/history/enkfgdas.t12z.sfcf003.nc', 'enkfgdas.20220505/12/mem075/model/atmos/history/enkfgdas.t12z.atmf006.nc', 'enkfgdas.20220505/12/mem075/model/atmos/history/enkfgdas.t12z.sfcf006.nc', 'enkfgdas.20220505/12/mem075/model/atmos/history/enkfgdas.t12z.atmf009.nc', 'enkfgdas.20220505/12/mem075/model/atmos/history/enkfgdas.t12z.sfcf009.nc', 'enkfgdas.20220505/12/mem075/analysis/atmos/enkfgdas.t12z.ratminc.nc', 'enkfgdas.20220505/12/mem075/analysis/atmos/enkfgdas.t12z.sfci006.nc', 'enkfgdas.20220505/12/mem076/model/atmos/history/enkfgdas.t12z.atmf003.nc', 'enkfgdas.20220505/12/mem076/model/atmos/history/enkfgdas.t12z.sfcf003.nc', 'enkfgdas.20220505/12/mem076/model/atmos/history/enkfgdas.t12z.atmf006.nc', 'enkfgdas.20220505/12/mem076/model/atmos/history/enkfgdas.t12z.sfcf006.nc', 'enkfgdas.20220505/12/mem076/model/atmos/history/enkfgdas.t12z.atmf009.nc', 'enkfgdas.20220505/12/mem076/model/atmos/history/enkfgdas.t12z.sfcf009.nc', 'enkfgdas.20220505/12/mem076/analysis/atmos/enkfgdas.t12z.ratminc.nc', 'enkfgdas.20220505/12/mem076/analysis/atmos/enkfgdas.t12z.sfci006.nc', 'enkfgdas.20220505/12/mem077/model/atmos/history/enkfgdas.t12z.atmf003.nc', 'enkfgdas.20220505/12/mem077/model/atmos/history/enkfgdas.t12z.sfcf003.nc', 'enkfgdas.20220505/12/mem077/model/atmos/history/enkfgdas.t12z.atmf006.nc', 'enkfgdas.20220505/12/mem077/model/atmos/history/enkfgdas.t12z.sfcf006.nc', 'enkfgdas.20220505/12/mem077/model/atmos/history/enkfgdas.t12z.atmf009.nc', 'enkfgdas.20220505/12/mem077/model/atmos/history/enkfgdas.t12z.sfcf009.nc', 'enkfgdas.20220505/12/mem077/analysis/atmos/enkfgdas.t12z.ratminc.nc', 'enkfgdas.20220505/12/mem077/analysis/atmos/enkfgdas.t12z.sfci006.nc', 'enkfgdas.20220505/12/mem078/model/atmos/history/enkfgdas.t12z.atmf003.nc', 'enkfgdas.20220505/12/mem078/model/atmos/history/enkfgdas.t12z.sfcf003.nc', 'enkfgdas.20220505/12/mem078/model/atmos/history/enkfgdas.t12z.atmf006.nc', 'enkfgdas.20220505/12/mem078/model/atmos/history/enkfgdas.t12z.sfcf006.nc', 'enkfgdas.20220505/12/mem078/model/atmos/history/enkfgdas.t12z.atmf009.nc', 'enkfgdas.20220505/12/mem078/model/atmos/history/enkfgdas.t12z.sfcf009.nc', 'enkfgdas.20220505/12/mem078/analysis/atmos/enkfgdas.t12z.ratminc.nc', 'enkfgdas.20220505/12/mem078/analysis/atmos/enkfgdas.t12z.sfci006.nc', 'enkfgdas.20220505/12/mem079/model/atmos/history/enkfgdas.t12z.atmf003.nc', 'enkfgdas.20220505/12/mem079/model/atmos/history/enkfgdas.t12z.sfcf003.nc', 'enkfgdas.20220505/12/mem079/model/atmos/history/enkfgdas.t12z.atmf006.nc', 'enkfgdas.20220505/12/mem079/model/atmos/history/enkfgdas.t12z.sfcf006.nc', 'enkfgdas.20220505/12/mem079/model/atmos/history/enkfgdas.t12z.atmf009.nc', 'enkfgdas.20220505/12/mem079/model/atmos/history/enkfgdas.t12z.sfcf009.nc', 'enkfgdas.20220505/12/mem079/analysis/atmos/enkfgdas.t12z.ratminc.nc', 'enkfgdas.20220505/12/mem079/analysis/atmos/enkfgdas.t12z.sfci006.nc', 'enkfgdas.20220505/12/mem080/model/atmos/history/enkfgdas.t12z.atmf003.nc', 'enkfgdas.20220505/12/mem080/model/atmos/history/enkfgdas.t12z.sfcf003.nc', 'enkfgdas.20220505/12/mem080/model/atmos/history/enkfgdas.t12z.atmf006.nc', 'enkfgdas.20220505/12/mem080/model/atmos/history/enkfgdas.t12z.sfcf006.nc', 'enkfgdas.20220505/12/mem080/model/atmos/history/enkfgdas.t12z.atmf009.nc', 'enkfgdas.20220505/12/mem080/model/atmos/history/enkfgdas.t12z.sfcf009.nc', 'enkfgdas.20220505/12/mem080/analysis/atmos/enkfgdas.t12z.ratminc.nc', 'enkfgdas.20220505/12/mem080/analysis/atmos/enkfgdas.t12z.sfci006.nc'][0m
[38;21m2025-07-16 02:00:36,274 - INFO     - archive     : BEGIN: pygfs.task.archive._has_rstprod[0m
[38;5;39m2025-07-16 02:00:36,274 - DEBUG    - archive     : ( ['enkfgdas.20220505/12/mem061/model/atmos/history/enkfgdas.t12z.atmf003.nc', 'enkfgdas.20220505/12/mem061/model/atmos/history/enkfgdas.t12z.sfcf003.nc', 'enkfgdas.20220505/12/mem061/model/atmos/history/enkfgdas.t12z.atmf006.nc', 'enkfgdas.20220505/12/mem061/model/atmos/history/enkfgdas.t12z.sfcf006.nc', 'enkfgdas.20220505/12/mem061/model/atmos/history/enkfgdas.t12z.atmf009.nc', 'enkfgdas.20220505/12/mem061/model/atmos/history/enkfgdas.t12z.sfcf009.nc', 'enkfgdas.20220505/12/mem061/analysis/atmos/enkfgdas.t12z.ratminc.nc', 'enkfgdas.20220505/12/mem061/analysis/atmos/enkfgdas.t12z.sfci006.nc', 'enkfgdas.20220505/12/mem062/model/atmos/history/enkfgdas.t12z.atmf003.nc', 'enkfgdas.20220505/12/mem062/model/atmos/history/enkfgdas.t12z.sfcf003.nc', 'enkfgdas.20220505/12/mem062/model/atmos/history/enkfgdas.t12z.atmf006.nc', 'enkfgdas.20220505/12/mem062/model/atmos/history/enkfgdas.t12z.sfcf006.nc', 'enkfgdas.20220505/12/mem062/model/atmos/history/enkfgdas.t12z.atmf009.nc', 'enkfgdas.20220505/12/mem062/model/atmos/history/enkfgdas.t12z.sfcf009.nc', 'enkfgdas.20220505/12/mem062/analysis/atmos/enkfgdas.t12z.ratminc.nc', 'enkfgdas.20220505/12/mem062/analysis/atmos/enkfgdas.t12z.sfci006.nc', 'enkfgdas.20220505/12/mem063/model/atmos/history/enkfgdas.t12z.atmf003.nc', 'enkfgdas.20220505/12/mem063/model/atmos/history/enkfgdas.t12z.sfcf003.nc', 'enkfgdas.20220505/12/mem063/model/atmos/history/enkfgdas.t12z.atmf006.nc', 'enkfgdas.20220505/12/mem063/model/atmos/history/enkfgdas.t12z.sfcf006.nc', 'enkfgdas.20220505/12/mem063/model/atmos/history/enkfgdas.t12z.atmf009.nc', 'enkfgdas.20220505/12/mem063/model/atmos/history/enkfgdas.t12z.sfcf009.nc', 'enkfgdas.20220505/12/mem063/analysis/atmos/enkfgdas.t12z.ratminc.nc', 'enkfgdas.20220505/12/mem063/analysis/atmos/enkfgdas.t12z.sfci006.nc', 'enkfgdas.20220505/12/mem064/model/atmos/history/enkfgdas.t12z.atmf003.nc', 'enkfgdas.20220505/12/mem064/model/atmos/history/enkfgdas.t12z.sfcf003.nc', 'enkfgdas.20220505/12/mem064/model/atmos/history/enkfgdas.t12z.atmf006.nc', 'enkfgdas.20220505/12/mem064/model/atmos/history/enkfgdas.t12z.sfcf006.nc', 'enkfgdas.20220505/12/mem064/model/atmos/history/enkfgdas.t12z.atmf009.nc', 'enkfgdas.20220505/12/mem064/model/atmos/history/enkfgdas.t12z.sfcf009.nc', 'enkfgdas.20220505/12/mem064/analysis/atmos/enkfgdas.t12z.ratminc.nc', 'enkfgdas.20220505/12/mem064/analysis/atmos/enkfgdas.t12z.sfci006.nc', 'enkfgdas.20220505/12/mem065/model/atmos/history/enkfgdas.t12z.atmf003.nc', 'enkfgdas.20220505/12/mem065/model/atmos/history/enkfgdas.t12z.sfcf003.nc', 'enkfgdas.20220505/12/mem065/model/atmos/history/enkfgdas.t12z.atmf006.nc', 'enkfgdas.20220505/12/mem065/model/atmos/history/enkfgdas.t12z.sfcf006.nc', 'enkfgdas.20220505/12/mem065/model/atmos/history/enkfgdas.t12z.atmf009.nc', 'enkfgdas.20220505/12/mem065/model/atmos/history/enkfgdas.t12z.sfcf009.nc', 'enkfgdas.20220505/12/mem065/analysis/atmos/enkfgdas.t12z.ratminc.nc', 'enkfgdas.20220505/12/mem065/analysis/atmos/enkfgdas.t12z.sfci006.nc', 'enkfgdas.20220505/12/mem066/model/atmos/history/enkfgdas.t12z.atmf003.nc', 'enkfgdas.20220505/12/mem066/model/atmos/history/enkfgdas.t12z.sfcf003.nc', 'enkfgdas.20220505/12/mem066/model/atmos/history/enkfgdas.t12z.atmf006.nc', 'enkfgdas.20220505/12/mem066/model/atmos/history/enkfgdas.t12z.sfcf006.nc', 'enkfgdas.20220505/12/mem066/model/atmos/history/enkfgdas.t12z.atmf009.nc', 'enkfgdas.20220505/12/mem066/model/atmos/history/enkfgdas.t12z.sfcf009.nc', 'enkfgdas.20220505/12/mem066/analysis/atmos/enkfgdas.t12z.ratminc.nc', 'enkfgdas.20220505/12/mem066/analysis/atmos/enkfgdas.t12z.sfci006.nc', 'enkfgdas.20220505/12/mem067/model/atmos/history/enkfgdas.t12z.atmf003.nc', 'enkfgdas.20220505/12/mem067/model/atmos/history/enkfgdas.t12z.sfcf003.nc', 'enkfgdas.20220505/12/mem067/model/atmos/history/enkfgdas.t12z.atmf006.nc', 'enkfgdas.20220505/12/mem067/model/atmos/history/enkfgdas.t12z.sfcf006.nc', 'enkfgdas.20220505/12/mem067/model/atmos/history/enkfgdas.t12z.atmf009.nc', 'enkfgdas.20220505/12/mem067/model/atmos/history/enkfgdas.t12z.sfcf009.nc', 'enkfgdas.20220505/12/mem067/analysis/atmos/enkfgdas.t12z.ratminc.nc', 'enkfgdas.20220505/12/mem067/analysis/atmos/enkfgdas.t12z.sfci006.nc', 'enkfgdas.20220505/12/mem068/model/atmos/history/enkfgdas.t12z.atmf003.nc', 'enkfgdas.20220505/12/mem068/model/atmos/history/enkfgdas.t12z.sfcf003.nc', 'enkfgdas.20220505/12/mem068/model/atmos/history/enkfgdas.t12z.atmf006.nc', 'enkfgdas.20220505/12/mem068/model/atmos/history/enkfgdas.t12z.sfcf006.nc', 'enkfgdas.20220505/12/mem068/model/atmos/history/enkfgdas.t12z.atmf009.nc', 'enkfgdas.20220505/12/mem068/model/atmos/history/enkfgdas.t12z.sfcf009.nc', 'enkfgdas.20220505/12/mem068/analysis/atmos/enkfgdas.t12z.ratminc.nc', 'enkfgdas.20220505/12/mem068/analysis/atmos/enkfgdas.t12z.sfci006.nc', 'enkfgdas.20220505/12/mem069/model/atmos/history/enkfgdas.t12z.atmf003.nc', 'enkfgdas.20220505/12/mem069/model/atmos/history/enkfgdas.t12z.sfcf003.nc', 'enkfgdas.20220505/12/mem069/model/atmos/history/enkfgdas.t12z.atmf006.nc', 'enkfgdas.20220505/12/mem069/model/atmos/history/enkfgdas.t12z.sfcf006.nc', 'enkfgdas.20220505/12/mem069/model/atmos/history/enkfgdas.t12z.atmf009.nc', 'enkfgdas.20220505/12/mem069/model/atmos/history/enkfgdas.t12z.sfcf009.nc', 'enkfgdas.20220505/12/mem069/analysis/atmos/enkfgdas.t12z.ratminc.nc', 'enkfgdas.20220505/12/mem069/analysis/atmos/enkfgdas.t12z.sfci006.nc', 'enkfgdas.20220505/12/mem070/model/atmos/history/enkfgdas.t12z.atmf003.nc', 'enkfgdas.20220505/12/mem070/model/atmos/history/enkfgdas.t12z.sfcf003.nc', 'enkfgdas.20220505/12/mem070/model/atmos/history/enkfgdas.t12z.atmf006.nc', 'enkfgdas.20220505/12/mem070/model/atmos/history/enkfgdas.t12z.sfcf006.nc', 'enkfgdas.20220505/12/mem070/model/atmos/history/enkfgdas.t12z.atmf009.nc', 'enkfgdas.20220505/12/mem070/model/atmos/history/enkfgdas.t12z.sfcf009.nc', 'enkfgdas.20220505/12/mem070/analysis/atmos/enkfgdas.t12z.ratminc.nc', 'enkfgdas.20220505/12/mem070/analysis/atmos/enkfgdas.t12z.sfci006.nc', 'enkfgdas.20220505/12/mem071/model/atmos/history/enkfgdas.t12z.atmf003.nc', 'enkfgdas.20220505/12/mem071/model/atmos/history/enkfgdas.t12z.sfcf003.nc', 'enkfgdas.20220505/12/mem071/model/atmos/history/enkfgdas.t12z.atmf006.nc', 'enkfgdas.20220505/12/mem071/model/atmos/history/enkfgdas.t12z.sfcf006.nc', 'enkfgdas.20220505/12/mem071/model/atmos/history/enkfgdas.t12z.atmf009.nc', 'enkfgdas.20220505/12/mem071/model/atmos/history/enkfgdas.t12z.sfcf009.nc', 'enkfgdas.20220505/12/mem071/analysis/atmos/enkfgdas.t12z.ratminc.nc', 'enkfgdas.20220505/12/mem071/analysis/atmos/enkfgdas.t12z.sfci006.nc', 'enkfgdas.20220505/12/mem072/model/atmos/history/enkfgdas.t12z.atmf003.nc', 'enkfgdas.20220505/12/mem072/model/atmos/history/enkfgdas.t12z.sfcf003.nc', 'enkfgdas.20220505/12/mem072/model/atmos/history/enkfgdas.t12z.atmf006.nc', 'enkfgdas.20220505/12/mem072/model/atmos/history/enkfgdas.t12z.sfcf006.nc', 'enkfgdas.20220505/12/mem072/model/atmos/history/enkfgdas.t12z.atmf009.nc', 'enkfgdas.20220505/12/mem072/model/atmos/history/enkfgdas.t12z.sfcf009.nc', 'enkfgdas.20220505/12/mem072/analysis/atmos/enkfgdas.t12z.ratminc.nc', 'enkfgdas.20220505/12/mem072/analysis/atmos/enkfgdas.t12z.sfci006.nc', 'enkfgdas.20220505/12/mem073/model/atmos/history/enkfgdas.t12z.atmf003.nc', 'enkfgdas.20220505/12/mem073/model/atmos/history/enkfgdas.t12z.sfcf003.nc', 'enkfgdas.20220505/12/mem073/model/atmos/history/enkfgdas.t12z.atmf006.nc', 'enkfgdas.20220505/12/mem073/model/atmos/history/enkfgdas.t12z.sfcf006.nc', 'enkfgdas.20220505/12/mem073/model/atmos/history/enkfgdas.t12z.atmf009.nc', 'enkfgdas.20220505/12/mem073/model/atmos/history/enkfgdas.t12z.sfcf009.nc', 'enkfgdas.20220505/12/mem073/analysis/atmos/enkfgdas.t12z.ratminc.nc', 'enkfgdas.20220505/12/mem073/analysis/atmos/enkfgdas.t12z.sfci006.nc', 'enkfgdas.20220505/12/mem074/model/atmos/history/enkfgdas.t12z.atmf003.nc', 'enkfgdas.20220505/12/mem074/model/atmos/history/enkfgdas.t12z.sfcf003.nc', 'enkfgdas.20220505/12/mem074/model/atmos/history/enkfgdas.t12z.atmf006.nc', 'enkfgdas.20220505/12/mem074/model/atmos/history/enkfgdas.t12z.sfcf006.nc', 'enkfgdas.20220505/12/mem074/model/atmos/history/enkfgdas.t12z.atmf009.nc', 'enkfgdas.20220505/12/mem074/model/atmos/history/enkfgdas.t12z.sfcf009.nc', 'enkfgdas.20220505/12/mem074/analysis/atmos/enkfgdas.t12z.ratminc.nc', 'enkfgdas.20220505/12/mem074/analysis/atmos/enkfgdas.t12z.sfci006.nc', 'enkfgdas.20220505/12/mem075/model/atmos/history/enkfgdas.t12z.atmf003.nc', 'enkfgdas.20220505/12/mem075/model/atmos/history/enkfgdas.t12z.sfcf003.nc', 'enkfgdas.20220505/12/mem075/model/atmos/history/enkfgdas.t12z.atmf006.nc', 'enkfgdas.20220505/12/mem075/model/atmos/history/enkfgdas.t12z.sfcf006.nc', 'enkfgdas.20220505/12/mem075/model/atmos/history/enkfgdas.t12z.atmf009.nc', 'enkfgdas.20220505/12/mem075/model/atmos/history/enkfgdas.t12z.sfcf009.nc', 'enkfgdas.20220505/12/mem075/analysis/atmos/enkfgdas.t12z.ratminc.nc', 'enkfgdas.20220505/12/mem075/analysis/atmos/enkfgdas.t12z.sfci006.nc', 'enkfgdas.20220505/12/mem076/model/atmos/history/enkfgdas.t12z.atmf003.nc', 'enkfgdas.20220505/12/mem076/model/atmos/history/enkfgdas.t12z.sfcf003.nc', 'enkfgdas.20220505/12/mem076/model/atmos/history/enkfgdas.t12z.atmf006.nc', 'enkfgdas.20220505/12/mem076/model/atmos/history/enkfgdas.t12z.sfcf006.nc', 'enkfgdas.20220505/12/mem076/model/atmos/history/enkfgdas.t12z.atmf009.nc', 'enkfgdas.20220505/12/mem076/model/atmos/history/enkfgdas.t12z.sfcf009.nc', 'enkfgdas.20220505/12/mem076/analysis/atmos/enkfgdas.t12z.ratminc.nc', 'enkfgdas.20220505/12/mem076/analysis/atmos/enkfgdas.t12z.sfci006.nc', 'enkfgdas.20220505/12/mem077/model/atmos/history/enkfgdas.t12z.atmf003.nc', 'enkfgdas.20220505/12/mem077/model/atmos/history/enkfgdas.t12z.sfcf003.nc', 'enkfgdas.20220505/12/mem077/model/atmos/history/enkfgdas.t12z.atmf006.nc', 'enkfgdas.20220505/12/mem077/model/atmos/history/enkfgdas.t12z.sfcf006.nc', 'enkfgdas.20220505/12/mem077/model/atmos/history/enkfgdas.t12z.atmf009.nc', 'enkfgdas.20220505/12/mem077/model/atmos/history/enkfgdas.t12z.sfcf009.nc', 'enkfgdas.20220505/12/mem077/analysis/atmos/enkfgdas.t12z.ratminc.nc', 'enkfgdas.20220505/12/mem077/analysis/atmos/enkfgdas.t12z.sfci006.nc', 'enkfgdas.20220505/12/mem078/model/atmos/history/enkfgdas.t12z.atmf003.nc', 'enkfgdas.20220505/12/mem078/model/atmos/history/enkfgdas.t12z.sfcf003.nc', 'enkfgdas.20220505/12/mem078/model/atmos/history/enkfgdas.t12z.atmf006.nc', 'enkfgdas.20220505/12/mem078/model/atmos/history/enkfgdas.t12z.sfcf006.nc', 'enkfgdas.20220505/12/mem078/model/atmos/history/enkfgdas.t12z.atmf009.nc', 'enkfgdas.20220505/12/mem078/model/atmos/history/enkfgdas.t12z.sfcf009.nc', 'enkfgdas.20220505/12/mem078/analysis/atmos/enkfgdas.t12z.ratminc.nc', 'enkfgdas.20220505/12/mem078/analysis/atmos/enkfgdas.t12z.sfci006.nc', 'enkfgdas.20220505/12/mem079/model/atmos/history/enkfgdas.t12z.atmf003.nc', 'enkfgdas.20220505/12/mem079/model/atmos/history/enkfgdas.t12z.sfcf003.nc', 'enkfgdas.20220505/12/mem079/model/atmos/history/enkfgdas.t12z.atmf006.nc', 'enkfgdas.20220505/12/mem079/model/atmos/history/enkfgdas.t12z.sfcf006.nc', 'enkfgdas.20220505/12/mem079/model/atmos/history/enkfgdas.t12z.atmf009.nc', 'enkfgdas.20220505/12/mem079/model/atmos/history/enkfgdas.t12z.sfcf009.nc', 'enkfgdas.20220505/12/mem079/analysis/atmos/enkfgdas.t12z.ratminc.nc', 'enkfgdas.20220505/12/mem079/analysis/atmos/enkfgdas.t12z.sfci006.nc', 'enkfgdas.20220505/12/mem080/model/atmos/history/enkfgdas.t12z.atmf003.nc', 'enkfgdas.20220505/12/mem080/model/atmos/history/enkfgdas.t12z.sfcf003.nc', 'enkfgdas.20220505/12/mem080/model/atmos/history/enkfgdas.t12z.atmf006.nc', 'enkfgdas.20220505/12/mem080/model/atmos/history/enkfgdas.t12z.sfcf006.nc', 'enkfgdas.20220505/12/mem080/model/atmos/history/enkfgdas.t12z.atmf009.nc', 'enkfgdas.20220505/12/mem080/model/atmos/history/enkfgdas.t12z.sfcf009.nc', 'enkfgdas.20220505/12/mem080/analysis/atmos/enkfgdas.t12z.ratminc.nc', 'enkfgdas.20220505/12/mem080/analysis/atmos/enkfgdas.t12z.sfci006.nc'] )[0m
[38;21m2025-07-16 02:00:36,311 - INFO     - archive     :   END: pygfs.task.archive._has_rstprod[0m
[38;5;39m2025-07-16 02:00:36,312 - DEBUG    - archive     :  returning: False[0m
[38;21m2025-07-16 02:00:36,312 - INFO     - archive     : BEGIN: pygfs.task.archive._create_datasets_yaml[0m
[38;5;39m2025-07-16 02:00:36,312 - DEBUG    - archive     : ( <pygfs.task.archive.Archive object at 0x151e70401d90>, [{'name': 'ENKF_GRP', 'target': '/NCEPDEV/emc-da/1year/Tseganeh.Gichamo/GAEAC6/scratch/maysoilda/2022050512/enkfgdas_grp4.tar', 'required': ['enkfgdas.20220505/12/mem061/model/atmos/history/enkfgdas.t12z.atmf003.nc', 'enkfgdas.20220505/12/mem061/model/atmos/history/enkfgdas.t12z.sfcf003.nc', 'enkfgdas.20220505/12/mem061/model/atmos/history/enkfgdas.t12z.atmf006.nc', 'enkfgdas.20220505/12/mem061/model/atmos/history/enkfgdas.t12z.sfcf006.nc', 'enkfgdas.20220505/12/mem061/model/atmos/history/enkfgdas.t12z.atmf009.nc', 'enkfgdas.20220505/12/mem061/model/atmos/history/enkfgdas.t12z.sfcf009.nc', 'enkfgdas.20220505/12/mem061/analysis/atmos/enkfgdas.t12z.ratminc.nc', 'enkfgdas.20220505/12/mem061/analysis/atmos/enkfgdas.t12z.sfci006.nc', 'enkfgdas.20220505/12/mem062/model/atmos/history/enkfgdas.t12z.atmf003.nc', 'enkfgdas.20220505/12/mem062/model/atmos/history/enkfgdas.t12z.sfcf003.nc', 'enkfgdas.20220505/12/mem062/model/atmos/history/enkfgdas.t12z.atmf006.nc', 'enkfgdas.20220505/12/mem062/model/atmos/history/enkfgdas.t12z.sfcf006.nc', 'enkfgdas.20220505/12/mem062/model/atmos/history/enkfgdas.t12z.atmf009.nc', 'enkfgdas.20220505/12/mem062/model/atmos/history/enkfgdas.t12z.sfcf009.nc', 'enkfgdas.20220505/12/mem062/analysis/atmos/enkfgdas.t12z.ratminc.nc', 'enkfgdas.20220505/12/mem062/analysis/atmos/enkfgdas.t12z.sfci006.nc', 'enkfgdas.20220505/12/mem063/model/atmos/history/enkfgdas.t12z.atmf003.nc', 'enkfgdas.20220505/12/mem063/model/atmos/history/enkfgdas.t12z.sfcf003.nc', 'enkfgdas.20220505/12/mem063/model/atmos/history/enkfgdas.t12z.atmf006.nc', 'enkfgdas.20220505/12/mem063/model/atmos/history/enkfgdas.t12z.sfcf006.nc', 'enkfgdas.20220505/12/mem063/model/atmos/history/enkfgdas.t12z.atmf009.nc', 'enkfgdas.20220505/12/mem063/model/atmos/history/enkfgdas.t12z.sfcf009.nc', 'enkfgdas.20220505/12/mem063/analysis/atmos/enkfgdas.t12z.ratminc.nc', 'enkfgdas.20220505/12/mem063/analysis/atmos/enkfgdas.t12z.sfci006.nc', 'enkfgdas.20220505/12/mem064/model/atmos/history/enkfgdas.t12z.atmf003.nc', 'enkfgdas.20220505/12/mem064/model/atmos/history/enkfgdas.t12z.sfcf003.nc', 'enkfgdas.20220505/12/mem064/model/atmos/history/enkfgdas.t12z.atmf006.nc', 'enkfgdas.20220505/12/mem064/model/atmos/history/enkfgdas.t12z.sfcf006.nc', 'enkfgdas.20220505/12/mem064/model/atmos/history/enkfgdas.t12z.atmf009.nc', 'enkfgdas.20220505/12/mem064/model/atmos/history/enkfgdas.t12z.sfcf009.nc', 'enkfgdas.20220505/12/mem064/analysis/atmos/enkfgdas.t12z.ratminc.nc', 'enkfgdas.20220505/12/mem064/analysis/atmos/enkfgdas.t12z.sfci006.nc', 'enkfgdas.20220505/12/mem065/model/atmos/history/enkfgdas.t12z.atmf003.nc', 'enkfgdas.20220505/12/mem065/model/atmos/history/enkfgdas.t12z.sfcf003.nc', 'enkfgdas.20220505/12/mem065/model/atmos/history/enkfgdas.t12z.atmf006.nc', 'enkfgdas.20220505/12/mem065/model/atmos/history/enkfgdas.t12z.sfcf006.nc', 'enkfgdas.20220505/12/mem065/model/atmos/history/enkfgdas.t12z.atmf009.nc', 'enkfgdas.20220505/12/mem065/model/atmos/history/enkfgdas.t12z.sfcf009.nc', 'enkfgdas.20220505/12/mem065/analysis/atmos/enkfgdas.t12z.ratminc.nc', 'enkfgdas.20220505/12/mem065/analysis/atmos/enkfgdas.t12z.sfci006.nc', 'enkfgdas.20220505/12/mem066/model/atmos/history/enkfgdas.t12z.atmf003.nc', 'enkfgdas.20220505/12/mem066/model/atmos/history/enkfgdas.t12z.sfcf003.nc', 'enkfgdas.20220505/12/mem066/model/atmos/history/enkfgdas.t12z.atmf006.nc', 'enkfgdas.20220505/12/mem066/model/atmos/history/enkfgdas.t12z.sfcf006.nc', 'enkfgdas.20220505/12/mem066/model/atmos/history/enkfgdas.t12z.atmf009.nc', 'enkfgdas.20220505/12/mem066/model/atmos/history/enkfgdas.t12z.sfcf009.nc', 'enkfgdas.20220505/12/mem066/analysis/atmos/enkfgdas.t12z.ratminc.nc', 'enkfgdas.20220505/12/mem066/analysis/atmos/enkfgdas.t12z.sfci006.nc', 'enkfgdas.20220505/12/mem067/model/atmos/history/enkfgdas.t12z.atmf003.nc', 'enkfgdas.20220505/12/mem067/model/atmos/history/enkfgdas.t12z.sfcf003.nc', 'enkfgdas.20220505/12/mem067/model/atmos/history/enkfgdas.t12z.atmf006.nc', 'enkfgdas.20220505/12/mem067/model/atmos/history/enkfgdas.t12z.sfcf006.nc', 'enkfgdas.20220505/12/mem067/model/atmos/history/enkfgdas.t12z.atmf009.nc', 'enkfgdas.20220505/12/mem067/model/atmos/history/enkfgdas.t12z.sfcf009.nc', 'enkfgdas.20220505/12/mem067/analysis/atmos/enkfgdas.t12z.ratminc.nc', 'enkfgdas.20220505/12/mem067/analysis/atmos/enkfgdas.t12z.sfci006.nc', 'enkfgdas.20220505/12/mem068/model/atmos/history/enkfgdas.t12z.atmf003.nc', 'enkfgdas.20220505/12/mem068/model/atmos/history/enkfgdas.t12z.sfcf003.nc', 'enkfgdas.20220505/12/mem068/model/atmos/history/enkfgdas.t12z.atmf006.nc', 'enkfgdas.20220505/12/mem068/model/atmos/history/enkfgdas.t12z.sfcf006.nc', 'enkfgdas.20220505/12/mem068/model/atmos/history/enkfgdas.t12z.atmf009.nc', 'enkfgdas.20220505/12/mem068/model/atmos/history/enkfgdas.t12z.sfcf009.nc', 'enkfgdas.20220505/12/mem068/analysis/atmos/enkfgdas.t12z.ratminc.nc', 'enkfgdas.20220505/12/mem068/analysis/atmos/enkfgdas.t12z.sfci006.nc', 'enkfgdas.20220505/12/mem069/model/atmos/history/enkfgdas.t12z.atmf003.nc', 'enkfgdas.20220505/12/mem069/model/atmos/history/enkfgdas.t12z.sfcf003.nc', 'enkfgdas.20220505/12/mem069/model/atmos/history/enkfgdas.t12z.atmf006.nc', 'enkfgdas.20220505/12/mem069/model/atmos/history/enkfgdas.t12z.sfcf006.nc', 'enkfgdas.20220505/12/mem069/model/atmos/history/enkfgdas.t12z.atmf009.nc', 'enkfgdas.20220505/12/mem069/model/atmos/history/enkfgdas.t12z.sfcf009.nc', 'enkfgdas.20220505/12/mem069/analysis/atmos/enkfgdas.t12z.ratminc.nc', 'enkfgdas.20220505/12/mem069/analysis/atmos/enkfgdas.t12z.sfci006.nc', 'enkfgdas.20220505/12/mem070/model/atmos/history/enkfgdas.t12z.atmf003.nc', 'enkfgdas.20220505/12/mem070/model/atmos/history/enkfgdas.t12z.sfcf003.nc', 'enkfgdas.20220505/12/mem070/model/atmos/history/enkfgdas.t12z.atmf006.nc', 'enkfgdas.20220505/12/mem070/model/atmos/history/enkfgdas.t12z.sfcf006.nc', 'enkfgdas.20220505/12/mem070/model/atmos/history/enkfgdas.t12z.atmf009.nc', 'enkfgdas.20220505/12/mem070/model/atmos/history/enkfgdas.t12z.sfcf009.nc', 'enkfgdas.20220505/12/mem070/analysis/atmos/enkfgdas.t12z.ratminc.nc', 'enkfgdas.20220505/12/mem070/analysis/atmos/enkfgdas.t12z.sfci006.nc', 'enkfgdas.20220505/12/mem071/model/atmos/history/enkfgdas.t12z.atmf003.nc', 'enkfgdas.20220505/12/mem071/model/atmos/history/enkfgdas.t12z.sfcf003.nc', 'enkfgdas.20220505/12/mem071/model/atmos/history/enkfgdas.t12z.atmf006.nc', 'enkfgdas.20220505/12/mem071/model/atmos/history/enkfgdas.t12z.sfcf006.nc', 'enkfgdas.20220505/12/mem071/model/atmos/history/enkfgdas.t12z.atmf009.nc', 'enkfgdas.20220505/12/mem071/model/atmos/history/enkfgdas.t12z.sfcf009.nc', 'enkfgdas.20220505/12/mem071/analysis/atmos/enkfgdas.t12z.ratminc.nc', 'enkfgdas.20220505/12/mem071/analysis/atmos/enkfgdas.t12z.sfci006.nc', 'enkfgdas.20220505/12/mem072/model/atmos/history/enkfgdas.t12z.atmf003.nc', 'enkfgdas.20220505/12/mem072/model/atmos/history/enkfgdas.t12z.sfcf003.nc', 'enkfgdas.20220505/12/mem072/model/atmos/history/enkfgdas.t12z.atmf006.nc', 'enkfgdas.20220505/12/mem072/model/atmos/history/enkfgdas.t12z.sfcf006.nc', 'enkfgdas.20220505/12/mem072/model/atmos/history/enkfgdas.t12z.atmf009.nc', 'enkfgdas.20220505/12/mem072/model/atmos/history/enkfgdas.t12z.sfcf009.nc', 'enkfgdas.20220505/12/mem072/analysis/atmos/enkfgdas.t12z.ratminc.nc', 'enkfgdas.20220505/12/mem072/analysis/atmos/enkfgdas.t12z.sfci006.nc', 'enkfgdas.20220505/12/mem073/model/atmos/history/enkfgdas.t12z.atmf003.nc', 'enkfgdas.20220505/12/mem073/model/atmos/history/enkfgdas.t12z.sfcf003.nc', 'enkfgdas.20220505/12/mem073/model/atmos/history/enkfgdas.t12z.atmf006.nc', 'enkfgdas.20220505/12/mem073/model/atmos/history/enkfgdas.t12z.sfcf006.nc', 'enkfgdas.20220505/12/mem073/model/atmos/history/enkfgdas.t12z.atmf009.nc', 'enkfgdas.20220505/12/mem073/model/atmos/history/enkfgdas.t12z.sfcf009.nc', 'enkfgdas.20220505/12/mem073/analysis/atmos/enkfgdas.t12z.ratminc.nc', 'enkfgdas.20220505/12/mem073/analysis/atmos/enkfgdas.t12z.sfci006.nc', 'enkfgdas.20220505/12/mem074/model/atmos/history/enkfgdas.t12z.atmf003.nc', 'enkfgdas.20220505/12/mem074/model/atmos/history/enkfgdas.t12z.sfcf003.nc', 'enkfgdas.20220505/12/mem074/model/atmos/history/enkfgdas.t12z.atmf006.nc', 'enkfgdas.20220505/12/mem074/model/atmos/history/enkfgdas.t12z.sfcf006.nc', 'enkfgdas.20220505/12/mem074/model/atmos/history/enkfgdas.t12z.atmf009.nc', 'enkfgdas.20220505/12/mem074/model/atmos/history/enkfgdas.t12z.sfcf009.nc', 'enkfgdas.20220505/12/mem074/analysis/atmos/enkfgdas.t12z.ratminc.nc', 'enkfgdas.20220505/12/mem074/analysis/atmos/enkfgdas.t12z.sfci006.nc', 'enkfgdas.20220505/12/mem075/model/atmos/history/enkfgdas.t12z.atmf003.nc', 'enkfgdas.20220505/12/mem075/model/atmos/history/enkfgdas.t12z.sfcf003.nc', 'enkfgdas.20220505/12/mem075/model/atmos/history/enkfgdas.t12z.atmf006.nc', 'enkfgdas.20220505/12/mem075/model/atmos/history/enkfgdas.t12z.sfcf006.nc', 'enkfgdas.20220505/12/mem075/model/atmos/history/enkfgdas.t12z.atmf009.nc', 'enkfgdas.20220505/12/mem075/model/atmos/history/enkfgdas.t12z.sfcf009.nc', 'enkfgdas.20220505/12/mem075/analysis/atmos/enkfgdas.t12z.ratminc.nc', 'enkfgdas.20220505/12/mem075/analysis/atmos/enkfgdas.t12z.sfci006.nc', 'enkfgdas.20220505/12/mem076/model/atmos/history/enkfgdas.t12z.atmf003.nc', 'enkfgdas.20220505/12/mem076/model/atmos/history/enkfgdas.t12z.sfcf003.nc', 'enkfgdas.20220505/12/mem076/model/atmos/history/enkfgdas.t12z.atmf006.nc', 'enkfgdas.20220505/12/mem076/model/atmos/history/enkfgdas.t12z.sfcf006.nc', 'enkfgdas.20220505/12/mem076/model/atmos/history/enkfgdas.t12z.atmf009.nc', 'enkfgdas.20220505/12/mem076/model/atmos/history/enkfgdas.t12z.sfcf009.nc', 'enkfgdas.20220505/12/mem076/analysis/atmos/enkfgdas.t12z.ratminc.nc', 'enkfgdas.20220505/12/mem076/analysis/atmos/enkfgdas.t12z.sfci006.nc', 'enkfgdas.20220505/12/mem077/model/atmos/history/enkfgdas.t12z.atmf003.nc', 'enkfgdas.20220505/12/mem077/model/atmos/history/enkfgdas.t12z.sfcf003.nc', 'enkfgdas.20220505/12/mem077/model/atmos/history/enkfgdas.t12z.atmf006.nc', 'enkfgdas.20220505/12/mem077/model/atmos/history/enkfgdas.t12z.sfcf006.nc', 'enkfgdas.20220505/12/mem077/model/atmos/history/enkfgdas.t12z.atmf009.nc', 'enkfgdas.20220505/12/mem077/model/atmos/history/enkfgdas.t12z.sfcf009.nc', 'enkfgdas.20220505/12/mem077/analysis/atmos/enkfgdas.t12z.ratminc.nc', 'enkfgdas.20220505/12/mem077/analysis/atmos/enkfgdas.t12z.sfci006.nc', 'enkfgdas.20220505/12/mem078/model/atmos/history/enkfgdas.t12z.atmf003.nc', 'enkfgdas.20220505/12/mem078/model/atmos/history/enkfgdas.t12z.sfcf003.nc', 'enkfgdas.20220505/12/mem078/model/atmos/history/enkfgdas.t12z.atmf006.nc', 'enkfgdas.20220505/12/mem078/model/atmos/history/enkfgdas.t12z.sfcf006.nc', 'enkfgdas.20220505/12/mem078/model/atmos/history/enkfgdas.t12z.atmf009.nc', 'enkfgdas.20220505/12/mem078/model/atmos/history/enkfgdas.t12z.sfcf009.nc', 'enkfgdas.20220505/12/mem078/analysis/atmos/enkfgdas.t12z.ratminc.nc', 'enkfgdas.20220505/12/mem078/analysis/atmos/enkfgdas.t12z.sfci006.nc', 'enkfgdas.20220505/12/mem079/model/atmos/history/enkfgdas.t12z.atmf003.nc', 'enkfgdas.20220505/12/mem079/model/atmos/history/enkfgdas.t12z.sfcf003.nc', 'enkfgdas.20220505/12/mem079/model/atmos/history/enkfgdas.t12z.atmf006.nc', 'enkfgdas.20220505/12/mem079/model/atmos/history/enkfgdas.t12z.sfcf006.nc', 'enkfgdas.20220505/12/mem079/model/atmos/history/enkfgdas.t12z.atmf009.nc', 'enkfgdas.20220505/12/mem079/model/atmos/history/enkfgdas.t12z.sfcf009.nc', 'enkfgdas.20220505/12/mem079/analysis/atmos/enkfgdas.t12z.ratminc.nc', 'enkfgdas.20220505/12/mem079/analysis/atmos/enkfgdas.t12z.sfci006.nc', 'enkfgdas.20220505/12/mem080/model/atmos/history/enkfgdas.t12z.atmf003.nc', 'enkfgdas.20220505/12/mem080/model/atmos/history/enkfgdas.t12z.sfcf003.nc', 'enkfgdas.20220505/12/mem080/model/atmos/history/enkfgdas.t12z.atmf006.nc', 'enkfgdas.20220505/12/mem080/model/atmos/history/enkfgdas.t12z.sfcf006.nc', 'enkfgdas.20220505/12/mem080/model/atmos/history/enkfgdas.t12z.atmf009.nc', 'enkfgdas.20220505/12/mem080/model/atmos/history/enkfgdas.t12z.sfcf009.nc', 'enkfgdas.20220505/12/mem080/analysis/atmos/enkfgdas.t12z.ratminc.nc', 'enkfgdas.20220505/12/mem080/analysis/atmos/enkfgdas.t12z.sfci006.nc'], 'fileset': ['enkfgdas.20220505/12/mem061/model/atmos/history/enkfgdas.t12z.atmf003.nc', 'enkfgdas.20220505/12/mem061/model/atmos/history/enkfgdas.t12z.sfcf003.nc', 'enkfgdas.20220505/12/mem061/model/atmos/history/enkfgdas.t12z.atmf006.nc', 'enkfgdas.20220505/12/mem061/model/atmos/history/enkfgdas.t12z.sfcf006.nc', 'enkfgdas.20220505/12/mem061/model/atmos/history/enkfgdas.t12z.atmf009.nc', 'enkfgdas.20220505/12/mem061/model/atmos/history/enkfgdas.t12z.sfcf009.nc', 'enkfgdas.20220505/12/mem061/analysis/atmos/enkfgdas.t12z.ratminc.nc', 'enkfgdas.20220505/12/mem061/analysis/atmos/enkfgdas.t12z.sfci006.nc', 'enkfgdas.20220505/12/mem062/model/atmos/history/enkfgdas.t12z.atmf003.nc', 'enkfgdas.20220505/12/mem062/model/atmos/history/enkfgdas.t12z.sfcf003.nc', 'enkfgdas.20220505/12/mem062/model/atmos/history/enkfgdas.t12z.atmf006.nc', 'enkfgdas.20220505/12/mem062/model/atmos/history/enkfgdas.t12z.sfcf006.nc', 'enkfgdas.20220505/12/mem062/model/atmos/history/enkfgdas.t12z.atmf009.nc', 'enkfgdas.20220505/12/mem062/model/atmos/history/enkfgdas.t12z.sfcf009.nc', 'enkfgdas.20220505/12/mem062/analysis/atmos/enkfgdas.t12z.ratminc.nc', 'enkfgdas.20220505/12/mem062/analysis/atmos/enkfgdas.t12z.sfci006.nc', 'enkfgdas.20220505/12/mem063/model/atmos/history/enkfgdas.t12z.atmf003.nc', 'enkfgdas.20220505/12/mem063/model/atmos/history/enkfgdas.t12z.sfcf003.nc', 'enkfgdas.20220505/12/mem063/model/atmos/history/enkfgdas.t12z.atmf006.nc', 'enkfgdas.20220505/12/mem063/model/atmos/history/enkfgdas.t12z.sfcf006.nc', 'enkfgdas.20220505/12/mem063/model/atmos/history/enkfgdas.t12z.atmf009.nc', 'enkfgdas.20220505/12/mem063/model/atmos/history/enkfgdas.t12z.sfcf009.nc', 'enkfgdas.20220505/12/mem063/analysis/atmos/enkfgdas.t12z.ratminc.nc', 'enkfgdas.20220505/12/mem063/analysis/atmos/enkfgdas.t12z.sfci006.nc', 'enkfgdas.20220505/12/mem064/model/atmos/history/enkfgdas.t12z.atmf003.nc', 'enkfgdas.20220505/12/mem064/model/atmos/history/enkfgdas.t12z.sfcf003.nc', 'enkfgdas.20220505/12/mem064/model/atmos/history/enkfgdas.t12z.atmf006.nc', 'enkfgdas.20220505/12/mem064/model/atmos/history/enkfgdas.t12z.sfcf006.nc', 'enkfgdas.20220505/12/mem064/model/atmos/history/enkfgdas.t12z.atmf009.nc', 'enkfgdas.20220505/12/mem064/model/atmos/history/enkfgdas.t12z.sfcf009.nc', 'enkfgdas.20220505/12/mem064/analysis/atmos/enkfgdas.t12z.ratminc.nc', 'enkfgdas.20220505/12/mem064/analysis/atmos/enkfgdas.t12z.sfci006.nc', 'enkfgdas.20220505/12/mem065/model/atmos/history/enkfgdas.t12z.atmf003.nc', 'enkfgdas.20220505/12/mem065/model/atmos/history/enkfgdas.t12z.sfcf003.nc', 'enkfgdas.20220505/12/mem065/model/atmos/history/enkfgdas.t12z.atmf006.nc', 'enkfgdas.20220505/12/mem065/model/atmos/history/enkfgdas.t12z.sfcf006.nc', 'enkfgdas.20220505/12/mem065/model/atmos/history/enkfgdas.t12z.atmf009.nc', 'enkfgdas.20220505/12/mem065/model/atmos/history/enkfgdas.t12z.sfcf009.nc', 'enkfgdas.20220505/12/mem065/analysis/atmos/enkfgdas.t12z.ratminc.nc', 'enkfgdas.20220505/12/mem065/analysis/atmos/enkfgdas.t12z.sfci006.nc', 'enkfgdas.20220505/12/mem066/model/atmos/history/enkfgdas.t12z.atmf003.nc', 'enkfgdas.20220505/12/mem066/model/atmos/history/enkfgdas.t12z.sfcf003.nc', 'enkfgdas.20220505/12/mem066/model/atmos/history/enkfgdas.t12z.atmf006.nc', 'enkfgdas.20220505/12/mem066/model/atmos/history/enkfgdas.t12z.sfcf006.nc', 'enkfgdas.20220505/12/mem066/model/atmos/history/enkfgdas.t12z.atmf009.nc', 'enkfgdas.20220505/12/mem066/model/atmos/history/enkfgdas.t12z.sfcf009.nc', 'enkfgdas.20220505/12/mem066/analysis/atmos/enkfgdas.t12z.ratminc.nc', 'enkfgdas.20220505/12/mem066/analysis/atmos/enkfgdas.t12z.sfci006.nc', 'enkfgdas.20220505/12/mem067/model/atmos/history/enkfgdas.t12z.atmf003.nc', 'enkfgdas.20220505/12/mem067/model/atmos/history/enkfgdas.t12z.sfcf003.nc', 'enkfgdas.20220505/12/mem067/model/atmos/history/enkfgdas.t12z.atmf006.nc', 'enkfgdas.20220505/12/mem067/model/atmos/history/enkfgdas.t12z.sfcf006.nc', 'enkfgdas.20220505/12/mem067/model/atmos/history/enkfgdas.t12z.atmf009.nc', 'enkfgdas.20220505/12/mem067/model/atmos/history/enkfgdas.t12z.sfcf009.nc', 'enkfgdas.20220505/12/mem067/analysis/atmos/enkfgdas.t12z.ratminc.nc', 'enkfgdas.20220505/12/mem067/analysis/atmos/enkfgdas.t12z.sfci006.nc', 'enkfgdas.20220505/12/mem068/model/atmos/history/enkfgdas.t12z.atmf003.nc', 'enkfgdas.20220505/12/mem068/model/atmos/history/enkfgdas.t12z.sfcf003.nc', 'enkfgdas.20220505/12/mem068/model/atmos/history/enkfgdas.t12z.atmf006.nc', 'enkfgdas.20220505/12/mem068/model/atmos/history/enkfgdas.t12z.sfcf006.nc', 'enkfgdas.20220505/12/mem068/model/atmos/history/enkfgdas.t12z.atmf009.nc', 'enkfgdas.20220505/12/mem068/model/atmos/history/enkfgdas.t12z.sfcf009.nc', 'enkfgdas.20220505/12/mem068/analysis/atmos/enkfgdas.t12z.ratminc.nc', 'enkfgdas.20220505/12/mem068/analysis/atmos/enkfgdas.t12z.sfci006.nc', 'enkfgdas.20220505/12/mem069/model/atmos/history/enkfgdas.t12z.atmf003.nc', 'enkfgdas.20220505/12/mem069/model/atmos/history/enkfgdas.t12z.sfcf003.nc', 'enkfgdas.20220505/12/mem069/model/atmos/history/enkfgdas.t12z.atmf006.nc', 'enkfgdas.20220505/12/mem069/model/atmos/history/enkfgdas.t12z.sfcf006.nc', 'enkfgdas.20220505/12/mem069/model/atmos/history/enkfgdas.t12z.atmf009.nc', 'enkfgdas.20220505/12/mem069/model/atmos/history/enkfgdas.t12z.sfcf009.nc', 'enkfgdas.20220505/12/mem069/analysis/atmos/enkfgdas.t12z.ratminc.nc', 'enkfgdas.20220505/12/mem069/analysis/atmos/enkfgdas.t12z.sfci006.nc', 'enkfgdas.20220505/12/mem070/model/atmos/history/enkfgdas.t12z.atmf003.nc', 'enkfgdas.20220505/12/mem070/model/atmos/history/enkfgdas.t12z.sfcf003.nc', 'enkfgdas.20220505/12/mem070/model/atmos/history/enkfgdas.t12z.atmf006.nc', 'enkfgdas.20220505/12/mem070/model/atmos/history/enkfgdas.t12z.sfcf006.nc', 'enkfgdas.20220505/12/mem070/model/atmos/history/enkfgdas.t12z.atmf009.nc', 'enkfgdas.20220505/12/mem070/model/atmos/history/enkfgdas.t12z.sfcf009.nc', 'enkfgdas.20220505/12/mem070/analysis/atmos/enkfgdas.t12z.ratminc.nc', 'enkfgdas.20220505/12/mem070/analysis/atmos/enkfgdas.t12z.sfci006.nc', 'enkfgdas.20220505/12/mem071/model/atmos/history/enkfgdas.t12z.atmf003.nc', 'enkfgdas.20220505/12/mem071/model/atmos/history/enkfgdas.t12z.sfcf003.nc', 'enkfgdas.20220505/12/mem071/model/atmos/history/enkfgdas.t12z.atmf006.nc', 'enkfgdas.20220505/12/mem071/model/atmos/history/enkfgdas.t12z.sfcf006.nc', 'enkfgdas.20220505/12/mem071/model/atmos/history/enkfgdas.t12z.atmf009.nc', 'enkfgdas.20220505/12/mem071/model/atmos/history/enkfgdas.t12z.sfcf009.nc', 'enkfgdas.20220505/12/mem071/analysis/atmos/enkfgdas.t12z.ratminc.nc', 'enkfgdas.20220505/12/mem071/analysis/atmos/enkfgdas.t12z.sfci006.nc', 'enkfgdas.20220505/12/mem072/model/atmos/history/enkfgdas.t12z.atmf003.nc', 'enkfgdas.20220505/12/mem072/model/atmos/history/enkfgdas.t12z.sfcf003.nc', 'enkfgdas.20220505/12/mem072/model/atmos/history/enkfgdas.t12z.atmf006.nc', 'enkfgdas.20220505/12/mem072/model/atmos/history/enkfgdas.t12z.sfcf006.nc', 'enkfgdas.20220505/12/mem072/model/atmos/history/enkfgdas.t12z.atmf009.nc', 'enkfgdas.20220505/12/mem072/model/atmos/history/enkfgdas.t12z.sfcf009.nc', 'enkfgdas.20220505/12/mem072/analysis/atmos/enkfgdas.t12z.ratminc.nc', 'enkfgdas.20220505/12/mem072/analysis/atmos/enkfgdas.t12z.sfci006.nc', 'enkfgdas.20220505/12/mem073/model/atmos/history/enkfgdas.t12z.atmf003.nc', 'enkfgdas.20220505/12/mem073/model/atmos/history/enkfgdas.t12z.sfcf003.nc', 'enkfgdas.20220505/12/mem073/model/atmos/history/enkfgdas.t12z.atmf006.nc', 'enkfgdas.20220505/12/mem073/model/atmos/history/enkfgdas.t12z.sfcf006.nc', 'enkfgdas.20220505/12/mem073/model/atmos/history/enkfgdas.t12z.atmf009.nc', 'enkfgdas.20220505/12/mem073/model/atmos/history/enkfgdas.t12z.sfcf009.nc', 'enkfgdas.20220505/12/mem073/analysis/atmos/enkfgdas.t12z.ratminc.nc', 'enkfgdas.20220505/12/mem073/analysis/atmos/enkfgdas.t12z.sfci006.nc', 'enkfgdas.20220505/12/mem074/model/atmos/history/enkfgdas.t12z.atmf003.nc', 'enkfgdas.20220505/12/mem074/model/atmos/history/enkfgdas.t12z.sfcf003.nc', 'enkfgdas.20220505/12/mem074/model/atmos/history/enkfgdas.t12z.atmf006.nc', 'enkfgdas.20220505/12/mem074/model/atmos/history/enkfgdas.t12z.sfcf006.nc', 'enkfgdas.20220505/12/mem074/model/atmos/history/enkfgdas.t12z.atmf009.nc', 'enkfgdas.20220505/12/mem074/model/atmos/history/enkfgdas.t12z.sfcf009.nc', 'enkfgdas.20220505/12/mem074/analysis/atmos/enkfgdas.t12z.ratminc.nc', 'enkfgdas.20220505/12/mem074/analysis/atmos/enkfgdas.t12z.sfci006.nc', 'enkfgdas.20220505/12/mem075/model/atmos/history/enkfgdas.t12z.atmf003.nc', 'enkfgdas.20220505/12/mem075/model/atmos/history/enkfgdas.t12z.sfcf003.nc', 'enkfgdas.20220505/12/mem075/model/atmos/history/enkfgdas.t12z.atmf006.nc', 'enkfgdas.20220505/12/mem075/model/atmos/history/enkfgdas.t12z.sfcf006.nc', 'enkfgdas.20220505/12/mem075/model/atmos/history/enkfgdas.t12z.atmf009.nc', 'enkfgdas.20220505/12/mem075/model/atmos/history/enkfgdas.t12z.sfcf009.nc', 'enkfgdas.20220505/12/mem075/analysis/atmos/enkfgdas.t12z.ratminc.nc', 'enkfgdas.20220505/12/mem075/analysis/atmos/enkfgdas.t12z.sfci006.nc', 'enkfgdas.20220505/12/mem076/model/atmos/history/enkfgdas.t12z.atmf003.nc', 'enkfgdas.20220505/12/mem076/model/atmos/history/enkfgdas.t12z.sfcf003.nc', 'enkfgdas.20220505/12/mem076/model/atmos/history/enkfgdas.t12z.atmf006.nc', 'enkfgdas.20220505/12/mem076/model/atmos/history/enkfgdas.t12z.sfcf006.nc', 'enkfgdas.20220505/12/mem076/model/atmos/history/enkfgdas.t12z.atmf009.nc', 'enkfgdas.20220505/12/mem076/model/atmos/history/enkfgdas.t12z.sfcf009.nc', 'enkfgdas.20220505/12/mem076/analysis/atmos/enkfgdas.t12z.ratminc.nc', 'enkfgdas.20220505/12/mem076/analysis/atmos/enkfgdas.t12z.sfci006.nc', 'enkfgdas.20220505/12/mem077/model/atmos/history/enkfgdas.t12z.atmf003.nc', 'enkfgdas.20220505/12/mem077/model/atmos/history/enkfgdas.t12z.sfcf003.nc', 'enkfgdas.20220505/12/mem077/model/atmos/history/enkfgdas.t12z.atmf006.nc', 'enkfgdas.20220505/12/mem077/model/atmos/history/enkfgdas.t12z.sfcf006.nc', 'enkfgdas.20220505/12/mem077/model/atmos/history/enkfgdas.t12z.atmf009.nc', 'enkfgdas.20220505/12/mem077/model/atmos/history/enkfgdas.t12z.sfcf009.nc', 'enkfgdas.20220505/12/mem077/analysis/atmos/enkfgdas.t12z.ratminc.nc', 'enkfgdas.20220505/12/mem077/analysis/atmos/enkfgdas.t12z.sfci006.nc', 'enkfgdas.20220505/12/mem078/model/atmos/history/enkfgdas.t12z.atmf003.nc', 'enkfgdas.20220505/12/mem078/model/atmos/history/enkfgdas.t12z.sfcf003.nc', 'enkfgdas.20220505/12/mem078/model/atmos/history/enkfgdas.t12z.atmf006.nc', 'enkfgdas.20220505/12/mem078/model/atmos/history/enkfgdas.t12z.sfcf006.nc', 'enkfgdas.20220505/12/mem078/model/atmos/history/enkfgdas.t12z.atmf009.nc', 'enkfgdas.20220505/12/mem078/model/atmos/history/enkfgdas.t12z.sfcf009.nc', 'enkfgdas.20220505/12/mem078/analysis/atmos/enkfgdas.t12z.ratminc.nc', 'enkfgdas.20220505/12/mem078/analysis/atmos/enkfgdas.t12z.sfci006.nc', 'enkfgdas.20220505/12/mem079/model/atmos/history/enkfgdas.t12z.atmf003.nc', 'enkfgdas.20220505/12/mem079/model/atmos/history/enkfgdas.t12z.sfcf003.nc', 'enkfgdas.20220505/12/mem079/model/atmos/history/enkfgdas.t12z.atmf006.nc', 'enkfgdas.20220505/12/mem079/model/atmos/history/enkfgdas.t12z.sfcf006.nc', 'enkfgdas.20220505/12/mem079/model/atmos/history/enkfgdas.t12z.atmf009.nc', 'enkfgdas.20220505/12/mem079/model/atmos/history/enkfgdas.t12z.sfcf009.nc', 'enkfgdas.20220505/12/mem079/analysis/atmos/enkfgdas.t12z.ratminc.nc', 'enkfgdas.20220505/12/mem079/analysis/atmos/enkfgdas.t12z.sfci006.nc', 'enkfgdas.20220505/12/mem080/model/atmos/history/enkfgdas.t12z.atmf003.nc', 'enkfgdas.20220505/12/mem080/model/atmos/history/enkfgdas.t12z.sfcf003.nc', 'enkfgdas.20220505/12/mem080/model/atmos/history/enkfgdas.t12z.atmf006.nc', 'enkfgdas.20220505/12/mem080/model/atmos/history/enkfgdas.t12z.sfcf006.nc', 'enkfgdas.20220505/12/mem080/model/atmos/history/enkfgdas.t12z.atmf009.nc', 'enkfgdas.20220505/12/mem080/model/atmos/history/enkfgdas.t12z.sfcf009.nc', 'enkfgdas.20220505/12/mem080/analysis/atmos/enkfgdas.t12z.ratminc.nc', 'enkfgdas.20220505/12/mem080/analysis/atmos/enkfgdas.t12z.sfci006.nc'], 'has_rstprod': False}], 4 )[0m
[38;5;39m2025-07-16 02:00:36,312 - DEBUG    - archive     : Writing the dataset YAML to /gpfs/f6/gfs-cpu/scratch/Tseganeh.Gichamo/COMROOT//maysoilda/enkfgdas.20220505/12/ensstat/conf/backup_tarballs_group4.yaml[0m
[38;5;39m2025-07-16 02:00:36,312 - DEBUG    - archive     : YAML contents: 
{'ENKF_GRP': {'target': '/NCEPDEV/emc-da/1year/Tseganeh.Gichamo/GAEAC6/scratch/maysoilda/2022050512/enkfgdas_grp4.tar', 'has_rstprod': False}}[0m
[38;21m2025-07-16 02:00:36,316 - INFO     - archive     :   END: pygfs.task.archive._create_datasets_yaml[0m
[38;5;39m2025-07-16 02:00:36,316 - DEBUG    - archive     :  returning: None[0m
[38;21m2025-07-16 02:00:36,316 - INFO     - archive     :   END: pygfs.task.archive.configure_tars[0m
[38;5;39m2025-07-16 02:00:36,316 - DEBUG    - archive     :  returning: [{'name': 'ENKF_GRP', 'target': '/NCEPDEV/emc-da/1year/Tseganeh.Gichamo/GAEAC6/scratch/maysoilda/2022050512/enkfgdas_grp4.tar', 'required': ['enkfgdas.20220505/12/mem061/model/atmos/history/enkfgdas.t12z.atmf003.nc', 'enkfgdas.20220505/12/mem061/model/atmos/history/enkfgdas.t12z.sfcf003.nc', 'enkfgdas.20220505/12/mem061/model/atmos/history/enkfgdas.t12z.atmf006.nc', 'enkfgdas.20220505/12/mem061/model/atmos/history/enkfgdas.t12z.sfcf006.nc', 'enkfgdas.20220505/12/mem061/model/atmos/history/enkfgdas.t12z.atmf009.nc', 'enkfgdas.20220505/12/mem061/model/atmos/history/enkfgdas.t12z.sfcf009.nc', 'enkfgdas.20220505/12/mem061/analysis/atmos/enkfgdas.t12z.ratminc.nc', 'enkfgdas.20220505/12/mem061/analysis/atmos/enkfgdas.t12z.sfci006.nc', 'enkfgdas.20220505/12/mem062/model/atmos/history/enkfgdas.t12z.atmf003.nc', 'enkfgdas.20220505/12/mem062/model/atmos/history/enkfgdas.t12z.sfcf003.nc', 'enkfgdas.20220505/12/mem062/model/atmos/history/enkfgdas.t12z.atmf006.nc', 'enkfgdas.20220505/12/mem062/model/atmos/history/enkfgdas.t12z.sfcf006.nc', 'enkfgdas.20220505/12/mem062/model/atmos/history/enkfgdas.t12z.atmf009.nc', 'enkfgdas.20220505/12/mem062/model/atmos/history/enkfgdas.t12z.sfcf009.nc', 'enkfgdas.20220505/12/mem062/analysis/atmos/enkfgdas.t12z.ratminc.nc', 'enkfgdas.20220505/12/mem062/analysis/atmos/enkfgdas.t12z.sfci006.nc', 'enkfgdas.20220505/12/mem063/model/atmos/history/enkfgdas.t12z.atmf003.nc', 'enkfgdas.20220505/12/mem063/model/atmos/history/enkfgdas.t12z.sfcf003.nc', 'enkfgdas.20220505/12/mem063/model/atmos/history/enkfgdas.t12z.atmf006.nc', 'enkfgdas.20220505/12/mem063/model/atmos/history/enkfgdas.t12z.sfcf006.nc', 'enkfgdas.20220505/12/mem063/model/atmos/history/enkfgdas.t12z.atmf009.nc', 'enkfgdas.20220505/12/mem063/model/atmos/history/enkfgdas.t12z.sfcf009.nc', 'enkfgdas.20220505/12/mem063/analysis/atmos/enkfgdas.t12z.ratminc.nc', 'enkfgdas.20220505/12/mem063/analysis/atmos/enkfgdas.t12z.sfci006.nc', 'enkfgdas.20220505/12/mem064/model/atmos/history/enkfgdas.t12z.atmf003.nc', 'enkfgdas.20220505/12/mem064/model/atmos/history/enkfgdas.t12z.sfcf003.nc', 'enkfgdas.20220505/12/mem064/model/atmos/history/enkfgdas.t12z.atmf006.nc', 'enkfgdas.20220505/12/mem064/model/atmos/history/enkfgdas.t12z.sfcf006.nc', 'enkfgdas.20220505/12/mem064/model/atmos/history/enkfgdas.t12z.atmf009.nc', 'enkfgdas.20220505/12/mem064/model/atmos/history/enkfgdas.t12z.sfcf009.nc', 'enkfgdas.20220505/12/mem064/analysis/atmos/enkfgdas.t12z.ratminc.nc', 'enkfgdas.20220505/12/mem064/analysis/atmos/enkfgdas.t12z.sfci006.nc', 'enkfgdas.20220505/12/mem065/model/atmos/history/enkfgdas.t12z.atmf003.nc', 'enkfgdas.20220505/12/mem065/model/atmos/history/enkfgdas.t12z.sfcf003.nc', 'enkfgdas.20220505/12/mem065/model/atmos/history/enkfgdas.t12z.atmf006.nc', 'enkfgdas.20220505/12/mem065/model/atmos/history/enkfgdas.t12z.sfcf006.nc', 'enkfgdas.20220505/12/mem065/model/atmos/history/enkfgdas.t12z.atmf009.nc', 'enkfgdas.20220505/12/mem065/model/atmos/history/enkfgdas.t12z.sfcf009.nc', 'enkfgdas.20220505/12/mem065/analysis/atmos/enkfgdas.t12z.ratminc.nc', 'enkfgdas.20220505/12/mem065/analysis/atmos/enkfgdas.t12z.sfci006.nc', 'enkfgdas.20220505/12/mem066/model/atmos/history/enkfgdas.t12z.atmf003.nc', 'enkfgdas.20220505/12/mem066/model/atmos/history/enkfgdas.t12z.sfcf003.nc', 'enkfgdas.20220505/12/mem066/model/atmos/history/enkfgdas.t12z.atmf006.nc', 'enkfgdas.20220505/12/mem066/model/atmos/history/enkfgdas.t12z.sfcf006.nc', 'enkfgdas.20220505/12/mem066/model/atmos/history/enkfgdas.t12z.atmf009.nc', 'enkfgdas.20220505/12/mem066/model/atmos/history/enkfgdas.t12z.sfcf009.nc', 'enkfgdas.20220505/12/mem066/analysis/atmos/enkfgdas.t12z.ratminc.nc', 'enkfgdas.20220505/12/mem066/analysis/atmos/enkfgdas.t12z.sfci006.nc', 'enkfgdas.20220505/12/mem067/model/atmos/history/enkfgdas.t12z.atmf003.nc', 'enkfgdas.20220505/12/mem067/model/atmos/history/enkfgdas.t12z.sfcf003.nc', 'enkfgdas.20220505/12/mem067/model/atmos/history/enkfgdas.t12z.atmf006.nc', 'enkfgdas.20220505/12/mem067/model/atmos/history/enkfgdas.t12z.sfcf006.nc', 'enkfgdas.20220505/12/mem067/model/atmos/history/enkfgdas.t12z.atmf009.nc', 'enkfgdas.20220505/12/mem067/model/atmos/history/enkfgdas.t12z.sfcf009.nc', 'enkfgdas.20220505/12/mem067/analysis/atmos/enkfgdas.t12z.ratminc.nc', 'enkfgdas.20220505/12/mem067/analysis/atmos/enkfgdas.t12z.sfci006.nc', 'enkfgdas.20220505/12/mem068/model/atmos/history/enkfgdas.t12z.atmf003.nc', 'enkfgdas.20220505/12/mem068/model/atmos/history/enkfgdas.t12z.sfcf003.nc', 'enkfgdas.20220505/12/mem068/model/atmos/history/enkfgdas.t12z.atmf006.nc', 'enkfgdas.20220505/12/mem068/model/atmos/history/enkfgdas.t12z.sfcf006.nc', 'enkfgdas.20220505/12/mem068/model/atmos/history/enkfgdas.t12z.atmf009.nc', 'enkfgdas.20220505/12/mem068/model/atmos/history/enkfgdas.t12z.sfcf009.nc', 'enkfgdas.20220505/12/mem068/analysis/atmos/enkfgdas.t12z.ratminc.nc', 'enkfgdas.20220505/12/mem068/analysis/atmos/enkfgdas.t12z.sfci006.nc', 'enkfgdas.20220505/12/mem069/model/atmos/history/enkfgdas.t12z.atmf003.nc', 'enkfgdas.20220505/12/mem069/model/atmos/history/enkfgdas.t12z.sfcf003.nc', 'enkfgdas.20220505/12/mem069/model/atmos/history/enkfgdas.t12z.atmf006.nc', 'enkfgdas.20220505/12/mem069/model/atmos/history/enkfgdas.t12z.sfcf006.nc', 'enkfgdas.20220505/12/mem069/model/atmos/history/enkfgdas.t12z.atmf009.nc', 'enkfgdas.20220505/12/mem069/model/atmos/history/enkfgdas.t12z.sfcf009.nc', 'enkfgdas.20220505/12/mem069/analysis/atmos/enkfgdas.t12z.ratminc.nc', 'enkfgdas.20220505/12/mem069/analysis/atmos/enkfgdas.t12z.sfci006.nc', 'enkfgdas.20220505/12/mem070/model/atmos/history/enkfgdas.t12z.atmf003.nc', 'enkfgdas.20220505/12/mem070/model/atmos/history/enkfgdas.t12z.sfcf003.nc', 'enkfgdas.20220505/12/mem070/model/atmos/history/enkfgdas.t12z.atmf006.nc', 'enkfgdas.20220505/12/mem070/model/atmos/history/enkfgdas.t12z.sfcf006.nc', 'enkfgdas.20220505/12/mem070/model/atmos/history/enkfgdas.t12z.atmf009.nc', 'enkfgdas.20220505/12/mem070/model/atmos/history/enkfgdas.t12z.sfcf009.nc', 'enkfgdas.20220505/12/mem070/analysis/atmos/enkfgdas.t12z.ratminc.nc', 'enkfgdas.20220505/12/mem070/analysis/atmos/enkfgdas.t12z.sfci006.nc', 'enkfgdas.20220505/12/mem071/model/atmos/history/enkfgdas.t12z.atmf003.nc', 'enkfgdas.20220505/12/mem071/model/atmos/history/enkfgdas.t12z.sfcf003.nc', 'enkfgdas.20220505/12/mem071/model/atmos/history/enkfgdas.t12z.atmf006.nc', 'enkfgdas.20220505/12/mem071/model/atmos/history/enkfgdas.t12z.sfcf006.nc', 'enkfgdas.20220505/12/mem071/model/atmos/history/enkfgdas.t12z.atmf009.nc', 'enkfgdas.20220505/12/mem071/model/atmos/history/enkfgdas.t12z.sfcf009.nc', 'enkfgdas.20220505/12/mem071/analysis/atmos/enkfgdas.t12z.ratminc.nc', 'enkfgdas.20220505/12/mem071/analysis/atmos/enkfgdas.t12z.sfci006.nc', 'enkfgdas.20220505/12/mem072/model/atmos/history/enkfgdas.t12z.atmf003.nc', 'enkfgdas.20220505/12/mem072/model/atmos/history/enkfgdas.t12z.sfcf003.nc', 'enkfgdas.20220505/12/mem072/model/atmos/history/enkfgdas.t12z.atmf006.nc', 'enkfgdas.20220505/12/mem072/model/atmos/history/enkfgdas.t12z.sfcf006.nc', 'enkfgdas.20220505/12/mem072/model/atmos/history/enkfgdas.t12z.atmf009.nc', 'enkfgdas.20220505/12/mem072/model/atmos/history/enkfgdas.t12z.sfcf009.nc', 'enkfgdas.20220505/12/mem072/analysis/atmos/enkfgdas.t12z.ratminc.nc', 'enkfgdas.20220505/12/mem072/analysis/atmos/enkfgdas.t12z.sfci006.nc', 'enkfgdas.20220505/12/mem073/model/atmos/history/enkfgdas.t12z.atmf003.nc', 'enkfgdas.20220505/12/mem073/model/atmos/history/enkfgdas.t12z.sfcf003.nc', 'enkfgdas.20220505/12/mem073/model/atmos/history/enkfgdas.t12z.atmf006.nc', 'enkfgdas.20220505/12/mem073/model/atmos/history/enkfgdas.t12z.sfcf006.nc', 'enkfgdas.20220505/12/mem073/model/atmos/history/enkfgdas.t12z.atmf009.nc', 'enkfgdas.20220505/12/mem073/model/atmos/history/enkfgdas.t12z.sfcf009.nc', 'enkfgdas.20220505/12/mem073/analysis/atmos/enkfgdas.t12z.ratminc.nc', 'enkfgdas.20220505/12/mem073/analysis/atmos/enkfgdas.t12z.sfci006.nc', 'enkfgdas.20220505/12/mem074/model/atmos/history/enkfgdas.t12z.atmf003.nc', 'enkfgdas.20220505/12/mem074/model/atmos/history/enkfgdas.t12z.sfcf003.nc', 'enkfgdas.20220505/12/mem074/model/atmos/history/enkfgdas.t12z.atmf006.nc', 'enkfgdas.20220505/12/mem074/model/atmos/history/enkfgdas.t12z.sfcf006.nc', 'enkfgdas.20220505/12/mem074/model/atmos/history/enkfgdas.t12z.atmf009.nc', 'enkfgdas.20220505/12/mem074/model/atmos/history/enkfgdas.t12z.sfcf009.nc', 'enkfgdas.20220505/12/mem074/analysis/atmos/enkfgdas.t12z.ratminc.nc', 'enkfgdas.20220505/12/mem074/analysis/atmos/enkfgdas.t12z.sfci006.nc', 'enkfgdas.20220505/12/mem075/model/atmos/history/enkfgdas.t12z.atmf003.nc', 'enkfgdas.20220505/12/mem075/model/atmos/history/enkfgdas.t12z.sfcf003.nc', 'enkfgdas.20220505/12/mem075/model/atmos/history/enkfgdas.t12z.atmf006.nc', 'enkfgdas.20220505/12/mem075/model/atmos/history/enkfgdas.t12z.sfcf006.nc', 'enkfgdas.20220505/12/mem075/model/atmos/history/enkfgdas.t12z.atmf009.nc', 'enkfgdas.20220505/12/mem075/model/atmos/history/enkfgdas.t12z.sfcf009.nc', 'enkfgdas.20220505/12/mem075/analysis/atmos/enkfgdas.t12z.ratminc.nc', 'enkfgdas.20220505/12/mem075/analysis/atmos/enkfgdas.t12z.sfci006.nc', 'enkfgdas.20220505/12/mem076/model/atmos/history/enkfgdas.t12z.atmf003.nc', 'enkfgdas.20220505/12/mem076/model/atmos/history/enkfgdas.t12z.sfcf003.nc', 'enkfgdas.20220505/12/mem076/model/atmos/history/enkfgdas.t12z.atmf006.nc', 'enkfgdas.20220505/12/mem076/model/atmos/history/enkfgdas.t12z.sfcf006.nc', 'enkfgdas.20220505/12/mem076/model/atmos/history/enkfgdas.t12z.atmf009.nc', 'enkfgdas.20220505/12/mem076/model/atmos/history/enkfgdas.t12z.sfcf009.nc', 'enkfgdas.20220505/12/mem076/analysis/atmos/enkfgdas.t12z.ratminc.nc', 'enkfgdas.20220505/12/mem076/analysis/atmos/enkfgdas.t12z.sfci006.nc', 'enkfgdas.20220505/12/mem077/model/atmos/history/enkfgdas.t12z.atmf003.nc', 'enkfgdas.20220505/12/mem077/model/atmos/history/enkfgdas.t12z.sfcf003.nc', 'enkfgdas.20220505/12/mem077/model/atmos/history/enkfgdas.t12z.atmf006.nc', 'enkfgdas.20220505/12/mem077/model/atmos/history/enkfgdas.t12z.sfcf006.nc', 'enkfgdas.20220505/12/mem077/model/atmos/history/enkfgdas.t12z.atmf009.nc', 'enkfgdas.20220505/12/mem077/model/atmos/history/enkfgdas.t12z.sfcf009.nc', 'enkfgdas.20220505/12/mem077/analysis/atmos/enkfgdas.t12z.ratminc.nc', 'enkfgdas.20220505/12/mem077/analysis/atmos/enkfgdas.t12z.sfci006.nc', 'enkfgdas.20220505/12/mem078/model/atmos/history/enkfgdas.t12z.atmf003.nc', 'enkfgdas.20220505/12/mem078/model/atmos/history/enkfgdas.t12z.sfcf003.nc', 'enkfgdas.20220505/12/mem078/model/atmos/history/enkfgdas.t12z.atmf006.nc', 'enkfgdas.20220505/12/mem078/model/atmos/history/enkfgdas.t12z.sfcf006.nc', 'enkfgdas.20220505/12/mem078/model/atmos/history/enkfgdas.t12z.atmf009.nc', 'enkfgdas.20220505/12/mem078/model/atmos/history/enkfgdas.t12z.sfcf009.nc', 'enkfgdas.20220505/12/mem078/analysis/atmos/enkfgdas.t12z.ratminc.nc', 'enkfgdas.20220505/12/mem078/analysis/atmos/enkfgdas.t12z.sfci006.nc', 'enkfgdas.20220505/12/mem079/model/atmos/history/enkfgdas.t12z.atmf003.nc', 'enkfgdas.20220505/12/mem079/model/atmos/history/enkfgdas.t12z.sfcf003.nc', 'enkfgdas.20220505/12/mem079/model/atmos/history/enkfgdas.t12z.atmf006.nc', 'enkfgdas.20220505/12/mem079/model/atmos/history/enkfgdas.t12z.sfcf006.nc', 'enkfgdas.20220505/12/mem079/model/atmos/history/enkfgdas.t12z.atmf009.nc', 'enkfgdas.20220505/12/mem079/model/atmos/history/enkfgdas.t12z.sfcf009.nc', 'enkfgdas.20220505/12/mem079/analysis/atmos/enkfgdas.t12z.ratminc.nc', 'enkfgdas.20220505/12/mem079/analysis/atmos/enkfgdas.t12z.sfci006.nc', 'enkfgdas.20220505/12/mem080/model/atmos/history/enkfgdas.t12z.atmf003.nc', 'enkfgdas.20220505/12/mem080/model/atmos/history/enkfgdas.t12z.sfcf003.nc', 'enkfgdas.20220505/12/mem080/model/atmos/history/enkfgdas.t12z.atmf006.nc', 'enkfgdas.20220505/12/mem080/model/atmos/history/enkfgdas.t12z.sfcf006.nc', 'enkfgdas.20220505/12/mem080/model/atmos/history/enkfgdas.t12z.atmf009.nc', 'enkfgdas.20220505/12/mem080/model/atmos/history/enkfgdas.t12z.sfcf009.nc', 'enkfgdas.20220505/12/mem080/analysis/atmos/enkfgdas.t12z.ratminc.nc', 'enkfgdas.20220505/12/mem080/analysis/atmos/enkfgdas.t12z.sfci006.nc'], 'fileset': ['enkfgdas.20220505/12/mem061/model/atmos/history/enkfgdas.t12z.atmf003.nc', 'enkfgdas.20220505/12/mem061/model/atmos/history/enkfgdas.t12z.sfcf003.nc', 'enkfgdas.20220505/12/mem061/model/atmos/history/enkfgdas.t12z.atmf006.nc', 'enkfgdas.20220505/12/mem061/model/atmos/history/enkfgdas.t12z.sfcf006.nc', 'enkfgdas.20220505/12/mem061/model/atmos/history/enkfgdas.t12z.atmf009.nc', 'enkfgdas.20220505/12/mem061/model/atmos/history/enkfgdas.t12z.sfcf009.nc', 'enkfgdas.20220505/12/mem061/analysis/atmos/enkfgdas.t12z.ratminc.nc', 'enkfgdas.20220505/12/mem061/analysis/atmos/enkfgdas.t12z.sfci006.nc', 'enkfgdas.20220505/12/mem062/model/atmos/history/enkfgdas.t12z.atmf003.nc', 'enkfgdas.20220505/12/mem062/model/atmos/history/enkfgdas.t12z.sfcf003.nc', 'enkfgdas.20220505/12/mem062/model/atmos/history/enkfgdas.t12z.atmf006.nc', 'enkfgdas.20220505/12/mem062/model/atmos/history/enkfgdas.t12z.sfcf006.nc', 'enkfgdas.20220505/12/mem062/model/atmos/history/enkfgdas.t12z.atmf009.nc', 'enkfgdas.20220505/12/mem062/model/atmos/history/enkfgdas.t12z.sfcf009.nc', 'enkfgdas.20220505/12/mem062/analysis/atmos/enkfgdas.t12z.ratminc.nc', 'enkfgdas.20220505/12/mem062/analysis/atmos/enkfgdas.t12z.sfci006.nc', 'enkfgdas.20220505/12/mem063/model/atmos/history/enkfgdas.t12z.atmf003.nc', 'enkfgdas.20220505/12/mem063/model/atmos/history/enkfgdas.t12z.sfcf003.nc', 'enkfgdas.20220505/12/mem063/model/atmos/history/enkfgdas.t12z.atmf006.nc', 'enkfgdas.20220505/12/mem063/model/atmos/history/enkfgdas.t12z.sfcf006.nc', 'enkfgdas.20220505/12/mem063/model/atmos/history/enkfgdas.t12z.atmf009.nc', 'enkfgdas.20220505/12/mem063/model/atmos/history/enkfgdas.t12z.sfcf009.nc', 'enkfgdas.20220505/12/mem063/analysis/atmos/enkfgdas.t12z.ratminc.nc', 'enkfgdas.20220505/12/mem063/analysis/atmos/enkfgdas.t12z.sfci006.nc', 'enkfgdas.20220505/12/mem064/model/atmos/history/enkfgdas.t12z.atmf003.nc', 'enkfgdas.20220505/12/mem064/model/atmos/history/enkfgdas.t12z.sfcf003.nc', 'enkfgdas.20220505/12/mem064/model/atmos/history/enkfgdas.t12z.atmf006.nc', 'enkfgdas.20220505/12/mem064/model/atmos/history/enkfgdas.t12z.sfcf006.nc', 'enkfgdas.20220505/12/mem064/model/atmos/history/enkfgdas.t12z.atmf009.nc', 'enkfgdas.20220505/12/mem064/model/atmos/history/enkfgdas.t12z.sfcf009.nc', 'enkfgdas.20220505/12/mem064/analysis/atmos/enkfgdas.t12z.ratminc.nc', 'enkfgdas.20220505/12/mem064/analysis/atmos/enkfgdas.t12z.sfci006.nc', 'enkfgdas.20220505/12/mem065/model/atmos/history/enkfgdas.t12z.atmf003.nc', 'enkfgdas.20220505/12/mem065/model/atmos/history/enkfgdas.t12z.sfcf003.nc', 'enkfgdas.20220505/12/mem065/model/atmos/history/enkfgdas.t12z.atmf006.nc', 'enkfgdas.20220505/12/mem065/model/atmos/history/enkfgdas.t12z.sfcf006.nc', 'enkfgdas.20220505/12/mem065/model/atmos/history/enkfgdas.t12z.atmf009.nc', 'enkfgdas.20220505/12/mem065/model/atmos/history/enkfgdas.t12z.sfcf009.nc', 'enkfgdas.20220505/12/mem065/analysis/atmos/enkfgdas.t12z.ratminc.nc', 'enkfgdas.20220505/12/mem065/analysis/atmos/enkfgdas.t12z.sfci006.nc', 'enkfgdas.20220505/12/mem066/model/atmos/history/enkfgdas.t12z.atmf003.nc', 'enkfgdas.20220505/12/mem066/model/atmos/history/enkfgdas.t12z.sfcf003.nc', 'enkfgdas.20220505/12/mem066/model/atmos/history/enkfgdas.t12z.atmf006.nc', 'enkfgdas.20220505/12/mem066/model/atmos/history/enkfgdas.t12z.sfcf006.nc', 'enkfgdas.20220505/12/mem066/model/atmos/history/enkfgdas.t12z.atmf009.nc', 'enkfgdas.20220505/12/mem066/model/atmos/history/enkfgdas.t12z.sfcf009.nc', 'enkfgdas.20220505/12/mem066/analysis/atmos/enkfgdas.t12z.ratminc.nc', 'enkfgdas.20220505/12/mem066/analysis/atmos/enkfgdas.t12z.sfci006.nc', 'enkfgdas.20220505/12/mem067/model/atmos/history/enkfgdas.t12z.atmf003.nc', 'enkfgdas.20220505/12/mem067/model/atmos/history/enkfgdas.t12z.sfcf003.nc', 'enkfgdas.20220505/12/mem067/model/atmos/history/enkfgdas.t12z.atmf006.nc', 'enkfgdas.20220505/12/mem067/model/atmos/history/enkfgdas.t12z.sfcf006.nc', 'enkfgdas.20220505/12/mem067/model/atmos/history/enkfgdas.t12z.atmf009.nc', 'enkfgdas.20220505/12/mem067/model/atmos/history/enkfgdas.t12z.sfcf009.nc', 'enkfgdas.20220505/12/mem067/analysis/atmos/enkfgdas.t12z.ratminc.nc', 'enkfgdas.20220505/12/mem067/analysis/atmos/enkfgdas.t12z.sfci006.nc', 'enkfgdas.20220505/12/mem068/model/atmos/history/enkfgdas.t12z.atmf003.nc', 'enkfgdas.20220505/12/mem068/model/atmos/history/enkfgdas.t12z.sfcf003.nc', 'enkfgdas.20220505/12/mem068/model/atmos/history/enkfgdas.t12z.atmf006.nc', 'enkfgdas.20220505/12/mem068/model/atmos/history/enkfgdas.t12z.sfcf006.nc', 'enkfgdas.20220505/12/mem068/model/atmos/history/enkfgdas.t12z.atmf009.nc', 'enkfgdas.20220505/12/mem068/model/atmos/history/enkfgdas.t12z.sfcf009.nc', 'enkfgdas.20220505/12/mem068/analysis/atmos/enkfgdas.t12z.ratminc.nc', 'enkfgdas.20220505/12/mem068/analysis/atmos/enkfgdas.t12z.sfci006.nc', 'enkfgdas.20220505/12/mem069/model/atmos/history/enkfgdas.t12z.atmf003.nc', 'enkfgdas.20220505/12/mem069/model/atmos/history/enkfgdas.t12z.sfcf003.nc', 'enkfgdas.20220505/12/mem069/model/atmos/history/enkfgdas.t12z.atmf006.nc', 'enkfgdas.20220505/12/mem069/model/atmos/history/enkfgdas.t12z.sfcf006.nc', 'enkfgdas.20220505/12/mem069/model/atmos/history/enkfgdas.t12z.atmf009.nc', 'enkfgdas.20220505/12/mem069/model/atmos/history/enkfgdas.t12z.sfcf009.nc', 'enkfgdas.20220505/12/mem069/analysis/atmos/enkfgdas.t12z.ratminc.nc', 'enkfgdas.20220505/12/mem069/analysis/atmos/enkfgdas.t12z.sfci006.nc', 'enkfgdas.20220505/12/mem070/model/atmos/history/enkfgdas.t12z.atmf003.nc', 'enkfgdas.20220505/12/mem070/model/atmos/history/enkfgdas.t12z.sfcf003.nc', 'enkfgdas.20220505/12/mem070/model/atmos/history/enkfgdas.t12z.atmf006.nc', 'enkfgdas.20220505/12/mem070/model/atmos/history/enkfgdas.t12z.sfcf006.nc', 'enkfgdas.20220505/12/mem070/model/atmos/history/enkfgdas.t12z.atmf009.nc', 'enkfgdas.20220505/12/mem070/model/atmos/history/enkfgdas.t12z.sfcf009.nc', 'enkfgdas.20220505/12/mem070/analysis/atmos/enkfgdas.t12z.ratminc.nc', 'enkfgdas.20220505/12/mem070/analysis/atmos/enkfgdas.t12z.sfci006.nc', 'enkfgdas.20220505/12/mem071/model/atmos/history/enkfgdas.t12z.atmf003.nc', 'enkfgdas.20220505/12/mem071/model/atmos/history/enkfgdas.t12z.sfcf003.nc', 'enkfgdas.20220505/12/mem071/model/atmos/history/enkfgdas.t12z.atmf006.nc', 'enkfgdas.20220505/12/mem071/model/atmos/history/enkfgdas.t12z.sfcf006.nc', 'enkfgdas.20220505/12/mem071/model/atmos/history/enkfgdas.t12z.atmf009.nc', 'enkfgdas.20220505/12/mem071/model/atmos/history/enkfgdas.t12z.sfcf009.nc', 'enkfgdas.20220505/12/mem071/analysis/atmos/enkfgdas.t12z.ratminc.nc', 'enkfgdas.20220505/12/mem071/analysis/atmos/enkfgdas.t12z.sfci006.nc', 'enkfgdas.20220505/12/mem072/model/atmos/history/enkfgdas.t12z.atmf003.nc', 'enkfgdas.20220505/12/mem072/model/atmos/history/enkfgdas.t12z.sfcf003.nc', 'enkfgdas.20220505/12/mem072/model/atmos/history/enkfgdas.t12z.atmf006.nc', 'enkfgdas.20220505/12/mem072/model/atmos/history/enkfgdas.t12z.sfcf006.nc', 'enkfgdas.20220505/12/mem072/model/atmos/history/enkfgdas.t12z.atmf009.nc', 'enkfgdas.20220505/12/mem072/model/atmos/history/enkfgdas.t12z.sfcf009.nc', 'enkfgdas.20220505/12/mem072/analysis/atmos/enkfgdas.t12z.ratminc.nc', 'enkfgdas.20220505/12/mem072/analysis/atmos/enkfgdas.t12z.sfci006.nc', 'enkfgdas.20220505/12/mem073/model/atmos/history/enkfgdas.t12z.atmf003.nc', 'enkfgdas.20220505/12/mem073/model/atmos/history/enkfgdas.t12z.sfcf003.nc', 'enkfgdas.20220505/12/mem073/model/atmos/history/enkfgdas.t12z.atmf006.nc', 'enkfgdas.20220505/12/mem073/model/atmos/history/enkfgdas.t12z.sfcf006.nc', 'enkfgdas.20220505/12/mem073/model/atmos/history/enkfgdas.t12z.atmf009.nc', 'enkfgdas.20220505/12/mem073/model/atmos/history/enkfgdas.t12z.sfcf009.nc', 'enkfgdas.20220505/12/mem073/analysis/atmos/enkfgdas.t12z.ratminc.nc', 'enkfgdas.20220505/12/mem073/analysis/atmos/enkfgdas.t12z.sfci006.nc', 'enkfgdas.20220505/12/mem074/model/atmos/history/enkfgdas.t12z.atmf003.nc', 'enkfgdas.20220505/12/mem074/model/atmos/history/enkfgdas.t12z.sfcf003.nc', 'enkfgdas.20220505/12/mem074/model/atmos/history/enkfgdas.t12z.atmf006.nc', 'enkfgdas.20220505/12/mem074/model/atmos/history/enkfgdas.t12z.sfcf006.nc', 'enkfgdas.20220505/12/mem074/model/atmos/history/enkfgdas.t12z.atmf009.nc', 'enkfgdas.20220505/12/mem074/model/atmos/history/enkfgdas.t12z.sfcf009.nc', 'enkfgdas.20220505/12/mem074/analysis/atmos/enkfgdas.t12z.ratminc.nc', 'enkfgdas.20220505/12/mem074/analysis/atmos/enkfgdas.t12z.sfci006.nc', 'enkfgdas.20220505/12/mem075/model/atmos/history/enkfgdas.t12z.atmf003.nc', 'enkfgdas.20220505/12/mem075/model/atmos/history/enkfgdas.t12z.sfcf003.nc', 'enkfgdas.20220505/12/mem075/model/atmos/history/enkfgdas.t12z.atmf006.nc', 'enkfgdas.20220505/12/mem075/model/atmos/history/enkfgdas.t12z.sfcf006.nc', 'enkfgdas.20220505/12/mem075/model/atmos/history/enkfgdas.t12z.atmf009.nc', 'enkfgdas.20220505/12/mem075/model/atmos/history/enkfgdas.t12z.sfcf009.nc', 'enkfgdas.20220505/12/mem075/analysis/atmos/enkfgdas.t12z.ratminc.nc', 'enkfgdas.20220505/12/mem075/analysis/atmos/enkfgdas.t12z.sfci006.nc', 'enkfgdas.20220505/12/mem076/model/atmos/history/enkfgdas.t12z.atmf003.nc', 'enkfgdas.20220505/12/mem076/model/atmos/history/enkfgdas.t12z.sfcf003.nc', 'enkfgdas.20220505/12/mem076/model/atmos/history/enkfgdas.t12z.atmf006.nc', 'enkfgdas.20220505/12/mem076/model/atmos/history/enkfgdas.t12z.sfcf006.nc', 'enkfgdas.20220505/12/mem076/model/atmos/history/enkfgdas.t12z.atmf009.nc', 'enkfgdas.20220505/12/mem076/model/atmos/history/enkfgdas.t12z.sfcf009.nc', 'enkfgdas.20220505/12/mem076/analysis/atmos/enkfgdas.t12z.ratminc.nc', 'enkfgdas.20220505/12/mem076/analysis/atmos/enkfgdas.t12z.sfci006.nc', 'enkfgdas.20220505/12/mem077/model/atmos/history/enkfgdas.t12z.atmf003.nc', 'enkfgdas.20220505/12/mem077/model/atmos/history/enkfgdas.t12z.sfcf003.nc', 'enkfgdas.20220505/12/mem077/model/atmos/history/enkfgdas.t12z.atmf006.nc', 'enkfgdas.20220505/12/mem077/model/atmos/history/enkfgdas.t12z.sfcf006.nc', 'enkfgdas.20220505/12/mem077/model/atmos/history/enkfgdas.t12z.atmf009.nc', 'enkfgdas.20220505/12/mem077/model/atmos/history/enkfgdas.t12z.sfcf009.nc', 'enkfgdas.20220505/12/mem077/analysis/atmos/enkfgdas.t12z.ratminc.nc', 'enkfgdas.20220505/12/mem077/analysis/atmos/enkfgdas.t12z.sfci006.nc', 'enkfgdas.20220505/12/mem078/model/atmos/history/enkfgdas.t12z.atmf003.nc', 'enkfgdas.20220505/12/mem078/model/atmos/history/enkfgdas.t12z.sfcf003.nc', 'enkfgdas.20220505/12/mem078/model/atmos/history/enkfgdas.t12z.atmf006.nc', 'enkfgdas.20220505/12/mem078/model/atmos/history/enkfgdas.t12z.sfcf006.nc', 'enkfgdas.20220505/12/mem078/model/atmos/history/enkfgdas.t12z.atmf009.nc', 'enkfgdas.20220505/12/mem078/model/atmos/history/enkfgdas.t12z.sfcf009.nc', 'enkfgdas.20220505/12/mem078/analysis/atmos/enkfgdas.t12z.ratminc.nc', 'enkfgdas.20220505/12/mem078/analysis/atmos/enkfgdas.t12z.sfci006.nc', 'enkfgdas.20220505/12/mem079/model/atmos/history/enkfgdas.t12z.atmf003.nc', 'enkfgdas.20220505/12/mem079/model/atmos/history/enkfgdas.t12z.sfcf003.nc', 'enkfgdas.20220505/12/mem079/model/atmos/history/enkfgdas.t12z.atmf006.nc', 'enkfgdas.20220505/12/mem079/model/atmos/history/enkfgdas.t12z.sfcf006.nc', 'enkfgdas.20220505/12/mem079/model/atmos/history/enkfgdas.t12z.atmf009.nc', 'enkfgdas.20220505/12/mem079/model/atmos/history/enkfgdas.t12z.sfcf009.nc', 'enkfgdas.20220505/12/mem079/analysis/atmos/enkfgdas.t12z.ratminc.nc', 'enkfgdas.20220505/12/mem079/analysis/atmos/enkfgdas.t12z.sfci006.nc', 'enkfgdas.20220505/12/mem080/model/atmos/history/enkfgdas.t12z.atmf003.nc', 'enkfgdas.20220505/12/mem080/model/atmos/history/enkfgdas.t12z.sfcf003.nc', 'enkfgdas.20220505/12/mem080/model/atmos/history/enkfgdas.t12z.atmf006.nc', 'enkfgdas.20220505/12/mem080/model/atmos/history/enkfgdas.t12z.sfcf006.nc', 'enkfgdas.20220505/12/mem080/model/atmos/history/enkfgdas.t12z.atmf009.nc', 'enkfgdas.20220505/12/mem080/model/atmos/history/enkfgdas.t12z.sfcf009.nc', 'enkfgdas.20220505/12/mem080/analysis/atmos/enkfgdas.t12z.ratminc.nc', 'enkfgdas.20220505/12/mem080/analysis/atmos/enkfgdas.t12z.sfci006.nc'], 'has_rstprod': False}][0m
[38;21m2025-07-16 02:00:36,316 - INFO     - archive     : BEGIN: pygfs.task.archive.execute_backup_dataset[0m
[38;5;39m2025-07-16 02:00:36,317 - DEBUG    - archive     : ( <pygfs.task.archive.Archive object at 0x151e70401d90>, {'name': 'ENKF_GRP', 'target': '/NCEPDEV/emc-da/1year/Tseganeh.Gichamo/GAEAC6/scratch/maysoilda/2022050512/enkfgdas_grp4.tar', 'required': ['enkfgdas.20220505/12/mem061/model/atmos/history/enkfgdas.t12z.atmf003.nc', 'enkfgdas.20220505/12/mem061/model/atmos/history/enkfgdas.t12z.sfcf003.nc', 'enkfgdas.20220505/12/mem061/model/atmos/history/enkfgdas.t12z.atmf006.nc', 'enkfgdas.20220505/12/mem061/model/atmos/history/enkfgdas.t12z.sfcf006.nc', 'enkfgdas.20220505/12/mem061/model/atmos/history/enkfgdas.t12z.atmf009.nc', 'enkfgdas.20220505/12/mem061/model/atmos/history/enkfgdas.t12z.sfcf009.nc', 'enkfgdas.20220505/12/mem061/analysis/atmos/enkfgdas.t12z.ratminc.nc', 'enkfgdas.20220505/12/mem061/analysis/atmos/enkfgdas.t12z.sfci006.nc', 'enkfgdas.20220505/12/mem062/model/atmos/history/enkfgdas.t12z.atmf003.nc', 'enkfgdas.20220505/12/mem062/model/atmos/history/enkfgdas.t12z.sfcf003.nc', 'enkfgdas.20220505/12/mem062/model/atmos/history/enkfgdas.t12z.atmf006.nc', 'enkfgdas.20220505/12/mem062/model/atmos/history/enkfgdas.t12z.sfcf006.nc', 'enkfgdas.20220505/12/mem062/model/atmos/history/enkfgdas.t12z.atmf009.nc', 'enkfgdas.20220505/12/mem062/model/atmos/history/enkfgdas.t12z.sfcf009.nc', 'enkfgdas.20220505/12/mem062/analysis/atmos/enkfgdas.t12z.ratminc.nc', 'enkfgdas.20220505/12/mem062/analysis/atmos/enkfgdas.t12z.sfci006.nc', 'enkfgdas.20220505/12/mem063/model/atmos/history/enkfgdas.t12z.atmf003.nc', 'enkfgdas.20220505/12/mem063/model/atmos/history/enkfgdas.t12z.sfcf003.nc', 'enkfgdas.20220505/12/mem063/model/atmos/history/enkfgdas.t12z.atmf006.nc', 'enkfgdas.20220505/12/mem063/model/atmos/history/enkfgdas.t12z.sfcf006.nc', 'enkfgdas.20220505/12/mem063/model/atmos/history/enkfgdas.t12z.atmf009.nc', 'enkfgdas.20220505/12/mem063/model/atmos/history/enkfgdas.t12z.sfcf009.nc', 'enkfgdas.20220505/12/mem063/analysis/atmos/enkfgdas.t12z.ratminc.nc', 'enkfgdas.20220505/12/mem063/analysis/atmos/enkfgdas.t12z.sfci006.nc', 'enkfgdas.20220505/12/mem064/model/atmos/history/enkfgdas.t12z.atmf003.nc', 'enkfgdas.20220505/12/mem064/model/atmos/history/enkfgdas.t12z.sfcf003.nc', 'enkfgdas.20220505/12/mem064/model/atmos/history/enkfgdas.t12z.atmf006.nc', 'enkfgdas.20220505/12/mem064/model/atmos/history/enkfgdas.t12z.sfcf006.nc', 'enkfgdas.20220505/12/mem064/model/atmos/history/enkfgdas.t12z.atmf009.nc', 'enkfgdas.20220505/12/mem064/model/atmos/history/enkfgdas.t12z.sfcf009.nc', 'enkfgdas.20220505/12/mem064/analysis/atmos/enkfgdas.t12z.ratminc.nc', 'enkfgdas.20220505/12/mem064/analysis/atmos/enkfgdas.t12z.sfci006.nc', 'enkfgdas.20220505/12/mem065/model/atmos/history/enkfgdas.t12z.atmf003.nc', 'enkfgdas.20220505/12/mem065/model/atmos/history/enkfgdas.t12z.sfcf003.nc', 'enkfgdas.20220505/12/mem065/model/atmos/history/enkfgdas.t12z.atmf006.nc', 'enkfgdas.20220505/12/mem065/model/atmos/history/enkfgdas.t12z.sfcf006.nc', 'enkfgdas.20220505/12/mem065/model/atmos/history/enkfgdas.t12z.atmf009.nc', 'enkfgdas.20220505/12/mem065/model/atmos/history/enkfgdas.t12z.sfcf009.nc', 'enkfgdas.20220505/12/mem065/analysis/atmos/enkfgdas.t12z.ratminc.nc', 'enkfgdas.20220505/12/mem065/analysis/atmos/enkfgdas.t12z.sfci006.nc', 'enkfgdas.20220505/12/mem066/model/atmos/history/enkfgdas.t12z.atmf003.nc', 'enkfgdas.20220505/12/mem066/model/atmos/history/enkfgdas.t12z.sfcf003.nc', 'enkfgdas.20220505/12/mem066/model/atmos/history/enkfgdas.t12z.atmf006.nc', 'enkfgdas.20220505/12/mem066/model/atmos/history/enkfgdas.t12z.sfcf006.nc', 'enkfgdas.20220505/12/mem066/model/atmos/history/enkfgdas.t12z.atmf009.nc', 'enkfgdas.20220505/12/mem066/model/atmos/history/enkfgdas.t12z.sfcf009.nc', 'enkfgdas.20220505/12/mem066/analysis/atmos/enkfgdas.t12z.ratminc.nc', 'enkfgdas.20220505/12/mem066/analysis/atmos/enkfgdas.t12z.sfci006.nc', 'enkfgdas.20220505/12/mem067/model/atmos/history/enkfgdas.t12z.atmf003.nc', 'enkfgdas.20220505/12/mem067/model/atmos/history/enkfgdas.t12z.sfcf003.nc', 'enkfgdas.20220505/12/mem067/model/atmos/history/enkfgdas.t12z.atmf006.nc', 'enkfgdas.20220505/12/mem067/model/atmos/history/enkfgdas.t12z.sfcf006.nc', 'enkfgdas.20220505/12/mem067/model/atmos/history/enkfgdas.t12z.atmf009.nc', 'enkfgdas.20220505/12/mem067/model/atmos/history/enkfgdas.t12z.sfcf009.nc', 'enkfgdas.20220505/12/mem067/analysis/atmos/enkfgdas.t12z.ratminc.nc', 'enkfgdas.20220505/12/mem067/analysis/atmos/enkfgdas.t12z.sfci006.nc', 'enkfgdas.20220505/12/mem068/model/atmos/history/enkfgdas.t12z.atmf003.nc', 'enkfgdas.20220505/12/mem068/model/atmos/history/enkfgdas.t12z.sfcf003.nc', 'enkfgdas.20220505/12/mem068/model/atmos/history/enkfgdas.t12z.atmf006.nc', 'enkfgdas.20220505/12/mem068/model/atmos/history/enkfgdas.t12z.sfcf006.nc', 'enkfgdas.20220505/12/mem068/model/atmos/history/enkfgdas.t12z.atmf009.nc', 'enkfgdas.20220505/12/mem068/model/atmos/history/enkfgdas.t12z.sfcf009.nc', 'enkfgdas.20220505/12/mem068/analysis/atmos/enkfgdas.t12z.ratminc.nc', 'enkfgdas.20220505/12/mem068/analysis/atmos/enkfgdas.t12z.sfci006.nc', 'enkfgdas.20220505/12/mem069/model/atmos/history/enkfgdas.t12z.atmf003.nc', 'enkfgdas.20220505/12/mem069/model/atmos/history/enkfgdas.t12z.sfcf003.nc', 'enkfgdas.20220505/12/mem069/model/atmos/history/enkfgdas.t12z.atmf006.nc', 'enkfgdas.20220505/12/mem069/model/atmos/history/enkfgdas.t12z.sfcf006.nc', 'enkfgdas.20220505/12/mem069/model/atmos/history/enkfgdas.t12z.atmf009.nc', 'enkfgdas.20220505/12/mem069/model/atmos/history/enkfgdas.t12z.sfcf009.nc', 'enkfgdas.20220505/12/mem069/analysis/atmos/enkfgdas.t12z.ratminc.nc', 'enkfgdas.20220505/12/mem069/analysis/atmos/enkfgdas.t12z.sfci006.nc', 'enkfgdas.20220505/12/mem070/model/atmos/history/enkfgdas.t12z.atmf003.nc', 'enkfgdas.20220505/12/mem070/model/atmos/history/enkfgdas.t12z.sfcf003.nc', 'enkfgdas.20220505/12/mem070/model/atmos/history/enkfgdas.t12z.atmf006.nc', 'enkfgdas.20220505/12/mem070/model/atmos/history/enkfgdas.t12z.sfcf006.nc', 'enkfgdas.20220505/12/mem070/model/atmos/history/enkfgdas.t12z.atmf009.nc', 'enkfgdas.20220505/12/mem070/model/atmos/history/enkfgdas.t12z.sfcf009.nc', 'enkfgdas.20220505/12/mem070/analysis/atmos/enkfgdas.t12z.ratminc.nc', 'enkfgdas.20220505/12/mem070/analysis/atmos/enkfgdas.t12z.sfci006.nc', 'enkfgdas.20220505/12/mem071/model/atmos/history/enkfgdas.t12z.atmf003.nc', 'enkfgdas.20220505/12/mem071/model/atmos/history/enkfgdas.t12z.sfcf003.nc', 'enkfgdas.20220505/12/mem071/model/atmos/history/enkfgdas.t12z.atmf006.nc', 'enkfgdas.20220505/12/mem071/model/atmos/history/enkfgdas.t12z.sfcf006.nc', 'enkfgdas.20220505/12/mem071/model/atmos/history/enkfgdas.t12z.atmf009.nc', 'enkfgdas.20220505/12/mem071/model/atmos/history/enkfgdas.t12z.sfcf009.nc', 'enkfgdas.20220505/12/mem071/analysis/atmos/enkfgdas.t12z.ratminc.nc', 'enkfgdas.20220505/12/mem071/analysis/atmos/enkfgdas.t12z.sfci006.nc', 'enkfgdas.20220505/12/mem072/model/atmos/history/enkfgdas.t12z.atmf003.nc', 'enkfgdas.20220505/12/mem072/model/atmos/history/enkfgdas.t12z.sfcf003.nc', 'enkfgdas.20220505/12/mem072/model/atmos/history/enkfgdas.t12z.atmf006.nc', 'enkfgdas.20220505/12/mem072/model/atmos/history/enkfgdas.t12z.sfcf006.nc', 'enkfgdas.20220505/12/mem072/model/atmos/history/enkfgdas.t12z.atmf009.nc', 'enkfgdas.20220505/12/mem072/model/atmos/history/enkfgdas.t12z.sfcf009.nc', 'enkfgdas.20220505/12/mem072/analysis/atmos/enkfgdas.t12z.ratminc.nc', 'enkfgdas.20220505/12/mem072/analysis/atmos/enkfgdas.t12z.sfci006.nc', 'enkfgdas.20220505/12/mem073/model/atmos/history/enkfgdas.t12z.atmf003.nc', 'enkfgdas.20220505/12/mem073/model/atmos/history/enkfgdas.t12z.sfcf003.nc', 'enkfgdas.20220505/12/mem073/model/atmos/history/enkfgdas.t12z.atmf006.nc', 'enkfgdas.20220505/12/mem073/model/atmos/history/enkfgdas.t12z.sfcf006.nc', 'enkfgdas.20220505/12/mem073/model/atmos/history/enkfgdas.t12z.atmf009.nc', 'enkfgdas.20220505/12/mem073/model/atmos/history/enkfgdas.t12z.sfcf009.nc', 'enkfgdas.20220505/12/mem073/analysis/atmos/enkfgdas.t12z.ratminc.nc', 'enkfgdas.20220505/12/mem073/analysis/atmos/enkfgdas.t12z.sfci006.nc', 'enkfgdas.20220505/12/mem074/model/atmos/history/enkfgdas.t12z.atmf003.nc', 'enkfgdas.20220505/12/mem074/model/atmos/history/enkfgdas.t12z.sfcf003.nc', 'enkfgdas.20220505/12/mem074/model/atmos/history/enkfgdas.t12z.atmf006.nc', 'enkfgdas.20220505/12/mem074/model/atmos/history/enkfgdas.t12z.sfcf006.nc', 'enkfgdas.20220505/12/mem074/model/atmos/history/enkfgdas.t12z.atmf009.nc', 'enkfgdas.20220505/12/mem074/model/atmos/history/enkfgdas.t12z.sfcf009.nc', 'enkfgdas.20220505/12/mem074/analysis/atmos/enkfgdas.t12z.ratminc.nc', 'enkfgdas.20220505/12/mem074/analysis/atmos/enkfgdas.t12z.sfci006.nc', 'enkfgdas.20220505/12/mem075/model/atmos/history/enkfgdas.t12z.atmf003.nc', 'enkfgdas.20220505/12/mem075/model/atmos/history/enkfgdas.t12z.sfcf003.nc', 'enkfgdas.20220505/12/mem075/model/atmos/history/enkfgdas.t12z.atmf006.nc', 'enkfgdas.20220505/12/mem075/model/atmos/history/enkfgdas.t12z.sfcf006.nc', 'enkfgdas.20220505/12/mem075/model/atmos/history/enkfgdas.t12z.atmf009.nc', 'enkfgdas.20220505/12/mem075/model/atmos/history/enkfgdas.t12z.sfcf009.nc', 'enkfgdas.20220505/12/mem075/analysis/atmos/enkfgdas.t12z.ratminc.nc', 'enkfgdas.20220505/12/mem075/analysis/atmos/enkfgdas.t12z.sfci006.nc', 'enkfgdas.20220505/12/mem076/model/atmos/history/enkfgdas.t12z.atmf003.nc', 'enkfgdas.20220505/12/mem076/model/atmos/history/enkfgdas.t12z.sfcf003.nc', 'enkfgdas.20220505/12/mem076/model/atmos/history/enkfgdas.t12z.atmf006.nc', 'enkfgdas.20220505/12/mem076/model/atmos/history/enkfgdas.t12z.sfcf006.nc', 'enkfgdas.20220505/12/mem076/model/atmos/history/enkfgdas.t12z.atmf009.nc', 'enkfgdas.20220505/12/mem076/model/atmos/history/enkfgdas.t12z.sfcf009.nc', 'enkfgdas.20220505/12/mem076/analysis/atmos/enkfgdas.t12z.ratminc.nc', 'enkfgdas.20220505/12/mem076/analysis/atmos/enkfgdas.t12z.sfci006.nc', 'enkfgdas.20220505/12/mem077/model/atmos/history/enkfgdas.t12z.atmf003.nc', 'enkfgdas.20220505/12/mem077/model/atmos/history/enkfgdas.t12z.sfcf003.nc', 'enkfgdas.20220505/12/mem077/model/atmos/history/enkfgdas.t12z.atmf006.nc', 'enkfgdas.20220505/12/mem077/model/atmos/history/enkfgdas.t12z.sfcf006.nc', 'enkfgdas.20220505/12/mem077/model/atmos/history/enkfgdas.t12z.atmf009.nc', 'enkfgdas.20220505/12/mem077/model/atmos/history/enkfgdas.t12z.sfcf009.nc', 'enkfgdas.20220505/12/mem077/analysis/atmos/enkfgdas.t12z.ratminc.nc', 'enkfgdas.20220505/12/mem077/analysis/atmos/enkfgdas.t12z.sfci006.nc', 'enkfgdas.20220505/12/mem078/model/atmos/history/enkfgdas.t12z.atmf003.nc', 'enkfgdas.20220505/12/mem078/model/atmos/history/enkfgdas.t12z.sfcf003.nc', 'enkfgdas.20220505/12/mem078/model/atmos/history/enkfgdas.t12z.atmf006.nc', 'enkfgdas.20220505/12/mem078/model/atmos/history/enkfgdas.t12z.sfcf006.nc', 'enkfgdas.20220505/12/mem078/model/atmos/history/enkfgdas.t12z.atmf009.nc', 'enkfgdas.20220505/12/mem078/model/atmos/history/enkfgdas.t12z.sfcf009.nc', 'enkfgdas.20220505/12/mem078/analysis/atmos/enkfgdas.t12z.ratminc.nc', 'enkfgdas.20220505/12/mem078/analysis/atmos/enkfgdas.t12z.sfci006.nc', 'enkfgdas.20220505/12/mem079/model/atmos/history/enkfgdas.t12z.atmf003.nc', 'enkfgdas.20220505/12/mem079/model/atmos/history/enkfgdas.t12z.sfcf003.nc', 'enkfgdas.20220505/12/mem079/model/atmos/history/enkfgdas.t12z.atmf006.nc', 'enkfgdas.20220505/12/mem079/model/atmos/history/enkfgdas.t12z.sfcf006.nc', 'enkfgdas.20220505/12/mem079/model/atmos/history/enkfgdas.t12z.atmf009.nc', 'enkfgdas.20220505/12/mem079/model/atmos/history/enkfgdas.t12z.sfcf009.nc', 'enkfgdas.20220505/12/mem079/analysis/atmos/enkfgdas.t12z.ratminc.nc', 'enkfgdas.20220505/12/mem079/analysis/atmos/enkfgdas.t12z.sfci006.nc', 'enkfgdas.20220505/12/mem080/model/atmos/history/enkfgdas.t12z.atmf003.nc', 'enkfgdas.20220505/12/mem080/model/atmos/history/enkfgdas.t12z.sfcf003.nc', 'enkfgdas.20220505/12/mem080/model/atmos/history/enkfgdas.t12z.atmf006.nc', 'enkfgdas.20220505/12/mem080/model/atmos/history/enkfgdas.t12z.sfcf006.nc', 'enkfgdas.20220505/12/mem080/model/atmos/history/enkfgdas.t12z.atmf009.nc', 'enkfgdas.20220505/12/mem080/model/atmos/history/enkfgdas.t12z.sfcf009.nc', 'enkfgdas.20220505/12/mem080/analysis/atmos/enkfgdas.t12z.ratminc.nc', 'enkfgdas.20220505/12/mem080/analysis/atmos/enkfgdas.t12z.sfci006.nc'], 'fileset': ['enkfgdas.20220505/12/mem061/model/atmos/history/enkfgdas.t12z.atmf003.nc', 'enkfgdas.20220505/12/mem061/model/atmos/history/enkfgdas.t12z.sfcf003.nc', 'enkfgdas.20220505/12/mem061/model/atmos/history/enkfgdas.t12z.atmf006.nc', 'enkfgdas.20220505/12/mem061/model/atmos/history/enkfgdas.t12z.sfcf006.nc', 'enkfgdas.20220505/12/mem061/model/atmos/history/enkfgdas.t12z.atmf009.nc', 'enkfgdas.20220505/12/mem061/model/atmos/history/enkfgdas.t12z.sfcf009.nc', 'enkfgdas.20220505/12/mem061/analysis/atmos/enkfgdas.t12z.ratminc.nc', 'enkfgdas.20220505/12/mem061/analysis/atmos/enkfgdas.t12z.sfci006.nc', 'enkfgdas.20220505/12/mem062/model/atmos/history/enkfgdas.t12z.atmf003.nc', 'enkfgdas.20220505/12/mem062/model/atmos/history/enkfgdas.t12z.sfcf003.nc', 'enkfgdas.20220505/12/mem062/model/atmos/history/enkfgdas.t12z.atmf006.nc', 'enkfgdas.20220505/12/mem062/model/atmos/history/enkfgdas.t12z.sfcf006.nc', 'enkfgdas.20220505/12/mem062/model/atmos/history/enkfgdas.t12z.atmf009.nc', 'enkfgdas.20220505/12/mem062/model/atmos/history/enkfgdas.t12z.sfcf009.nc', 'enkfgdas.20220505/12/mem062/analysis/atmos/enkfgdas.t12z.ratminc.nc', 'enkfgdas.20220505/12/mem062/analysis/atmos/enkfgdas.t12z.sfci006.nc', 'enkfgdas.20220505/12/mem063/model/atmos/history/enkfgdas.t12z.atmf003.nc', 'enkfgdas.20220505/12/mem063/model/atmos/history/enkfgdas.t12z.sfcf003.nc', 'enkfgdas.20220505/12/mem063/model/atmos/history/enkfgdas.t12z.atmf006.nc', 'enkfgdas.20220505/12/mem063/model/atmos/history/enkfgdas.t12z.sfcf006.nc', 'enkfgdas.20220505/12/mem063/model/atmos/history/enkfgdas.t12z.atmf009.nc', 'enkfgdas.20220505/12/mem063/model/atmos/history/enkfgdas.t12z.sfcf009.nc', 'enkfgdas.20220505/12/mem063/analysis/atmos/enkfgdas.t12z.ratminc.nc', 'enkfgdas.20220505/12/mem063/analysis/atmos/enkfgdas.t12z.sfci006.nc', 'enkfgdas.20220505/12/mem064/model/atmos/history/enkfgdas.t12z.atmf003.nc', 'enkfgdas.20220505/12/mem064/model/atmos/history/enkfgdas.t12z.sfcf003.nc', 'enkfgdas.20220505/12/mem064/model/atmos/history/enkfgdas.t12z.atmf006.nc', 'enkfgdas.20220505/12/mem064/model/atmos/history/enkfgdas.t12z.sfcf006.nc', 'enkfgdas.20220505/12/mem064/model/atmos/history/enkfgdas.t12z.atmf009.nc', 'enkfgdas.20220505/12/mem064/model/atmos/history/enkfgdas.t12z.sfcf009.nc', 'enkfgdas.20220505/12/mem064/analysis/atmos/enkfgdas.t12z.ratminc.nc', 'enkfgdas.20220505/12/mem064/analysis/atmos/enkfgdas.t12z.sfci006.nc', 'enkfgdas.20220505/12/mem065/model/atmos/history/enkfgdas.t12z.atmf003.nc', 'enkfgdas.20220505/12/mem065/model/atmos/history/enkfgdas.t12z.sfcf003.nc', 'enkfgdas.20220505/12/mem065/model/atmos/history/enkfgdas.t12z.atmf006.nc', 'enkfgdas.20220505/12/mem065/model/atmos/history/enkfgdas.t12z.sfcf006.nc', 'enkfgdas.20220505/12/mem065/model/atmos/history/enkfgdas.t12z.atmf009.nc', 'enkfgdas.20220505/12/mem065/model/atmos/history/enkfgdas.t12z.sfcf009.nc', 'enkfgdas.20220505/12/mem065/analysis/atmos/enkfgdas.t12z.ratminc.nc', 'enkfgdas.20220505/12/mem065/analysis/atmos/enkfgdas.t12z.sfci006.nc', 'enkfgdas.20220505/12/mem066/model/atmos/history/enkfgdas.t12z.atmf003.nc', 'enkfgdas.20220505/12/mem066/model/atmos/history/enkfgdas.t12z.sfcf003.nc', 'enkfgdas.20220505/12/mem066/model/atmos/history/enkfgdas.t12z.atmf006.nc', 'enkfgdas.20220505/12/mem066/model/atmos/history/enkfgdas.t12z.sfcf006.nc', 'enkfgdas.20220505/12/mem066/model/atmos/history/enkfgdas.t12z.atmf009.nc', 'enkfgdas.20220505/12/mem066/model/atmos/history/enkfgdas.t12z.sfcf009.nc', 'enkfgdas.20220505/12/mem066/analysis/atmos/enkfgdas.t12z.ratminc.nc', 'enkfgdas.20220505/12/mem066/analysis/atmos/enkfgdas.t12z.sfci006.nc', 'enkfgdas.20220505/12/mem067/model/atmos/history/enkfgdas.t12z.atmf003.nc', 'enkfgdas.20220505/12/mem067/model/atmos/history/enkfgdas.t12z.sfcf003.nc', 'enkfgdas.20220505/12/mem067/model/atmos/history/enkfgdas.t12z.atmf006.nc', 'enkfgdas.20220505/12/mem067/model/atmos/history/enkfgdas.t12z.sfcf006.nc', 'enkfgdas.20220505/12/mem067/model/atmos/history/enkfgdas.t12z.atmf009.nc', 'enkfgdas.20220505/12/mem067/model/atmos/history/enkfgdas.t12z.sfcf009.nc', 'enkfgdas.20220505/12/mem067/analysis/atmos/enkfgdas.t12z.ratminc.nc', 'enkfgdas.20220505/12/mem067/analysis/atmos/enkfgdas.t12z.sfci006.nc', 'enkfgdas.20220505/12/mem068/model/atmos/history/enkfgdas.t12z.atmf003.nc', 'enkfgdas.20220505/12/mem068/model/atmos/history/enkfgdas.t12z.sfcf003.nc', 'enkfgdas.20220505/12/mem068/model/atmos/history/enkfgdas.t12z.atmf006.nc', 'enkfgdas.20220505/12/mem068/model/atmos/history/enkfgdas.t12z.sfcf006.nc', 'enkfgdas.20220505/12/mem068/model/atmos/history/enkfgdas.t12z.atmf009.nc', 'enkfgdas.20220505/12/mem068/model/atmos/history/enkfgdas.t12z.sfcf009.nc', 'enkfgdas.20220505/12/mem068/analysis/atmos/enkfgdas.t12z.ratminc.nc', 'enkfgdas.20220505/12/mem068/analysis/atmos/enkfgdas.t12z.sfci006.nc', 'enkfgdas.20220505/12/mem069/model/atmos/history/enkfgdas.t12z.atmf003.nc', 'enkfgdas.20220505/12/mem069/model/atmos/history/enkfgdas.t12z.sfcf003.nc', 'enkfgdas.20220505/12/mem069/model/atmos/history/enkfgdas.t12z.atmf006.nc', 'enkfgdas.20220505/12/mem069/model/atmos/history/enkfgdas.t12z.sfcf006.nc', 'enkfgdas.20220505/12/mem069/model/atmos/history/enkfgdas.t12z.atmf009.nc', 'enkfgdas.20220505/12/mem069/model/atmos/history/enkfgdas.t12z.sfcf009.nc', 'enkfgdas.20220505/12/mem069/analysis/atmos/enkfgdas.t12z.ratminc.nc', 'enkfgdas.20220505/12/mem069/analysis/atmos/enkfgdas.t12z.sfci006.nc', 'enkfgdas.20220505/12/mem070/model/atmos/history/enkfgdas.t12z.atmf003.nc', 'enkfgdas.20220505/12/mem070/model/atmos/history/enkfgdas.t12z.sfcf003.nc', 'enkfgdas.20220505/12/mem070/model/atmos/history/enkfgdas.t12z.atmf006.nc', 'enkfgdas.20220505/12/mem070/model/atmos/history/enkfgdas.t12z.sfcf006.nc', 'enkfgdas.20220505/12/mem070/model/atmos/history/enkfgdas.t12z.atmf009.nc', 'enkfgdas.20220505/12/mem070/model/atmos/history/enkfgdas.t12z.sfcf009.nc', 'enkfgdas.20220505/12/mem070/analysis/atmos/enkfgdas.t12z.ratminc.nc', 'enkfgdas.20220505/12/mem070/analysis/atmos/enkfgdas.t12z.sfci006.nc', 'enkfgdas.20220505/12/mem071/model/atmos/history/enkfgdas.t12z.atmf003.nc', 'enkfgdas.20220505/12/mem071/model/atmos/history/enkfgdas.t12z.sfcf003.nc', 'enkfgdas.20220505/12/mem071/model/atmos/history/enkfgdas.t12z.atmf006.nc', 'enkfgdas.20220505/12/mem071/model/atmos/history/enkfgdas.t12z.sfcf006.nc', 'enkfgdas.20220505/12/mem071/model/atmos/history/enkfgdas.t12z.atmf009.nc', 'enkfgdas.20220505/12/mem071/model/atmos/history/enkfgdas.t12z.sfcf009.nc', 'enkfgdas.20220505/12/mem071/analysis/atmos/enkfgdas.t12z.ratminc.nc', 'enkfgdas.20220505/12/mem071/analysis/atmos/enkfgdas.t12z.sfci006.nc', 'enkfgdas.20220505/12/mem072/model/atmos/history/enkfgdas.t12z.atmf003.nc', 'enkfgdas.20220505/12/mem072/model/atmos/history/enkfgdas.t12z.sfcf003.nc', 'enkfgdas.20220505/12/mem072/model/atmos/history/enkfgdas.t12z.atmf006.nc', 'enkfgdas.20220505/12/mem072/model/atmos/history/enkfgdas.t12z.sfcf006.nc', 'enkfgdas.20220505/12/mem072/model/atmos/history/enkfgdas.t12z.atmf009.nc', 'enkfgdas.20220505/12/mem072/model/atmos/history/enkfgdas.t12z.sfcf009.nc', 'enkfgdas.20220505/12/mem072/analysis/atmos/enkfgdas.t12z.ratminc.nc', 'enkfgdas.20220505/12/mem072/analysis/atmos/enkfgdas.t12z.sfci006.nc', 'enkfgdas.20220505/12/mem073/model/atmos/history/enkfgdas.t12z.atmf003.nc', 'enkfgdas.20220505/12/mem073/model/atmos/history/enkfgdas.t12z.sfcf003.nc', 'enkfgdas.20220505/12/mem073/model/atmos/history/enkfgdas.t12z.atmf006.nc', 'enkfgdas.20220505/12/mem073/model/atmos/history/enkfgdas.t12z.sfcf006.nc', 'enkfgdas.20220505/12/mem073/model/atmos/history/enkfgdas.t12z.atmf009.nc', 'enkfgdas.20220505/12/mem073/model/atmos/history/enkfgdas.t12z.sfcf009.nc', 'enkfgdas.20220505/12/mem073/analysis/atmos/enkfgdas.t12z.ratminc.nc', 'enkfgdas.20220505/12/mem073/analysis/atmos/enkfgdas.t12z.sfci006.nc', 'enkfgdas.20220505/12/mem074/model/atmos/history/enkfgdas.t12z.atmf003.nc', 'enkfgdas.20220505/12/mem074/model/atmos/history/enkfgdas.t12z.sfcf003.nc', 'enkfgdas.20220505/12/mem074/model/atmos/history/enkfgdas.t12z.atmf006.nc', 'enkfgdas.20220505/12/mem074/model/atmos/history/enkfgdas.t12z.sfcf006.nc', 'enkfgdas.20220505/12/mem074/model/atmos/history/enkfgdas.t12z.atmf009.nc', 'enkfgdas.20220505/12/mem074/model/atmos/history/enkfgdas.t12z.sfcf009.nc', 'enkfgdas.20220505/12/mem074/analysis/atmos/enkfgdas.t12z.ratminc.nc', 'enkfgdas.20220505/12/mem074/analysis/atmos/enkfgdas.t12z.sfci006.nc', 'enkfgdas.20220505/12/mem075/model/atmos/history/enkfgdas.t12z.atmf003.nc', 'enkfgdas.20220505/12/mem075/model/atmos/history/enkfgdas.t12z.sfcf003.nc', 'enkfgdas.20220505/12/mem075/model/atmos/history/enkfgdas.t12z.atmf006.nc', 'enkfgdas.20220505/12/mem075/model/atmos/history/enkfgdas.t12z.sfcf006.nc', 'enkfgdas.20220505/12/mem075/model/atmos/history/enkfgdas.t12z.atmf009.nc', 'enkfgdas.20220505/12/mem075/model/atmos/history/enkfgdas.t12z.sfcf009.nc', 'enkfgdas.20220505/12/mem075/analysis/atmos/enkfgdas.t12z.ratminc.nc', 'enkfgdas.20220505/12/mem075/analysis/atmos/enkfgdas.t12z.sfci006.nc', 'enkfgdas.20220505/12/mem076/model/atmos/history/enkfgdas.t12z.atmf003.nc', 'enkfgdas.20220505/12/mem076/model/atmos/history/enkfgdas.t12z.sfcf003.nc', 'enkfgdas.20220505/12/mem076/model/atmos/history/enkfgdas.t12z.atmf006.nc', 'enkfgdas.20220505/12/mem076/model/atmos/history/enkfgdas.t12z.sfcf006.nc', 'enkfgdas.20220505/12/mem076/model/atmos/history/enkfgdas.t12z.atmf009.nc', 'enkfgdas.20220505/12/mem076/model/atmos/history/enkfgdas.t12z.sfcf009.nc', 'enkfgdas.20220505/12/mem076/analysis/atmos/enkfgdas.t12z.ratminc.nc', 'enkfgdas.20220505/12/mem076/analysis/atmos/enkfgdas.t12z.sfci006.nc', 'enkfgdas.20220505/12/mem077/model/atmos/history/enkfgdas.t12z.atmf003.nc', 'enkfgdas.20220505/12/mem077/model/atmos/history/enkfgdas.t12z.sfcf003.nc', 'enkfgdas.20220505/12/mem077/model/atmos/history/enkfgdas.t12z.atmf006.nc', 'enkfgdas.20220505/12/mem077/model/atmos/history/enkfgdas.t12z.sfcf006.nc', 'enkfgdas.20220505/12/mem077/model/atmos/history/enkfgdas.t12z.atmf009.nc', 'enkfgdas.20220505/12/mem077/model/atmos/history/enkfgdas.t12z.sfcf009.nc', 'enkfgdas.20220505/12/mem077/analysis/atmos/enkfgdas.t12z.ratminc.nc', 'enkfgdas.20220505/12/mem077/analysis/atmos/enkfgdas.t12z.sfci006.nc', 'enkfgdas.20220505/12/mem078/model/atmos/history/enkfgdas.t12z.atmf003.nc', 'enkfgdas.20220505/12/mem078/model/atmos/history/enkfgdas.t12z.sfcf003.nc', 'enkfgdas.20220505/12/mem078/model/atmos/history/enkfgdas.t12z.atmf006.nc', 'enkfgdas.20220505/12/mem078/model/atmos/history/enkfgdas.t12z.sfcf006.nc', 'enkfgdas.20220505/12/mem078/model/atmos/history/enkfgdas.t12z.atmf009.nc', 'enkfgdas.20220505/12/mem078/model/atmos/history/enkfgdas.t12z.sfcf009.nc', 'enkfgdas.20220505/12/mem078/analysis/atmos/enkfgdas.t12z.ratminc.nc', 'enkfgdas.20220505/12/mem078/analysis/atmos/enkfgdas.t12z.sfci006.nc', 'enkfgdas.20220505/12/mem079/model/atmos/history/enkfgdas.t12z.atmf003.nc', 'enkfgdas.20220505/12/mem079/model/atmos/history/enkfgdas.t12z.sfcf003.nc', 'enkfgdas.20220505/12/mem079/model/atmos/history/enkfgdas.t12z.atmf006.nc', 'enkfgdas.20220505/12/mem079/model/atmos/history/enkfgdas.t12z.sfcf006.nc', 'enkfgdas.20220505/12/mem079/model/atmos/history/enkfgdas.t12z.atmf009.nc', 'enkfgdas.20220505/12/mem079/model/atmos/history/enkfgdas.t12z.sfcf009.nc', 'enkfgdas.20220505/12/mem079/analysis/atmos/enkfgdas.t12z.ratminc.nc', 'enkfgdas.20220505/12/mem079/analysis/atmos/enkfgdas.t12z.sfci006.nc', 'enkfgdas.20220505/12/mem080/model/atmos/history/enkfgdas.t12z.atmf003.nc', 'enkfgdas.20220505/12/mem080/model/atmos/history/enkfgdas.t12z.sfcf003.nc', 'enkfgdas.20220505/12/mem080/model/atmos/history/enkfgdas.t12z.atmf006.nc', 'enkfgdas.20220505/12/mem080/model/atmos/history/enkfgdas.t12z.sfcf006.nc', 'enkfgdas.20220505/12/mem080/model/atmos/history/enkfgdas.t12z.atmf009.nc', 'enkfgdas.20220505/12/mem080/model/atmos/history/enkfgdas.t12z.sfcf009.nc', 'enkfgdas.20220505/12/mem080/analysis/atmos/enkfgdas.t12z.ratminc.nc', 'enkfgdas.20220505/12/mem080/analysis/atmos/enkfgdas.t12z.sfci006.nc'], 'has_rstprod': False} )[0m
[connecting to hpsscore1.fairmont.rdhpcs.noaa.gov/1217]
Using dtn05.ncrc.gov for data hostname
HTAR: a   enkfgdas.20220505/12/mem061/model/atmos/history/enkfgdas.t12z.atmf003.nc
HTAR: a   enkfgdas.20220505/12/mem061/model/atmos/history/enkfgdas.t12z.sfcf003.nc
HTAR: a   enkfgdas.20220505/12/mem061/model/atmos/history/enkfgdas.t12z.atmf006.nc
HTAR: a   enkfgdas.20220505/12/mem061/model/atmos/history/enkfgdas.t12z.sfcf006.nc
HTAR: a   enkfgdas.20220505/12/mem061/model/atmos/history/enkfgdas.t12z.atmf009.nc
HTAR: a   enkfgdas.20220505/12/mem061/model/atmos/history/enkfgdas.t12z.sfcf009.nc
HTAR: a   enkfgdas.20220505/12/mem061/analysis/atmos/enkfgdas.t12z.ratminc.nc
HTAR: a   enkfgdas.20220505/12/mem061/analysis/atmos/enkfgdas.t12z.sfci006.nc
HTAR: a   enkfgdas.20220505/12/mem062/model/atmos/history/enkfgdas.t12z.atmf003.nc
HTAR: a   enkfgdas.20220505/12/mem062/model/atmos/history/enkfgdas.t12z.sfcf003.nc
HTAR: a   enkfgdas.20220505/12/mem062/model/atmos/history/enkfgdas.t12z.atmf006.nc
HTAR: a   enkfgdas.20220505/12/mem062/model/atmos/history/enkfgdas.t12z.sfcf006.nc
HTAR: a   enkfgdas.20220505/12/mem062/model/atmos/history/enkfgdas.t12z.atmf009.nc
HTAR: a   enkfgdas.20220505/12/mem062/model/atmos/history/enkfgdas.t12z.sfcf009.nc
HTAR: a   enkfgdas.20220505/12/mem062/analysis/atmos/enkfgdas.t12z.ratminc.nc
HTAR: a   enkfgdas.20220505/12/mem062/analysis/atmos/enkfgdas.t12z.sfci006.nc
HTAR: a   enkfgdas.20220505/12/mem063/model/atmos/history/enkfgdas.t12z.atmf003.nc
HTAR: a   enkfgdas.20220505/12/mem063/model/atmos/history/enkfgdas.t12z.sfcf003.nc
HTAR: a   enkfgdas.20220505/12/mem063/model/atmos/history/enkfgdas.t12z.atmf006.nc
HTAR: a   enkfgdas.20220505/12/mem063/model/atmos/history/enkfgdas.t12z.sfcf006.nc
HTAR: a   enkfgdas.20220505/12/mem063/model/atmos/history/enkfgdas.t12z.atmf009.nc
HTAR: a   enkfgdas.20220505/12/mem063/model/atmos/history/enkfgdas.t12z.sfcf009.nc
HTAR: a   enkfgdas.20220505/12/mem063/analysis/atmos/enkfgdas.t12z.ratminc.nc
HTAR: a   enkfgdas.20220505/12/mem063/analysis/atmos/enkfgdas.t12z.sfci006.nc
HTAR: a   enkfgdas.20220505/12/mem064/model/atmos/history/enkfgdas.t12z.atmf003.nc
HTAR: a   enkfgdas.20220505/12/mem064/model/atmos/history/enkfgdas.t12z.sfcf003.nc
HTAR: a   enkfgdas.20220505/12/mem064/model/atmos/history/enkfgdas.t12z.atmf006.nc
HTAR: a   enkfgdas.20220505/12/mem064/model/atmos/history/enkfgdas.t12z.sfcf006.nc
HTAR: a   enkfgdas.20220505/12/mem064/model/atmos/history/enkfgdas.t12z.atmf009.nc
HTAR: a   enkfgdas.20220505/12/mem064/model/atmos/history/enkfgdas.t12z.sfcf009.nc
HTAR: a   enkfgdas.20220505/12/mem064/analysis/atmos/enkfgdas.t12z.ratminc.nc
HTAR: a   enkfgdas.20220505/12/mem064/analysis/atmos/enkfgdas.t12z.sfci006.nc
HTAR: a   enkfgdas.20220505/12/mem065/model/atmos/history/enkfgdas.t12z.atmf003.nc
HTAR: a   enkfgdas.20220505/12/mem065/model/atmos/history/enkfgdas.t12z.sfcf003.nc
HTAR: a   enkfgdas.20220505/12/mem065/model/atmos/history/enkfgdas.t12z.atmf006.nc
HTAR: a   enkfgdas.20220505/12/mem065/model/atmos/history/enkfgdas.t12z.sfcf006.nc
HTAR: a   enkfgdas.20220505/12/mem065/model/atmos/history/enkfgdas.t12z.atmf009.nc
HTAR: a   enkfgdas.20220505/12/mem065/model/atmos/history/enkfgdas.t12z.sfcf009.nc
HTAR: a   enkfgdas.20220505/12/mem065/analysis/atmos/enkfgdas.t12z.ratminc.nc
HTAR: a   enkfgdas.20220505/12/mem065/analysis/atmos/enkfgdas.t12z.sfci006.nc
HTAR: a   enkfgdas.20220505/12/mem066/model/atmos/history/enkfgdas.t12z.atmf003.nc
HTAR: a   enkfgdas.20220505/12/mem066/model/atmos/history/enkfgdas.t12z.sfcf003.nc
HTAR: a   enkfgdas.20220505/12/mem066/model/atmos/history/enkfgdas.t12z.atmf006.nc
HTAR: a   enkfgdas.20220505/12/mem066/model/atmos/history/enkfgdas.t12z.sfcf006.nc
HTAR: a   enkfgdas.20220505/12/mem066/model/atmos/history/enkfgdas.t12z.atmf009.nc
HTAR: a   enkfgdas.20220505/12/mem066/model/atmos/history/enkfgdas.t12z.sfcf009.nc
HTAR: a   enkfgdas.20220505/12/mem066/analysis/atmos/enkfgdas.t12z.ratminc.nc
HTAR: a   enkfgdas.20220505/12/mem066/analysis/atmos/enkfgdas.t12z.sfci006.nc
HTAR: a   enkfgdas.20220505/12/mem067/model/atmos/history/enkfgdas.t12z.atmf003.nc
HTAR: a   enkfgdas.20220505/12/mem067/model/atmos/history/enkfgdas.t12z.sfcf003.nc
HTAR: a   enkfgdas.20220505/12/mem067/model/atmos/history/enkfgdas.t12z.atmf006.nc
HTAR: a   enkfgdas.20220505/12/mem067/model/atmos/history/enkfgdas.t12z.sfcf006.nc
HTAR: a   enkfgdas.20220505/12/mem067/model/atmos/history/enkfgdas.t12z.atmf009.nc
HTAR: a   enkfgdas.20220505/12/mem067/model/atmos/history/enkfgdas.t12z.sfcf009.nc
HTAR: a   enkfgdas.20220505/12/mem067/analysis/atmos/enkfgdas.t12z.ratminc.nc
HTAR: a   enkfgdas.20220505/12/mem067/analysis/atmos/enkfgdas.t12z.sfci006.nc
HTAR: a   enkfgdas.20220505/12/mem068/model/atmos/history/enkfgdas.t12z.atmf003.nc
HTAR: a   enkfgdas.20220505/12/mem068/model/atmos/history/enkfgdas.t12z.sfcf003.nc
HTAR: a   enkfgdas.20220505/12/mem068/model/atmos/history/enkfgdas.t12z.atmf006.nc
HTAR: a   enkfgdas.20220505/12/mem068/model/atmos/history/enkfgdas.t12z.sfcf006.nc
HTAR: a   enkfgdas.20220505/12/mem068/model/atmos/history/enkfgdas.t12z.atmf009.nc
HTAR: a   enkfgdas.20220505/12/mem068/model/atmos/history/enkfgdas.t12z.sfcf009.nc
HTAR: a   enkfgdas.20220505/12/mem068/analysis/atmos/enkfgdas.t12z.ratminc.nc
HTAR: a   enkfgdas.20220505/12/mem068/analysis/atmos/enkfgdas.t12z.sfci006.nc
HTAR: a   enkfgdas.20220505/12/mem069/model/atmos/history/enkfgdas.t12z.atmf003.nc
HTAR: a   enkfgdas.20220505/12/mem069/model/atmos/history/enkfgdas.t12z.sfcf003.nc
HTAR: a   enkfgdas.20220505/12/mem069/model/atmos/history/enkfgdas.t12z.atmf006.nc
HTAR: a   enkfgdas.20220505/12/mem069/model/atmos/history/enkfgdas.t12z.sfcf006.nc
HTAR: a   enkfgdas.20220505/12/mem069/model/atmos/history/enkfgdas.t12z.atmf009.nc
HTAR: a   enkfgdas.20220505/12/mem069/model/atmos/history/enkfgdas.t12z.sfcf009.nc
HTAR: a   enkfgdas.20220505/12/mem069/analysis/atmos/enkfgdas.t12z.ratminc.nc
HTAR: a   enkfgdas.20220505/12/mem069/analysis/atmos/enkfgdas.t12z.sfci006.nc
HTAR: a   enkfgdas.20220505/12/mem070/model/atmos/history/enkfgdas.t12z.atmf003.nc
HTAR: a   enkfgdas.20220505/12/mem070/model/atmos/history/enkfgdas.t12z.sfcf003.nc
HTAR: a   enkfgdas.20220505/12/mem070/model/atmos/history/enkfgdas.t12z.atmf006.nc
HTAR: a   enkfgdas.20220505/12/mem070/model/atmos/history/enkfgdas.t12z.sfcf006.nc
HTAR: a   enkfgdas.20220505/12/mem070/model/atmos/history/enkfgdas.t12z.atmf009.nc
HTAR: a   enkfgdas.20220505/12/mem070/model/atmos/history/enkfgdas.t12z.sfcf009.nc
HTAR: a   enkfgdas.20220505/12/mem070/analysis/atmos/enkfgdas.t12z.ratminc.nc
HTAR: a   enkfgdas.20220505/12/mem070/analysis/atmos/enkfgdas.t12z.sfci006.nc
HTAR: a   enkfgdas.20220505/12/mem071/model/atmos/history/enkfgdas.t12z.atmf003.nc
HTAR: a   enkfgdas.20220505/12/mem071/model/atmos/history/enkfgdas.t12z.sfcf003.nc
HTAR: a   enkfgdas.20220505/12/mem071/model/atmos/history/enkfgdas.t12z.atmf006.nc
HTAR: a   enkfgdas.20220505/12/mem071/model/atmos/history/enkfgdas.t12z.sfcf006.nc
HTAR: a   enkfgdas.20220505/12/mem071/model/atmos/history/enkfgdas.t12z.atmf009.nc
HTAR: a   enkfgdas.20220505/12/mem071/model/atmos/history/enkfgdas.t12z.sfcf009.nc
HTAR: a   enkfgdas.20220505/12/mem071/analysis/atmos/enkfgdas.t12z.ratminc.nc
HTAR: a   enkfgdas.20220505/12/mem071/analysis/atmos/enkfgdas.t12z.sfci006.nc
HTAR: a   enkfgdas.20220505/12/mem072/model/atmos/history/enkfgdas.t12z.atmf003.nc
HTAR: a   enkfgdas.20220505/12/mem072/model/atmos/history/enkfgdas.t12z.sfcf003.nc
HTAR: a   enkfgdas.20220505/12/mem072/model/atmos/history/enkfgdas.t12z.atmf006.nc
HTAR: a   enkfgdas.20220505/12/mem072/model/atmos/history/enkfgdas.t12z.sfcf006.nc
HTAR: a   enkfgdas.20220505/12/mem072/model/atmos/history/enkfgdas.t12z.atmf009.nc
HTAR: a   enkfgdas.20220505/12/mem072/model/atmos/history/enkfgdas.t12z.sfcf009.nc
HTAR: a   enkfgdas.20220505/12/mem072/analysis/atmos/enkfgdas.t12z.ratminc.nc
HTAR: a   enkfgdas.20220505/12/mem072/analysis/atmos/enkfgdas.t12z.sfci006.nc
HTAR: a   enkfgdas.20220505/12/mem073/model/atmos/history/enkfgdas.t12z.atmf003.nc
HTAR: a   enkfgdas.20220505/12/mem073/model/atmos/history/enkfgdas.t12z.sfcf003.nc
HTAR: a   enkfgdas.20220505/12/mem073/model/atmos/history/enkfgdas.t12z.atmf006.nc
HTAR: a   enkfgdas.20220505/12/mem073/model/atmos/history/enkfgdas.t12z.sfcf006.nc
HTAR: a   enkfgdas.20220505/12/mem073/model/atmos/history/enkfgdas.t12z.atmf009.nc
HTAR: a   enkfgdas.20220505/12/mem073/model/atmos/history/enkfgdas.t12z.sfcf009.nc
HTAR: a   enkfgdas.20220505/12/mem073/analysis/atmos/enkfgdas.t12z.ratminc.nc
HTAR: a   enkfgdas.20220505/12/mem073/analysis/atmos/enkfgdas.t12z.sfci006.nc
HTAR: a   enkfgdas.20220505/12/mem074/model/atmos/history/enkfgdas.t12z.atmf003.nc
HTAR: a   enkfgdas.20220505/12/mem074/model/atmos/history/enkfgdas.t12z.sfcf003.nc
HTAR: a   enkfgdas.20220505/12/mem074/model/atmos/history/enkfgdas.t12z.atmf006.nc
HTAR: a   enkfgdas.20220505/12/mem074/model/atmos/history/enkfgdas.t12z.sfcf006.nc
HTAR: a   enkfgdas.20220505/12/mem074/model/atmos/history/enkfgdas.t12z.atmf009.nc
HTAR: a   enkfgdas.20220505/12/mem074/model/atmos/history/enkfgdas.t12z.sfcf009.nc
HTAR: a   enkfgdas.20220505/12/mem074/analysis/atmos/enkfgdas.t12z.ratminc.nc
HTAR: a   enkfgdas.20220505/12/mem074/analysis/atmos/enkfgdas.t12z.sfci006.nc
HTAR: a   enkfgdas.20220505/12/mem075/model/atmos/history/enkfgdas.t12z.atmf003.nc
HTAR: a   enkfgdas.20220505/12/mem075/model/atmos/history/enkfgdas.t12z.sfcf003.nc
HTAR: a   enkfgdas.20220505/12/mem075/model/atmos/history/enkfgdas.t12z.atmf006.nc
HTAR: a   enkfgdas.20220505/12/mem075/model/atmos/history/enkfgdas.t12z.sfcf006.nc
HTAR: a   enkfgdas.20220505/12/mem075/model/atmos/history/enkfgdas.t12z.atmf009.nc
HTAR: a   enkfgdas.20220505/12/mem075/model/atmos/history/enkfgdas.t12z.sfcf009.nc
HTAR: a   enkfgdas.20220505/12/mem075/analysis/atmos/enkfgdas.t12z.ratminc.nc
HTAR: a   enkfgdas.20220505/12/mem075/analysis/atmos/enkfgdas.t12z.sfci006.nc
HTAR: a   enkfgdas.20220505/12/mem076/model/atmos/history/enkfgdas.t12z.atmf003.nc
HTAR: a   enkfgdas.20220505/12/mem076/model/atmos/history/enkfgdas.t12z.sfcf003.nc
HTAR: a   enkfgdas.20220505/12/mem076/model/atmos/history/enkfgdas.t12z.atmf006.nc
HTAR: a   enkfgdas.20220505/12/mem076/model/atmos/history/enkfgdas.t12z.sfcf006.nc
HTAR: a   enkfgdas.20220505/12/mem076/model/atmos/history/enkfgdas.t12z.atmf009.nc
HTAR: a   enkfgdas.20220505/12/mem076/model/atmos/history/enkfgdas.t12z.sfcf009.nc
HTAR: a   enkfgdas.20220505/12/mem076/analysis/atmos/enkfgdas.t12z.ratminc.nc
HTAR: a   enkfgdas.20220505/12/mem076/analysis/atmos/enkfgdas.t12z.sfci006.nc
HTAR: a   enkfgdas.20220505/12/mem077/model/atmos/history/enkfgdas.t12z.atmf003.nc
HTAR: a   enkfgdas.20220505/12/mem077/model/atmos/history/enkfgdas.t12z.sfcf003.nc
HTAR: a   enkfgdas.20220505/12/mem077/model/atmos/history/enkfgdas.t12z.atmf006.nc
HTAR: a   enkfgdas.20220505/12/mem077/model/atmos/history/enkfgdas.t12z.sfcf006.nc
HTAR: a   enkfgdas.20220505/12/mem077/model/atmos/history/enkfgdas.t12z.atmf009.nc
HTAR: a   enkfgdas.20220505/12/mem077/model/atmos/history/enkfgdas.t12z.sfcf009.nc
HTAR: a   enkfgdas.20220505/12/mem077/analysis/atmos/enkfgdas.t12z.ratminc.nc
HTAR: a   enkfgdas.20220505/12/mem077/analysis/atmos/enkfgdas.t12z.sfci006.nc
HTAR: a   enkfgdas.20220505/12/mem078/model/atmos/history/enkfgdas.t12z.atmf003.nc
HTAR: a   enkfgdas.20220505/12/mem078/model/atmos/history/enkfgdas.t12z.sfcf003.nc
HTAR: a   enkfgdas.20220505/12/mem078/model/atmos/history/enkfgdas.t12z.atmf006.nc
HTAR: a   enkfgdas.20220505/12/mem078/model/atmos/history/enkfgdas.t12z.sfcf006.nc
HTAR: a   enkfgdas.20220505/12/mem078/model/atmos/history/enkfgdas.t12z.atmf009.nc
HTAR: a   enkfgdas.20220505/12/mem078/model/atmos/history/enkfgdas.t12z.sfcf009.nc
HTAR: a   enkfgdas.20220505/12/mem078/analysis/atmos/enkfgdas.t12z.ratminc.nc
HTAR: a   enkfgdas.20220505/12/mem078/analysis/atmos/enkfgdas.t12z.sfci006.nc
HTAR: a   enkfgdas.20220505/12/mem079/model/atmos/history/enkfgdas.t12z.atmf003.nc
HTAR: a   enkfgdas.20220505/12/mem079/model/atmos/history/enkfgdas.t12z.sfcf003.nc
HTAR: a   enkfgdas.20220505/12/mem079/model/atmos/history/enkfgdas.t12z.atmf006.nc
HTAR: a   enkfgdas.20220505/12/mem079/model/atmos/history/enkfgdas.t12z.sfcf006.nc
HTAR: a   enkfgdas.20220505/12/mem079/model/atmos/history/enkfgdas.t12z.atmf009.nc
HTAR: a   enkfgdas.20220505/12/mem079/model/atmos/history/enkfgdas.t12z.sfcf009.nc
HTAR: a   enkfgdas.20220505/12/mem079/analysis/atmos/enkfgdas.t12z.ratminc.nc
HTAR: a   enkfgdas.20220505/12/mem079/analysis/atmos/enkfgdas.t12z.sfci006.nc
HTAR: a   enkfgdas.20220505/12/mem080/model/atmos/history/enkfgdas.t12z.atmf003.nc
HTAR: a   enkfgdas.20220505/12/mem080/model/atmos/history/enkfgdas.t12z.sfcf003.nc
HTAR: a   enkfgdas.20220505/12/mem080/model/atmos/history/enkfgdas.t12z.atmf006.nc
HTAR: a   enkfgdas.20220505/12/mem080/model/atmos/history/enkfgdas.t12z.sfcf006.nc
HTAR: a   enkfgdas.20220505/12/mem080/model/atmos/history/enkfgdas.t12z.atmf009.nc
HTAR: a   enkfgdas.20220505/12/mem080/model/atmos/history/enkfgdas.t12z.sfcf009.nc
HTAR: a   enkfgdas.20220505/12/mem080/analysis/atmos/enkfgdas.t12z.ratminc.nc
HTAR: a   enkfgdas.20220505/12/mem080/analysis/atmos/enkfgdas.t12z.sfci006.nc
HTAR: a   /tmp/HTAR_CF_CHK_3562020_1752645646
HTAR Create complete for /NCEPDEV/emc-da/1year/Tseganeh.Gichamo/GAEAC6/scratch/maysoilda/2022050512/enkfgdas_grp4.tar. 200645234176 bytes written for 160 member files, max threads: 4 Transfer time: 512.127 seconds (391.788 MB/s) wallclock/user/sys: 512.656 18.599 298.064 seconds
HTAR: HTAR SUCCESSFUL
[38;21m2025-07-16 02:09:20,232 - INFO     - archive     :   END: pygfs.task.archive.execute_backup_dataset[0m
[38;5;39m2025-07-16 02:09:20,232 - DEBUG    - archive     :  returning: None[0m
[38;21m2025-07-16 02:09:20,232 - INFO     - archive     : BEGIN: pygfs.task.archive.clean[0m
[38;5;39m2025-07-16 02:09:20,232 - DEBUG    - archive     : ( <pygfs.task.archive.Archive object at 0x151e70401d90> )[0m
[38;21m2025-07-16 02:09:20,232 - INFO     - archive     :   END: pygfs.task.archive.clean[0m
[38;5;39m2025-07-16 02:09:20,232 - DEBUG    - archive     :  returning: None[0m
[38;21m2025-07-16 02:09:20,240 - INFO     - root        :   END: __main__.main[0m
[38;5;39m2025-07-16 02:09:20,240 - DEBUG    - root        :  returning: None[0m
+ JGLOBAL_ENS_ARCHIVE_TARS[27]export err=0
+ JGLOBAL_ENS_ARCHIVE_TARS[27]err=0
+ JGLOBAL_ENS_ARCHIVE_TARS[28]set +x
+ JGLOBAL_ENS_ARCHIVE_TARS[33]set_strict
+ preamble.sh[35][[ YES == \Y\E\S ]]
+ preamble.sh[37]set -eu
+ JGLOBAL_ENS_ARCHIVE_TARS[44][[ -e OUTPUT.3560433 ]]
+ JGLOBAL_ENS_ARCHIVE_TARS[52]cd /gpfs/f6/gfs-cpu/world-shared/Tseganeh.Gichamo/RUNDIRS/maysoilda/enkfgdas.2022050512
+ JGLOBAL_ENS_ARCHIVE_TARS[53][[ NO == \N\O ]]
+ JGLOBAL_ENS_ARCHIVE_TARS[54]rm -rf /gpfs/f6/gfs-cpu/world-shared/Tseganeh.Gichamo/RUNDIRS/maysoilda/enkfgdas.2022050512/earc_tars.3560393
+ JGLOBAL_ENS_ARCHIVE_TARS[57]exit 0
+ JGLOBAL_ENS_ARCHIVE_TARS[1]postamble /gpfs/f6/gfs-cpu/scratch/Tseganeh.Gichamo/global-workflow/jobs/JGLOBAL_ENS_ARCHIVE_TARS 1752645626 0
+ preamble.sh[62]set +x
End /gpfs/f6/gfs-cpu/scratch/Tseganeh.Gichamo/global-workflow/jobs/JGLOBAL_ENS_ARCHIVE_TARS at 06:09:20 with error code 0 (time elapsed: 00:08:54)
+ status=0
+ exit 0
